date,google_trends,twitter,ensemble_trend,harmonic_p,Holm_pval(alpha=0.05),up/down trend,date
2020-02-02,1,1,1,7.0844883503348e-21,5.285028309349761e-18,1,2020-02-02
2020-02-03,1,1,1,3.402785358037557e-19,2.3411163263298393e-16,1,2020-02-03
2020-02-04,1,1,1,1.0343912196973785e-17,6.268410791366114e-15,1,2020-02-04
2020-02-05,1,1,1,1.6352855074707354e-16,8.947396102642285e-14,1,2020-02-05
2020-02-06,1,1,1,1.1642816206738404e-15,5.635123044061388e-13,1,2020-02-06
2020-02-07,1,1,1,4.334464775055829e-15,1.9461746840000674e-12,1,2020-02-07
2020-02-08,1,1,1,1.3442265405973281e-14,5.780174124568511e-12,1,2020-02-08
2020-02-09,1,1,1,1.8661817296657032e-14,7.819301447299297e-12,1,2020-02-09
2020-02-10,1,1,1,1.1501743136651487e-14,4.980254778170094e-12,1,2020-02-10
2020-02-11,0,1,0,100.0,1.0,0,2020-02-11
2020-02-12,0,1,0,100.0,1.0,0,2020-02-12
2020-02-13,0,1,0,100.0,1.0,0,2020-02-13
2020-02-14,-1,1,0,100.0,1.0,0,2020-02-14
2020-02-15,-1,1,0,100.0,1.0,0,2020-02-15
2020-02-16,-1,1,0,100.0,1.0,0,2020-02-16
2020-02-17,-1,1,0,100.0,1.0,0,2020-02-17
2020-02-18,-1,1,0,100.0,1.0,0,2020-02-18
2020-02-19,-1,1,0,100.0,1.0,0,2020-02-19
2020-02-20,-1,1,0,100.0,1.0,0,2020-02-20
2020-02-21,-1,1,0,100.0,1.0,0,2020-02-21
2020-02-22,-1,1,0,100.0,1.0,0,2020-02-22
2020-02-23,-1,1,0,100.0,1.0,0,2020-02-23
2020-02-24,-1,1,0,100.0,1.0,0,2020-02-24
2020-02-25,-1,1,0,100.0,1.0,0,2020-02-25
2020-02-26,-1,1,0,100.0,1.0,0,2020-02-26
2020-02-27,-1,1,0,100.0,1.0,0,2020-02-27
2020-02-28,-1,1,0,100.0,1.0,0,2020-02-28
2020-02-29,-1,1,0,100.0,1.0,0,2020-02-29
2020-03-01,-1,1,0,100.0,1.0,0,2020-03-01
2020-03-02,-1,1,0,100.0,1.0,0,2020-03-02
2020-03-03,-1,1,0,100.0,1.0,0,2020-03-03
2020-03-04,-1,1,0,100.0,1.0,0,2020-03-04
2020-03-05,-1,1,0,100.0,1.0,0,2020-03-05
2020-03-06,-1,1,0,100.0,1.0,0,2020-03-06
2020-03-07,-1,1,0,100.0,1.0,0,2020-03-07
2020-03-08,-1,1,0,100.0,1.0,0,2020-03-08
2020-03-09,-1,1,0,100.0,1.0,0,2020-03-09
2020-03-10,-1,1,0,100.0,1.0,0,2020-03-10
2020-03-11,-1,1,0,100.0,1.0,0,2020-03-11
2020-03-12,-1,1,0,100.0,1.0,0,2020-03-12
2020-03-13,-1,1,0,100.0,1.0,0,2020-03-13
2020-03-14,-1,1,0,100.0,1.0,0,2020-03-14
2020-03-15,-1,0,0,100.0,1.0,0,2020-03-15
2020-03-16,-1,-1,-1,9.173855843267929e-20,6.513437648720229e-17,-1,2020-03-16
2020-03-17,-1,-1,-1,1.4723547896431982e-19,1.0321207075398819e-16,-1,2020-03-17
2020-03-18,-1,-1,-1,1.640034097987003e-16,8.954586175009036e-14,-1,2020-03-18
2020-03-19,-1,-1,-1,3.654404518515789e-15,1.6737172694802316e-12,-1,2020-03-19
2020-03-20,-1,-1,-1,3.4338037984327904e-14,1.3975581459621456e-11,-1,2020-03-20
2020-03-21,-1,-1,-1,3.4629267970376284e-14,1.4024853528002396e-11,-1,2020-03-21
2020-03-22,-1,-1,-1,4.5474866293504865e-15,2.0327265233196674e-12,-1,2020-03-22
2020-03-23,-1,-1,-1,1.217735592755159e-16,6.74625518386358e-14,-1,2020-03-23
2020-03-24,-1,-1,-1,2.066355653376655e-17,1.2088180572253431e-14,-1,2020-03-24
2020-03-25,-1,-1,-1,3.58717877542955e-15,1.6465150579221635e-12,-1,2020-03-25
2020-03-26,-1,-1,-1,2.442690722069119e-16,1.2995114641407713e-13,-1,2020-03-26
2020-03-27,-1,-1,-1,7.768081522966899e-16,3.860736516914549e-13,-1,2020-03-27
2020-03-28,-1,-1,-1,2.3930411437316455e-15,1.1199432552664102e-12,-1,2020-03-28
2020-03-29,-1,-1,-1,1.3565351283137623e-14,5.81953570046604e-12,-1,2020-03-29
2020-03-30,-1,-1,-1,2.2550511566796394e-13,8.614295418516222e-11,-1,2020-03-30
2020-03-31,-1,-1,-1,6.756296732906892e-15,2.9660142657461256e-12,-1,2020-03-31
2020-04-01,-1,-1,-1,1.716546842254821e-16,9.30368388502113e-14,-1,2020-04-01
2020-04-02,-1,-1,-1,2.9382450284298606e-16,1.542578639925677e-13,-1,2020-04-02
2020-04-03,-1,-1,-1,1.792514719188006e-17,1.0593761990401115e-14,-1,2020-04-03
2020-04-04,-1,-1,-1,6.815081249709879e-20,4.906858499791113e-17,-1,2020-04-04
2020-04-05,-1,-1,-1,3.40241857294747e-22,2.6879106726285012e-19,-1,2020-04-05
2020-04-06,-1,-1,-1,1.350192525737337e-24,1.1206597963619899e-21,-1,2020-04-06
2020-04-07,-1,-1,-1,2.135897986900234e-27,1.8219209828258997e-24,-1,2020-04-07
2020-04-08,-1,-1,-1,5.981994405975817e-30,5.126569205921275e-27,-1,2020-04-08
2020-04-09,0,-1,0,100.0,1.0,0,2020-04-09
2020-04-10,0,-1,0,100.0,1.0,0,2020-04-10
2020-04-11,0,-1,0,100.0,1.0,0,2020-04-11
2020-04-12,0,-1,0,100.0,1.0,0,2020-04-12
2020-04-13,-1,-1,-1,2.1878246220225085e-19,1.518350287683621e-16,-1,2020-04-13
2020-04-14,-1,-1,-1,4.578960809860945e-20,3.3426413911984896e-17,-1,2020-04-14
2020-04-15,-1,-1,-1,3.0460584035477017e-21,2.3241425619068963e-18,-1,2020-04-15
2020-04-16,-1,-1,-1,1.5235067352828505e-22,1.2157583747557147e-19,-1,2020-04-16
2020-04-17,-1,-1,-1,5.717265862503007e-24,4.711027070702478e-21,-1,2020-04-17
2020-04-18,-1,-1,-1,3.806525453374038e-25,3.182255279020696e-22,-1,2020-04-18
2020-04-19,-1,-1,-1,6.231088983289001e-26,5.2528080129126276e-23,-1,2020-04-19
2020-04-20,-1,-1,-1,5.649191054953428e-26,4.7735664414356466e-23,-1,2020-04-20
2020-04-21,-1,-1,-1,1.784709923564029e-25,1.4955869159466561e-22,-1,2020-04-21
2020-04-22,-1,-1,-1,8.471789647051882e-25,7.057000775994218e-22,-1,2020-04-22
2020-04-23,-1,-1,-1,5.91314719957062e-24,4.8606069980470494e-21,-1,2020-04-23
2020-04-24,-1,-1,-1,6.330391881021366e-23,5.127617423627307e-20,-1,2020-04-24
2020-04-25,0,-1,0,100.0,1.0,0,2020-04-25
2020-04-26,1,-1,0,100.0,1.0,0,2020-04-26
2020-04-27,-1,-1,-1,3.697391062319574e-20,2.7212798218672063e-17,-1,2020-04-27
2020-04-28,-1,-1,-1,8.633463058404313e-20,6.155659160642276e-17,-1,2020-04-28
2020-04-29,-1,-1,-1,7.752826064498007e-20,5.551023462180573e-17,-1,2020-04-29
2020-04-30,0,-1,0,100.0,1.0,0,2020-04-30
2020-05-01,0,-1,0,100.0,1.0,0,2020-05-01
2020-05-02,0,-1,0,100.0,1.0,0,2020-05-02
2020-05-03,-1,-1,-1,8.489811854369319e-19,5.662704506864336e-16,-1,2020-05-03
2020-05-04,-1,-1,-1,4.2611903877516676e-20,3.114930173446469e-17,-1,2020-05-04
2020-05-05,-1,-1,-1,3.4155056504911473e-23,2.7768060938493027e-20,-1,2020-05-05
2020-05-06,-1,-1,-1,5.258119090115366e-24,4.343206368435292e-21,-1,2020-05-06
2020-05-07,-1,-1,-1,2.861131244924518e-22,2.2631548147352936e-19,-1,2020-05-07
2020-05-08,-1,-1,-1,4.5432157240946e-21,3.439214303139612e-18,-1,2020-05-08
2020-05-09,-1,-1,-1,6.680447441055025e-23,5.404481979813515e-20,-1,2020-05-09
2020-05-10,-1,-1,-1,1.3194851994440603e-25,1.1083675675330107e-22,-1,2020-05-10
2020-05-11,-1,-1,-1,5.713907454954081e-26,4.8225378919812447e-23,-1,2020-05-11
2020-05-12,-1,-1,-1,1.8360358807995802e-23,1.4982052787324574e-20,-1,2020-05-12
2020-05-13,-1,-1,-1,4.633241713075184e-21,3.502730735084839e-18,-1,2020-05-13
2020-05-14,-1,-1,-1,4.2928976423378834e-19,2.932049089716774e-16,-1,2020-05-14
2020-05-15,-1,-1,-1,1.1632400641969977e-17,6.979440385181986e-15,-1,2020-05-15
2020-05-16,-1,-1,-1,1.1267010669172986e-18,7.424960030984998e-16,-1,2020-05-16
2020-05-17,-1,-1,-1,1.5490271603349236e-21,1.197397994938896e-18,-1,2020-05-17
2020-05-18,-1,-1,-1,1.1222927305968424e-20,8.361080842946477e-18,-1,2020-05-18
2020-05-19,-1,-1,-1,1.4914755458884647e-21,1.1544020725176717e-18,-1,2020-05-19
2020-05-20,-1,-1,-1,5.811048995622864e-22,4.561673461563948e-19,-1,2020-05-20
2020-05-21,-1,-1,-1,1.977327406468969e-21,1.5185874481681682e-18,-1,2020-05-21
2020-05-22,-1,-1,-1,2.2351711102413922e-21,1.7076707282244236e-18,-1,2020-05-22
2020-05-23,-1,-1,-1,3.796514051195271e-20,2.7904378276285244e-17,-1,2020-05-23
2020-05-24,-1,-1,-1,3.8005196631750476e-20,2.7904378276285244e-17,-1,2020-05-24
2020-05-25,-1,-1,-1,4.861580714678162e-20,3.539230760285702e-17,-1,2020-05-25
2020-05-26,-1,-1,-1,7.373831942445453e-20,5.2944113346758355e-17,-1,2020-05-26
2020-05-27,-1,-1,-1,2.09861246379442e-20,1.5571704481354595e-17,-1,2020-05-27
2020-05-28,-1,-1,-1,7.401312883163651e-22,5.765622735984484e-19,-1,2020-05-28
2020-05-29,-1,-1,-1,7.2981207640718e-23,5.896881577370014e-20,-1,2020-05-29
2020-05-30,-1,-1,-1,2.0016209146717904e-21,1.5352432415532632e-18,-1,2020-05-30
2020-05-31,-1,-1,-1,3.9008804633466594e-19,2.6721031173924616e-16,-1,2020-05-31
2020-06-01,-1,-1,-1,6.230921884695632e-18,3.819555115318422e-15,-1,2020-06-01
2020-06-02,0,0,0,100.0,1.0,0,2020-06-02
2020-06-03,0,1,0,100.0,1.0,0,2020-06-03
2020-06-04,0,1,0,100.0,1.0,0,2020-06-04
2020-06-05,1,1,1,8.399108860158105e-26,7.072049660253124e-23,1,2020-06-05
2020-06-06,1,1,1,2.8280374807084785e-20,2.087091660762857e-17,1,2020-06-06
2020-06-07,1,1,1,1.9617424576283854e-17,1.1535045650854905e-14,1,2020-06-07
2020-06-08,1,1,1,2.5291518133549173e-19,1.7527022066549578e-16,1,2020-06-08
2020-06-09,1,1,1,1.5799592200364926e-20,1.1754896597071505e-17,1,2020-06-09
2020-06-10,1,1,1,2.8063889749385677e-19,1.9392147816825503e-16,1,2020-06-10
2020-06-11,1,1,1,3.988827580903907e-20,2.923810616802564e-17,1,2020-06-11
2020-06-12,1,1,1,4.7135029843051284e-20,3.4361436755584386e-17,1,2020-06-12
2020-06-13,1,1,1,1.1151500289425206e-18,7.371141691310061e-16,1,2020-06-13
2020-06-14,1,1,1,1.8069426059783054e-18,1.1672849234619853e-15,1,2020-06-14
2020-06-15,1,1,1,6.24712131729942e-19,4.2105597678598096e-16,1,2020-06-15
2020-06-16,1,1,1,4.941889613197609e-20,3.592753748794662e-17,1,2020-06-16
2020-06-17,1,1,1,3.3230550254021375e-20,2.4490915537213753e-17,1,2020-06-17
2020-06-18,1,1,1,5.416494974513118e-18,3.347393894249107e-15,1,2020-06-18
2020-06-19,1,1,1,7.285448314804531e-16,3.65000960571707e-13,1,2020-06-19
2020-06-20,1,1,1,1.7589523814547773e-14,7.42277904973916e-12,1,2020-06-20
2020-06-21,1,1,1,2.0704670642680188e-13,7.950593526789192e-11,1,2020-06-21
2020-06-22,1,1,1,8.114185637029513e-13,3.0265912426120084e-10,1,2020-06-22
2020-06-23,1,1,1,1.9009013424496608e-14,7.945767611439582e-12,1,2020-06-23
2020-06-24,1,1,1,5.3884783843415834e-15,2.3978728810320048e-12,1,2020-06-24
2020-06-25,1,1,1,2.6793149297960078e-14,1.1092363809355472e-11,1,2020-06-25
2020-06-26,1,1,1,5.398369186055554e-13,2.0351851831429438e-10,1,2020-06-26
2020-06-27,1,1,1,7.462991585096026e-15,3.268790314272059e-12,1,2020-06-27
2020-06-28,1,1,1,1.2852645780308703e-16,7.094660470730404e-14,1,2020-06-28
2020-06-29,1,1,1,2.297788156584711e-18,1.4751799965273844e-15,1,2020-06-29
2020-06-30,1,1,1,1.7054250327657027e-19,1.1903866728704604e-16,1,2020-06-30
2020-07-01,1,1,1,8.308451286062149e-20,5.932234218248374e-17,1,2020-07-01
2020-07-02,1,1,1,9.260479547194552e-20,6.565679998960937e-17,1,2020-07-02
2020-07-03,1,1,1,8.201928115245589e-20,5.864378602400596e-17,1,2020-07-03
2020-07-04,1,1,1,8.8684672773684e-20,6.314348701486301e-17,1,2020-07-04
2020-07-05,1,1,1,2.8338493226428656e-19,1.9553560326235771e-16,1,2020-07-05
2020-07-06,1,1,1,1.0161078326795454e-18,6.72663385233859e-16,1,2020-07-06
2020-07-07,1,1,1,1.884294619561667e-18,1.2153700296172753e-15,1,2020-07-07
2020-07-08,1,1,1,2.358889521705572e-18,1.5120481834132717e-15,1,2020-07-08
2020-07-09,1,1,1,1.6721816673881733e-18,1.0835737204675363e-15,1,2020-07-09
2020-07-10,0,1,0,100.0,1.0,0,2020-07-10
2020-07-11,0,1,0,100.0,1.0,0,2020-07-11
2020-07-12,0,1,0,100.0,1.0,0,2020-07-12
2020-07-13,1,1,1,8.433408379274432e-19,5.633516797355321e-16,1,2020-07-13
2020-07-14,1,1,1,3.373998655280886e-16,1.7477313034354988e-13,1,2020-07-14
2020-07-15,1,1,1,3.2478803923167376e-14,1.3283830804575457e-11,1,2020-07-15
2020-07-16,1,1,1,1.3733683982662502e-13,5.328669385273051e-11,1,2020-07-16
2020-07-17,1,1,1,2.698006416629178e-13,1.0279404447357168e-10,1,2020-07-17
2020-07-18,1,1,1,3.907292373632676e-14,1.5746388265739684e-11,1,2020-07-18
2020-07-19,1,1,1,7.380116163651775e-16,3.685051638861359e-13,1,2020-07-19
2020-07-20,1,1,1,2.269228631665051e-17,1.3252295208923898e-14,1,2020-07-20
2020-07-21,1,1,1,1.470082911125237e-18,9.599641409647798e-16,1,2020-07-21
2020-07-22,1,1,1,3.638208302294694e-21,2.765038309743967e-18,1,2020-07-22
2020-07-23,1,1,1,2.0350717607501908e-22,1.6199171215571518e-19,1,2020-07-23
2020-07-24,1,1,1,2.3702700774374155e-22,1.8843647115627453e-19,1,2020-07-24
2020-07-25,1,1,1,2.5066318748052393e-22,1.99026570859536e-19,1,2020-07-25
2020-07-26,1,1,1,6.253782362897691e-22,4.8967115901488925e-19,1,2020-07-26
2020-07-27,1,1,1,1.1792674591891372e-19,8.290250238099635e-17,1,2020-07-27
2020-07-28,1,1,1,1.580082047632063e-17,9.417289003887095e-15,1,2020-07-28
2020-07-29,1,1,1,5.967103255368536e-16,3.0193542472164793e-13,1,2020-07-29
2020-07-30,1,1,1,6.108411126349777e-16,3.0847476188066373e-13,1,2020-07-30
2020-07-31,1,1,1,1.6576366964367556e-15,7.923503408967692e-13,1,2020-07-31
2020-08-01,1,1,1,4.952712968010015e-16,2.540741752589138e-13,1,2020-08-01
2020-08-02,1,1,1,8.46188585578516e-17,4.747117965095475e-14,1,2020-08-02
2020-08-03,1,1,1,6.469162489213736e-18,3.959127443398806e-15,1,2020-08-03
2020-08-04,1,1,1,1.814107715025559e-19,1.2644330773728146e-16,1,2020-08-04
2020-08-05,1,1,1,5.0766428641485086e-21,3.817635433839679e-18,1,2020-08-05
2020-08-06,1,1,1,2.473106047822109e-20,1.8325715814361828e-17,1,2020-08-06
2020-08-07,1,1,1,3.637977981718683e-18,2.3028400624279267e-15,1,2020-08-07
2020-08-08,1,1,1,2.0896898269532702e-16,1.1263428167278126e-13,1,2020-08-08
2020-08-09,1,1,1,3.901910970636741e-15,1.779271402610354e-12,1,2020-08-09
2020-08-10,1,1,1,1.728890196163585e-14,7.3304944317336e-12,1,2020-08-10
2020-08-11,1,1,1,2.16361102909263e-15,1.0147335726444434e-12,1,2020-08-11
2020-08-12,1,1,1,2.89292609811165e-17,1.6634325064141988e-14,1,2020-08-12
2020-08-13,1,1,1,1.0403465065154647e-19,7.334442870934026e-17,1,2020-08-13
2020-08-14,1,1,1,1.9503855680416423e-20,1.4491364770549403e-17,1,2020-08-14
2020-08-15,1,1,1,3.2482787153399793e-18,2.0626569842408867e-15,1,2020-08-15
2020-08-16,1,1,1,2.111960092768655e-16,1.1362345299095364e-13,1,2020-08-16
2020-08-17,1,1,1,2.657012856483598e-15,1.2328539654083895e-12,1,2020-08-17
2020-08-18,1,1,1,2.7550900305647436e-16,1.4574426261687494e-13,1,2020-08-18
2020-08-19,1,1,1,2.3863612582194916e-16,1.2743169118892085e-13,1,2020-08-19
2020-08-20,1,1,1,1.6067048384513717e-15,7.712183224566585e-13,1,2020-08-20
2020-08-21,1,0,0,100.0,1.0,0,2020-08-21
2020-08-22,1,0,0,100.0,1.0,0,2020-08-22
2020-08-23,1,-1,0,100.0,1.0,0,2020-08-23
2020-08-24,1,-1,0,100.0,1.0,0,2020-08-24
2020-08-25,1,-1,0,100.0,1.0,0,2020-08-25
2020-08-26,1,-1,0,100.0,1.0,0,2020-08-26
2020-08-27,0,-1,0,100.0,1.0,0,2020-08-27
2020-08-28,0,-1,0,100.0,1.0,0,2020-08-28
2020-08-29,-1,-1,-1,4.638015512502141e-12,1.706789708600788e-09,-1,2020-08-29
2020-08-30,-1,-1,-1,2.2277539490961892e-13,8.532297625038405e-11,-1,2020-08-30
2020-08-31,-1,-1,-1,1.1251347081953858e-15,5.468154681829575e-13,-1,2020-08-31
2020-09-01,-1,-1,-1,1.4942936314802054e-18,9.74279447725094e-16,-1,2020-09-01
2020-09-02,-1,-1,-1,1.6076089922828032e-19,1.1253262945979623e-16,-1,2020-09-02
2020-09-03,-1,-1,-1,3.754695028516733e-18,2.3729672580225755e-15,-1,2020-09-03
2020-09-04,-1,-1,-1,4.4886712677644543e-17,2.5630312938935035e-14,-1,2020-09-04
2020-09-05,-1,0,0,100.0,1.0,0,2020-09-05
2020-09-06,-1,0,0,100.0,1.0,0,2020-09-06
2020-09-07,-1,1,0,100.0,1.0,0,2020-09-07
2020-09-08,-1,1,0,100.0,1.0,0,2020-09-08
2020-09-09,-1,1,0,100.0,1.0,0,2020-09-09
2020-09-10,-1,1,0,100.0,1.0,0,2020-09-10
2020-09-11,-1,1,0,100.0,1.0,0,2020-09-11
2020-09-12,-1,1,0,100.0,1.0,0,2020-09-12
2020-09-13,-1,1,0,100.0,1.0,0,2020-09-13
2020-09-14,-1,1,0,100.0,1.0,0,2020-09-14
2020-09-15,-1,1,0,100.0,1.0,0,2020-09-15
2020-09-16,-1,1,0,100.0,1.0,0,2020-09-16
2020-09-17,-1,1,0,100.0,1.0,0,2020-09-17
2020-09-18,-1,1,0,100.0,1.0,0,2020-09-18
2020-09-19,-1,1,0,100.0,1.0,0,2020-09-19
2020-09-20,-1,1,0,100.0,1.0,0,2020-09-20
2020-09-21,-1,1,0,100.0,1.0,0,2020-09-21
2020-09-22,-1,1,0,100.0,1.0,0,2020-09-22
2020-09-23,-1,1,0,100.0,1.0,0,2020-09-23
2020-09-24,-1,1,0,100.0,1.0,0,2020-09-24
2020-09-25,-1,1,0,100.0,1.0,0,2020-09-25
2020-09-26,-1,1,0,100.0,1.0,0,2020-09-26
2020-09-27,-1,1,0,100.0,1.0,0,2020-09-27
2020-09-28,0,1,0,100.0,1.0,0,2020-09-28
2020-09-29,1,1,1,1.5122590700245847e-14,6.457346229004977e-12,1,2020-09-29
2020-09-30,1,1,1,2.472653092868434e-14,1.0261510335404002e-11,1,2020-09-30
2020-10-01,1,1,1,5.504426410328097e-14,2.1852572849002544e-11,1,2020-10-01
2020-10-02,1,1,1,1.0173484120270659e-13,3.957485322785286e-11,1,2020-10-02
2020-10-03,1,1,1,1.4055199579065274e-14,6.015625419839937e-12,1,2020-10-03
2020-10-04,1,1,1,8.502470284736118e-16,4.2002203206596427e-13,1,2020-10-04
2020-10-05,1,1,1,4.0232600447713296e-15,1.8265600603261838e-12,1,2020-10-05
2020-10-06,1,1,1,4.09238396136861e-14,1.6451383524701813e-11,1,2020-10-06
2020-10-07,0,1,0,100.0,1.0,0,2020-10-07
2020-10-08,0,1,0,100.0,1.0,0,2020-10-08
2020-10-09,0,1,0,100.0,1.0,0,2020-10-09
2020-10-10,0,1,0,100.0,1.0,0,2020-10-10
2020-10-11,0,1,0,100.0,1.0,0,2020-10-11
2020-10-12,-1,1,0,100.0,1.0,0,2020-10-12
2020-10-13,0,0,0,100.0,1.0,0,2020-10-13
2020-10-14,0,0,0,100.0,1.0,0,2020-10-14
2020-10-15,0,0,0,100.0,1.0,0,2020-10-15
2020-10-16,0,-1,0,100.0,1.0,0,2020-10-16
2020-10-17,1,-1,0,100.0,1.0,0,2020-10-17
2020-10-18,1,-1,0,100.0,1.0,0,2020-10-18
2020-10-19,0,-1,0,100.0,1.0,0,2020-10-19
2020-10-20,0,-1,0,100.0,1.0,0,2020-10-20
2020-10-21,-1,-1,-1,1.601710848082313e-16,8.793392555971898e-14,-1,2020-10-21
2020-10-22,-1,-1,-1,2.4229563091747904e-17,1.4077376156305532e-14,-1,2020-10-22
2020-10-23,-1,-1,-1,2.7817952974936085e-16,1.4687879170766253e-13,-1,2020-10-23
2020-10-24,-1,-1,-1,1.8565677477841778e-15,8.837262479452686e-13,-1,2020-10-24
2020-10-25,-1,-1,-1,5.4860192013762965e-15,2.4357925254110756e-12,-1,2020-10-25
2020-10-26,-1,-1,-1,1.7382341674991695e-14,7.352730528521487e-12,-1,2020-10-26
2020-10-27,-1,-1,-1,3.210900768403993e-16,1.6760902011068845e-13,-1,2020-10-27
2020-10-28,-1,-1,-1,4.727371805775283e-14,1.8956760941158885e-11,-1,2020-10-28
2020-10-29,-1,-1,-1,1.5668370949900887e-12,5.812965622413229e-10,-1,2020-10-29
2020-10-30,-1,-1,-1,9.377478251578234e-12,3.4321570400776337e-09,-1,2020-10-30
2020-10-31,-1,-1,-1,7.285623632092701e-11,2.6373957548175578e-08,-1,2020-10-31
2020-11-01,-1,-1,-1,8.02883037264678e-12,2.9465807467613685e-09,-1,2020-11-01
2020-11-02,-1,-1,-1,5.350371708784139e-13,2.0224405059204045e-10,-1,2020-11-02
2020-11-03,-1,0,0,100.0,1.0,0,2020-11-03
2020-11-04,-1,1,0,100.0,1.0,0,2020-11-04
2020-11-05,-1,1,0,100.0,1.0,0,2020-11-05
2020-11-06,-1,1,0,100.0,1.0,0,2020-11-06
2020-11-07,-1,1,0,100.0,1.0,0,2020-11-07
2020-11-08,-1,1,0,100.0,1.0,0,2020-11-08
2020-11-09,-1,1,0,100.0,1.0,0,2020-11-09
2020-11-10,-1,1,0,100.0,1.0,0,2020-11-10
2020-11-11,-1,1,0,100.0,1.0,0,2020-11-11
2020-11-12,-1,1,0,100.0,1.0,0,2020-11-12
2020-11-13,-1,1,0,100.0,1.0,0,2020-11-13
2020-11-14,-1,1,0,100.0,1.0,0,2020-11-14
2020-11-15,-1,1,0,100.0,1.0,0,2020-11-15
2020-11-16,-1,1,0,100.0,1.0,0,2020-11-16
2020-11-17,-1,1,0,100.0,1.0,0,2020-11-17
2020-11-18,-1,1,0,100.0,1.0,0,2020-11-18
2020-11-19,-1,1,0,100.0,1.0,0,2020-11-19
2020-11-20,-1,1,0,100.0,1.0,0,2020-11-20
2020-11-21,-1,1,0,100.0,1.0,0,2020-11-21
2020-11-22,-1,1,0,100.0,1.0,0,2020-11-22
2020-11-23,-1,1,0,100.0,1.0,0,2020-11-23
2020-11-24,-1,1,0,100.0,1.0,0,2020-11-24
2020-11-25,-1,1,0,100.0,1.0,0,2020-11-25
2020-11-26,-1,1,0,100.0,1.0,0,2020-11-26
2020-11-27,1,1,1,1.009653235834012e-15,4.957397387944998e-13,1,2020-11-27
2020-11-28,1,1,1,1.7247946171346356e-16,9.331138878698379e-14,1,2020-11-28
2020-11-29,1,1,1,1.0112116420558275e-15,4.957397387944998e-13,1,2020-11-29
2020-11-30,1,1,1,1.978960484507579e-13,7.618997865354179e-11,1,2020-11-30
2020-12-01,1,1,1,7.880934409217258e-13,2.9474694690472546e-10,1,2020-12-01
2020-12-02,1,1,1,3.207279605887558e-14,1.3149846384138986e-11,1,2020-12-02
2020-12-03,1,1,1,3.9758210162236146e-15,1.8089985623817447e-12,1,2020-12-03
2020-12-04,1,1,1,3.441541766552969e-14,1.3975581459621456e-11,1,2020-12-04
2020-12-05,1,1,1,2.729596100634262e-14,1.1273231895619502e-11,1,2020-12-05
2020-12-06,1,1,1,4.1604408270057326e-15,1.880519253806591e-12,1,2020-12-06
2020-12-07,1,0,0,100.0,1.0,0,2020-12-07
2020-12-08,1,0,0,100.0,1.0,0,2020-12-08
2020-12-09,1,0,0,100.0,1.0,0,2020-12-09
2020-12-10,0,0,0,100.0,1.0,0,2020-12-10
2020-12-11,-1,-1,-1,1.4466650547292659e-11,5.265860799214528e-09,-1,2020-12-11
2020-12-12,-1,-1,-1,3.051509810157179e-11,1.107698061087056e-08,-1,2020-12-12
2020-12-13,-1,-1,-1,1.4002825019530349e-11,5.111031132128577e-09,-1,2020-12-13
2020-12-14,-1,-1,-1,4.349510707663481e-12,1.6049694511278245e-09,-1,2020-12-14
2020-12-15,-1,-1,-1,7.678273231984087e-13,2.8793524619940326e-10,-1,2020-12-15
2020-12-16,-1,-1,-1,6.303385927424398e-14,2.489837441332637e-11,-1,2020-12-16
2020-12-17,-1,-1,-1,2.9026995023256865e-14,1.193009495455857e-11,-1,2020-12-17
2020-12-18,-1,-1,-1,5.131856052937375e-14,2.0476105651220126e-11,-1,2020-12-18
2020-12-19,-1,-1,-1,2.4428799343568092e-14,1.0162380526924326e-11,-1,2020-12-19
2020-12-20,-1,-1,-1,2.0278268966118387e-15,9.591621220973997e-13,-1,2020-12-20
2020-12-21,-1,-1,-1,2.626558891455839e-15,1.221349884526965e-12,-1,2020-12-21
2020-12-22,-1,-1,-1,2.3574578187378602e-17,1.3720404505054346e-14,-1,2020-12-22
2020-12-23,-1,-1,-1,5.196731707396136e-19,3.5361434913023726e-16,-1,2020-12-23
2020-12-24,-1,-1,-1,9.33680461685957e-17,5.2192737808245e-14,-1,2020-12-24
2020-12-25,-1,-1,-1,2.7376138617359904e-14,1.127896911035228e-11,-1,2020-12-25
2020-12-26,-1,-1,-1,1.2673411094300906e-12,4.714508927079937e-10,-1,2020-12-26
2020-12-27,-1,-1,-1,1.9776665724664415e-12,7.317366318125834e-10,-1,2020-12-27
2020-12-28,-1,-1,-1,5.613489234633867e-13,2.110671952222334e-10,-1,2020-12-28
2020-12-29,-1,-1,-1,9.287976896183342e-14,3.631598966407687e-11,-1,2020-12-29
2020-12-30,-1,-1,-1,1.2890914361993712e-14,5.55598409001929e-12,-1,2020-12-30
2020-12-31,-1,-1,-1,1.0608340237230606e-15,5.187478376005766e-13,-1,2020-12-31
2021-01-01,0,-1,0,100.0,1.0,0,2021-01-01
2021-01-02,0,-1,0,100.0,1.0,0,2021-01-02
2021-01-03,-1,1,0,100.0,1.0,0,2021-01-03
2021-01-04,-1,1,0,100.0,1.0,0,2021-01-04
2021-01-05,-1,1,0,100.0,1.0,0,2021-01-05
2021-01-06,-1,1,0,100.0,1.0,0,2021-01-06
2021-01-07,-1,1,0,100.0,1.0,0,2021-01-07
2021-01-08,-1,1,0,100.0,1.0,0,2021-01-08
2021-01-09,-1,1,0,100.0,1.0,0,2021-01-09
2021-01-10,-1,1,0,100.0,1.0,0,2021-01-10
2021-01-11,-1,1,0,100.0,1.0,0,2021-01-11
2021-01-12,-1,1,0,100.0,1.0,0,2021-01-12
2021-01-13,-1,1,0,100.0,1.0,0,2021-01-13
2021-01-14,-1,1,0,100.0,1.0,0,2021-01-14
2021-01-15,-1,1,0,100.0,1.0,0,2021-01-15
2021-01-16,0,1,0,100.0,1.0,0,2021-01-16
2021-01-17,0,1,0,100.0,1.0,0,2021-01-17
2021-01-18,1,1,1,2.4448944178975618e-18,1.5627205571677107e-15,1,2021-01-18
2021-01-19,1,1,1,3.6007021744665196e-16,1.8543616198502577e-13,1,2021-01-19
2021-01-20,1,1,1,1.1379310769639275e-14,4.938620874023445e-12,1,2021-01-20
2021-01-21,0,1,0,100.0,1.0,0,2021-01-21
2021-01-22,1,1,1,6.964574813524679e-16,3.4962165563893893e-13,1,2021-01-22
2021-01-23,1,1,1,4.545930491035544e-18,2.850295337199801e-15,1,2021-01-23
2021-01-24,1,1,1,5.192574877095995e-19,3.5361434913023726e-16,1,2021-01-24
2021-01-25,1,1,1,2.287320192243295e-17,1.3335076720778411e-14,1,2021-01-25
2021-01-26,1,1,1,3.0350150581372157e-15,1.3991419418012563e-12,1,2021-01-26
2021-01-27,1,1,1,6.228437176365276e-16,3.139132336888099e-13,1,2021-01-27
2021-01-28,1,1,1,9.185316337657542e-17,5.143777149088224e-14,1,2021-01-28
2021-01-29,1,1,1,1.9693352236901916e-18,1.2682518840564834e-15,1,2021-01-29
2021-01-30,0,1,0,100.0,1.0,0,2021-01-30
2021-01-31,0,1,0,100.0,1.0,0,2021-01-31
2021-02-01,0,1,0,100.0,1.0,0,2021-02-01
2021-02-02,1,1,1,2.1115069061148702e-18,1.3576989406318616e-15,1,2021-02-02
2021-02-03,1,1,1,8.406757203543775e-17,4.724597548391602e-14,1,2021-02-03
2021-02-04,0,1,0,100.0,1.0,0,2021-02-04
2021-02-05,-1,1,0,100.0,1.0,0,2021-02-05
2021-02-06,0,1,0,100.0,1.0,0,2021-02-06
2021-02-07,0,1,0,100.0,1.0,0,2021-02-07
2021-02-08,0,1,0,100.0,1.0,0,2021-02-08
2021-02-09,0,1,0,100.0,1.0,0,2021-02-09
2021-02-10,-1,1,0,100.0,1.0,0,2021-02-10
2021-02-11,-1,1,0,100.0,1.0,0,2021-02-11
2021-02-12,0,1,0,100.0,1.0,0,2021-02-12
2021-02-13,-1,1,0,100.0,1.0,0,2021-02-13
2021-02-14,0,1,0,100.0,1.0,0,2021-02-14
2021-02-15,0,1,0,100.0,1.0,0,2021-02-15
2021-02-16,0,1,0,100.0,1.0,0,2021-02-16
2021-02-17,1,1,1,9.594281808203454e-14,3.741769905199347e-11,1,2021-02-17
2021-02-18,1,1,1,5.767891043950704e-14,2.284084853404479e-11,1,2021-02-18
2021-02-19,1,1,1,5.642057755041381e-16,2.8661653395610215e-13,1,2021-02-19
2021-02-20,1,1,1,1.6929200788831413e-17,1.0039016067777027e-14,1,2021-02-20
2021-02-21,1,1,1,3.551299440451639e-16,1.8360218107134976e-13,1,2021-02-21
2021-02-22,1,1,1,2.06855392522671e-15,9.763574527070072e-13,1,2021-02-22
2021-02-23,1,1,1,3.3201184921004185e-16,1.7231414974001171e-13,1,2021-02-23
2021-02-24,1,1,1,1.2000512759930229e-17,7.188307143198207e-15,1,2021-02-24
2021-02-25,1,1,1,1.7015926158481406e-19,1.1894132384778503e-16,1,2021-02-25
2021-02-26,1,1,1,5.542305633714294e-19,3.752140914024577e-16,1,2021-02-26
2021-02-27,1,1,1,4.675193084770555e-18,2.9173204848968266e-15,1,2021-02-27
2021-02-28,1,1,1,9.722849992784214e-17,5.415627445980807e-14,1,2021-02-28
2021-03-01,1,1,1,1.1252883090155401e-16,6.245350115036248e-14,1,2021-03-01
2021-03-02,1,1,1,2.1013477017400545e-15,9.897347675195656e-13,1,2021-03-02
2021-03-03,1,1,1,1.0970769921022988e-14,4.772284915645e-12,1,2021-03-03
2021-03-04,1,1,1,5.177029161456057e-14,2.0604576062595106e-11,1,2021-03-04
2021-03-05,1,1,1,6.202669936027291e-15,2.7415801117240628e-12,1,2021-03-05
2021-03-06,1,1,1,1.6327365150807089e-16,8.947396102642285e-14,1,2021-03-06
2021-03-07,1,1,1,1.7660792900341883e-17,1.0455189397002395e-14,1,2021-03-07
2021-03-08,1,1,1,1.1274000879833464e-17,6.798222530539578e-15,1,2021-03-08
2021-03-09,1,1,1,2.8189975936899775e-17,1.6237426139654272e-14,1,2021-03-09
2021-03-10,1,1,1,1.2367392798001107e-16,6.839168217294612e-14,1,2021-03-10
2021-03-11,1,1,1,1.9783327679793236e-17,1.161281334803863e-14,1,2021-03-11
2021-03-12,1,1,1,1.0558524514510858e-17,6.387907331279069e-15,1,2021-03-12
2021-03-13,1,1,1,3.5518775366899697e-16,1.8360218107134976e-13,1,2021-03-13
2021-03-14,1,1,1,1.1294573671303138e-15,5.477868230582022e-13,1,2021-03-14
2021-03-15,1,1,1,1.7052380868136754e-16,9.259442811398257e-14,1,2021-03-15
2021-03-16,1,1,1,5.611331779333216e-16,2.856167875680607e-13,1,2021-03-16
2021-03-17,1,1,1,1.333305988929103e-16,7.338054964679133e-14,1,2021-03-17
2021-03-18,1,0,0,100.0,1.0,0,2021-03-18
2021-03-19,1,0,0,100.0,1.0,0,2021-03-19
2021-03-20,1,0,0,100.0,1.0,0,2021-03-20
2021-03-21,1,-1,0,100.0,1.0,0,2021-03-21
2021-03-22,1,0,0,100.0,1.0,0,2021-03-22
2021-03-23,1,0,0,100.0,1.0,0,2021-03-23
2021-03-24,1,0,0,100.0,1.0,0,2021-03-24
2021-03-25,1,0,0,100.0,1.0,0,2021-03-25
2021-03-26,1,0,0,100.0,1.0,0,2021-03-26
2021-03-27,1,-1,0,100.0,1.0,0,2021-03-27
2021-03-28,1,-1,0,100.0,1.0,0,2021-03-28
2021-03-29,1,-1,0,100.0,1.0,0,2021-03-29
2021-03-30,1,-1,0,100.0,1.0,0,2021-03-30
2021-03-31,-1,0,0,100.0,1.0,0,2021-03-31
2021-04-01,-1,-1,-1,1.6502781228478094e-18,1.072680779851076e-15,-1,2021-04-01
2021-04-02,-1,-1,-1,1.7092539256733935e-18,1.1058872899106856e-15,-1,2021-04-02
2021-04-03,-1,-1,-1,2.441750870574548e-18,1.5627205571677107e-15,-1,2021-04-03
2021-04-04,-1,-1,-1,4.644880026508334e-18,2.9030500165677085e-15,-1,2021-04-04
2021-04-05,-1,-1,-1,4.378428703399186e-19,2.9860883757182445e-16,-1,2021-04-05
2021-04-06,-1,-1,-1,6.257407835513194e-22,4.8967115901488925e-19,-1,2021-04-06
2021-04-07,-1,-1,-1,1.2143610338537328e-22,9.751319101845474e-20,-1,2021-04-07
2021-04-08,-1,-1,-1,9.818332461718892e-22,7.638662655217299e-19,-1,2021-04-08
2021-04-09,-1,-1,-1,4.246314588672673e-21,3.2187064582138864e-18,-1,2021-04-09
2021-04-10,0,-1,0,100.0,1.0,0,2021-04-10
2021-04-11,0,-1,0,100.0,1.0,0,2021-04-11
2021-04-12,-1,-1,-1,9.982650588869976e-20,7.047751315742203e-17,-1,2021-04-12
2021-04-13,-1,-1,-1,4.9103231191289355e-18,3.04440033385994e-15,-1,2021-04-13
2021-04-14,-1,-1,-1,3.4967827000748446e-18,2.2169602318474515e-15,-1,2021-04-14
2021-04-15,-1,-1,-1,9.149167037025278e-19,6.093345246658835e-16,-1,2021-04-15
2021-04-16,-1,-1,-1,8.990345147051885e-20,6.39213539955389e-17,-1,2021-04-16
2021-04-17,-1,-1,-1,4.934737093613436e-21,3.715857031490917e-18,-1,2021-04-17
2021-04-18,-1,-1,-1,1.4767082186092491e-22,1.17988986666879e-19,-1,2021-04-18
2021-04-19,-1,-1,-1,1.2856673747652777e-24,1.0683895884299458e-21,-1,2021-04-19
2021-04-20,-1,-1,-1,2.002139493630747e-26,1.693810011611612e-23,-1,2021-04-20
2021-04-21,-1,-1,-1,1.0779142487474754e-25,9.065258831966269e-23,-1,2021-04-21
2021-04-22,-1,-1,-1,1.052346712460423e-23,8.629243042175468e-21,-1,2021-04-22
2021-04-23,-1,-1,-1,4.786235812945248e-22,3.7667675847879105e-19,-1,2021-04-23
2021-04-24,-1,-1,-1,5.680479500433909e-21,4.260359625325432e-18,-1,2021-04-24
2021-04-25,-1,-1,-1,4.1034487286182656e-20,3.0037244693485704e-17,-1,2021-04-25
2021-04-26,-1,-1,-1,9.49003996616521e-19,6.291896497567534e-16,-1,2021-04-26
2021-04-27,-1,-1,-1,1.1558961540402825e-17,6.953067785069851e-15,-1,2021-04-27
2021-04-28,-1,-1,-1,1.8763934583935344e-17,1.1051957469937919e-14,-1,2021-04-28
2021-04-29,-1,-1,-1,1.2932054691266778e-18,8.483427877471006e-16,-1,2021-04-29
2021-04-30,-1,-1,-1,5.508117345146647e-18,3.3985084019554812e-15,-1,2021-04-30
2021-05-01,-1,-1,-1,5.899037360816946e-16,2.9908119419341915e-13,-1,2021-05-01
2021-05-02,-1,-1,-1,5.544304681204137e-15,2.4561269737734327e-12,-1,2021-05-02
2021-05-03,-1,-1,-1,7.170772322009059e-17,4.058657134257127e-14,-1,2021-05-03
2021-05-04,-1,-1,-1,4.949304766475332e-18,3.0636196504482307e-15,-1,2021-05-04
2021-05-05,-1,-1,-1,3.3037119224072824e-17,1.8930269315393728e-14,-1,2021-05-05
2021-05-06,-1,-1,-1,5.587431665684417e-16,2.849590149499052e-13,-1,2021-05-06
2021-05-07,-1,-1,-1,4.727629148758114e-15,2.108522600346119e-12,-1,2021-05-07
2021-05-08,-1,-1,-1,1.2113721177842008e-14,5.233127548827748e-12,-1,2021-05-08
2021-05-09,-1,-1,-1,1.928207718985624e-15,9.158986665181714e-13,-1,2021-05-09
2021-05-10,-1,-1,-1,1.9320150437233516e-15,9.158986665181714e-13,-1,2021-05-10
2021-05-11,-1,-1,-1,8.083110725770436e-15,3.5242362764359102e-12,-1,2021-05-11
2021-05-12,-1,0,0,100.0,1.0,0,2021-05-12
2021-05-13,-1,-1,-1,7.475932904500177e-17,4.2239020910426003e-14,-1,2021-05-13
2021-05-14,-1,-1,-1,6.419953413354556e-19,4.320628647187616e-16,-1,2021-05-14
2021-05-15,-1,-1,-1,6.048792669937448e-20,4.38537468570465e-17,-1,2021-05-15
2021-05-16,-1,-1,-1,5.966259722347713e-18,3.669249729243844e-15,-1,2021-05-16
2021-05-17,-1,1,0,100.0,1.0,0,2021-05-17
2021-05-18,-1,1,0,100.0,1.0,0,2021-05-18
2021-05-19,-1,0,0,100.0,1.0,0,2021-05-19
2021-05-20,-1,1,0,100.0,1.0,0,2021-05-20
2021-05-21,-1,1,0,100.0,1.0,0,2021-05-21
2021-05-22,-1,1,0,100.0,1.0,0,2021-05-22
2021-05-23,-1,1,0,100.0,1.0,0,2021-05-23
2021-05-24,-1,1,0,100.0,1.0,0,2021-05-24
2021-05-25,-1,1,0,100.0,1.0,0,2021-05-25
2021-05-26,0,1,0,100.0,1.0,0,2021-05-26
2021-05-27,0,1,0,100.0,1.0,0,2021-05-27
2021-05-28,0,1,0,100.0,1.0,0,2021-05-28
2021-05-29,1,1,1,4.03164283508361e-18,2.535903343267591e-15,1,2021-05-29
2021-05-30,1,1,1,1.1538304537254052e-19,8.122966394226853e-17,1,2021-05-30
2021-05-31,1,1,1,2.229673935557596e-21,1.705700560701561e-18,1,2021-05-31
2021-06-01,1,1,1,7.212765966227981e-19,4.839765963338975e-16,1,2021-06-01
2021-06-02,1,1,1,5.262368577763295e-16,2.6890703432370437e-13,1,2021-06-02
2021-06-03,1,1,1,2.4255707237695146e-15,1.1327415280003634e-12,1,2021-06-03
2021-06-04,1,1,1,1.1664492608041863e-15,5.635123044061388e-13,1,2021-06-04
2021-06-05,1,1,1,7.381002127627861e-16,3.685051638861359e-13,1,2021-06-05
2021-06-06,1,1,1,9.907418541845231e-17,5.508524709265949e-14,1,2021-06-06
2021-06-07,1,1,1,1.3317704110125467e-16,7.338054964679133e-14,1,2021-06-07
2021-06-08,1,1,1,2.4446404431849335e-16,1.2995114641407713e-13,1,2021-06-08
2021-06-09,1,1,1,7.676757648392245e-17,4.329691313693226e-14,1,2021-06-09
2021-06-10,1,1,1,2.000902887585304e-17,1.1725290921249882e-14,1,2021-06-10
2021-06-11,1,1,1,5.023686042058507e-17,2.858477357931291e-14,1,2021-06-11
2021-06-12,1,1,1,7.819677022213795e-17,4.4024781635063664e-14,1,2021-06-12
2021-06-13,1,1,1,1.6611692276245124e-17,9.867345212089604e-15,1,2021-06-13
2021-06-14,1,1,1,9.651470881203469e-16,4.748523673552106e-13,1,2021-06-14
2021-06-15,1,1,1,1.695710943133211e-16,9.224667530644667e-14,1,2021-06-15
2021-06-16,1,1,1,3.219432406387453e-16,1.6773242837278628e-13,1,2021-06-16
2021-06-17,1,1,1,2.278506317630848e-16,1.2235578925677654e-13,1,2021-06-17
2021-06-18,1,1,1,2.653134972825251e-17,1.533512014292995e-14,1,2021-06-18
2021-06-19,1,1,1,1.4945270237660642e-18,9.74279447725094e-16,1,2021-06-19
2021-06-20,1,1,1,6.4771422631893605e-18,3.959127443398806e-15,1,2021-06-20
2021-06-21,1,1,1,1.2109477690895632e-17,7.241467659155588e-15,1,2021-06-21
2021-06-22,1,1,1,3.78288905924498e-18,2.3870029963835825e-15,1,2021-06-22
2021-06-23,1,1,1,2.576387238668692e-17,1.4917282111891726e-14,1,2021-06-23
2021-06-24,1,1,1,7.370103277722718e-16,3.685051638861359e-13,1,2021-06-24
2021-06-25,1,1,1,2.3058032067397607e-16,1.2359105188125118e-13,1,2021-06-25
2021-06-26,1,1,1,9.350022118913916e-18,5.694163470418575e-15,1,2021-06-26
2021-06-27,1,1,1,5.770643892685832e-17,3.277725731045552e-14,1,2021-06-27
2021-06-28,1,1,1,2.0135672856364429e-16,1.0873263342436792e-13,1,2021-06-28
2021-06-29,1,1,1,1.64446726575104e-16,8.962346598343167e-14,1,2021-06-29
2021-06-30,1,1,1,1.5100460394263454e-15,7.263321449640722e-13,1,2021-06-30
2021-07-01,1,-1,0,100.0,1.0,0,2021-07-01
2021-07-02,1,0,0,100.0,1.0,0,2021-07-02
2021-07-03,1,-1,0,100.0,1.0,0,2021-07-03
2021-07-04,1,-1,0,100.0,1.0,0,2021-07-04
2021-07-05,1,-1,0,100.0,1.0,0,2021-07-05
2021-07-06,1,-1,0,100.0,1.0,0,2021-07-06
2021-07-07,1,-1,0,100.0,1.0,0,2021-07-07
2021-07-08,1,-1,0,100.0,1.0,0,2021-07-08
2021-07-09,1,-1,0,100.0,1.0,0,2021-07-09
2021-07-10,1,-1,0,100.0,1.0,0,2021-07-10
2021-07-11,1,-1,0,100.0,1.0,0,2021-07-11
2021-07-12,1,-1,0,100.0,1.0,0,2021-07-12
2021-07-13,1,-1,0,100.0,1.0,0,2021-07-13
2021-07-14,1,-1,0,100.0,1.0,0,2021-07-14
2021-07-15,1,-1,0,100.0,1.0,0,2021-07-15
2021-07-16,1,-1,0,100.0,1.0,0,2021-07-16
2021-07-17,1,-1,0,100.0,1.0,0,2021-07-17
2021-07-18,1,-1,0,100.0,1.0,0,2021-07-18
2021-07-19,1,0,0,100.0,1.0,0,2021-07-19
2021-07-20,1,0,0,100.0,1.0,0,2021-07-20
2021-07-21,1,0,0,100.0,1.0,0,2021-07-21
2021-07-22,0,1,0,100.0,1.0,0,2021-07-22
2021-07-23,0,0,0,100.0,1.0,0,2021-07-23
2021-07-24,0,0,0,100.0,1.0,0,2021-07-24
2021-07-25,0,0,0,100.0,1.0,0,2021-07-25
2021-07-26,1,0,0,100.0,1.0,0,2021-07-26
2021-07-27,1,-1,0,100.0,1.0,0,2021-07-27
2021-07-28,0,-1,0,100.0,1.0,0,2021-07-28
2021-07-29,0,-1,0,100.0,1.0,0,2021-07-29
2021-07-30,0,-1,0,100.0,1.0,0,2021-07-30
2021-07-31,1,-1,0,100.0,1.0,0,2021-07-31
2021-08-01,0,-1,0,100.0,1.0,0,2021-08-01
2021-08-02,0,-1,0,100.0,1.0,0,2021-08-02
2021-08-03,0,-1,0,100.0,1.0,0,2021-08-03
2021-08-04,-1,-1,-1,1.0579190125506166e-17,6.389830835805724e-15,-1,2021-08-04
2021-08-05,-1,-1,-1,6.70121380429499e-15,2.9485340738897957e-12,-1,2021-08-05
2021-08-06,0,-1,0,100.0,1.0,0,2021-08-06
2021-08-07,0,-1,0,100.0,1.0,0,2021-08-07
2021-08-08,0,-1,0,100.0,1.0,0,2021-08-08
2021-08-09,-1,-1,-1,2.506853838358628e-18,1.596865895034446e-15,-1,2021-08-09
2021-08-10,-1,-1,-1,2.9698510689665326e-16,1.556201960138463e-13,-1,2021-08-10
2021-08-11,-1,-1,-1,3.743842919560272e-14,1.5125125395023498e-11,-1,2021-08-11
2021-08-12,-1,-1,-1,6.587681202000921e-14,2.588958712386362e-11,-1,2021-08-12
2021-08-13,-1,-1,-1,4.205733294358558e-15,1.8967857157557098e-12,-1,2021-08-13
2021-08-14,0,-1,0,100.0,1.0,0,2021-08-14
2021-08-15,-1,-1,-1,1.3008601704647323e-19,9.132038396662421e-17,-1,2021-08-15
2021-08-16,-1,-1,-1,3.097641006672553e-19,2.134274653597389e-16,-1,2021-08-16
2021-08-17,-1,-1,-1,9.944052271778165e-18,6.0360397289693455e-15,-1,2021-08-17
2021-08-18,1,-1,0,100.0,1.0,0,2021-08-18
2021-08-19,1,-1,0,100.0,1.0,0,2021-08-19
2021-08-20,1,-1,0,100.0,1.0,0,2021-08-20
2021-08-21,0,-1,0,100.0,1.0,0,2021-08-21
2021-08-22,0,-1,0,100.0,1.0,0,2021-08-22
2021-08-23,1,-1,0,100.0,1.0,0,2021-08-23
2021-08-24,0,-1,0,100.0,1.0,0,2021-08-24
2021-08-25,0,-1,0,100.0,1.0,0,2021-08-25
2021-08-26,0,-1,0,100.0,1.0,0,2021-08-26
2021-08-27,0,-1,0,100.0,1.0,0,2021-08-27
2021-08-28,1,-1,0,100.0,1.0,0,2021-08-28
2021-08-29,1,-1,0,100.0,1.0,0,2021-08-29
2021-08-30,1,-1,0,100.0,1.0,0,2021-08-30
2021-08-31,1,-1,0,100.0,1.0,0,2021-08-31
2021-09-01,1,-1,0,100.0,1.0,0,2021-09-01
2021-09-02,1,-1,0,100.0,1.0,0,2021-09-02
2021-09-03,1,-1,0,100.0,1.0,0,2021-09-03
2021-09-04,1,0,0,100.0,1.0,0,2021-09-04
2021-09-05,1,0,0,100.0,1.0,0,2021-09-05
2021-09-06,1,0,0,100.0,1.0,0,2021-09-06
2021-09-07,1,1,1,3.3969511782744428e-15,1.5625975420062437e-12,1,2021-09-07
2021-09-08,1,1,1,2.840097931971547e-16,1.4938915122170335e-13,1,2021-09-08
2021-09-09,1,1,1,1.6382599733037752e-17,9.747646841157463e-15,1,2021-09-09
2021-09-10,1,1,1,1.4259139332713728e-18,9.325477123594778e-16,1,2021-09-10
2021-09-11,1,1,1,4.0026442217168384e-19,2.7378086476543174e-16,1,2021-09-11
2021-09-12,1,1,1,3.476269512470475e-19,2.3881971550672165e-16,1,2021-09-12
2021-09-13,1,1,1,5.42973496934368e-19,3.6813603092150153e-16,1,2021-09-13
2021-09-14,1,1,1,6.76593573435938e-21,5.054153993566457e-18,1,2021-09-14
2021-09-15,1,1,1,7.072655128931581e-25,5.898594377528938e-22,1,2021-09-15
2021-09-16,1,1,1,2.570407230854328e-27,2.1899869606878873e-24,1,2021-09-16
2021-09-17,1,1,1,3.5217409394519323e-25,2.947697166321267e-22,1,2021-09-17
2021-09-18,1,1,1,2.0252226991225558e-21,1.5513205875278778e-18,1,2021-09-18
2021-09-19,1,1,1,1.2573475651245482e-21,9.76959058101774e-19,1,2021-09-19
2021-09-20,1,1,1,5.787663026381438e-20,4.201843357152924e-17,1,2021-09-20
2021-09-21,1,1,1,1.3599019447614314e-17,8.118614610225746e-15,1,2021-09-21
2021-09-22,1,1,1,2.7862437558076944e-16,1.4687879170766253e-13,1,2021-09-22
2021-09-23,1,1,1,1.8275273335805994e-14,7.693890074374324e-12,1,2021-09-23
2021-09-24,1,1,1,7.972067846265268e-14,3.125050595735985e-11,1,2021-09-24
2021-09-25,1,1,1,8.375249688265074e-16,4.1457485956912117e-13,1,2021-09-25
2021-09-26,1,1,1,1.305073667974015e-15,6.290455079634752e-13,1,2021-09-26
2021-09-27,1,1,1,6.570951582810844e-17,3.7257295474537484e-14,1,2021-09-27
2021-09-28,1,1,1,9.892524731646084e-20,6.994014985273782e-17,1,2021-09-28
2021-09-29,1,1,1,5.322802780161026e-21,3.99742488790093e-18,1,2021-09-29
2021-09-30,1,1,1,6.162568726786351e-20,4.4616997581933186e-17,1,2021-09-30
2021-10-01,1,1,1,5.623094829076685e-19,3.801212104455839e-16,1,2021-10-01
2021-10-02,1,1,1,1.2042184522000082e-18,7.923757415476054e-16,1,2021-10-02
2021-10-03,1,1,1,9.353193476702168e-19,6.219873662006942e-16,1,2021-10-03
2021-10-04,1,1,1,1.983923860476901e-19,1.3788270830314463e-16,1,2021-10-04
2021-10-05,1,1,1,6.47273335570089e-20,4.6733134828160426e-17,1,2021-10-05
2021-10-06,1,1,1,1.9798020576024167e-19,1.3779422320912821e-16,1,2021-10-06
2021-10-07,1,1,1,9.45534195264031e-19,6.278347056553165e-16,1,2021-10-07
2021-10-08,1,1,1,1.3795991198194193e-18,9.036374234817195e-16,1,2021-10-08
2021-10-09,1,1,1,1.1218696859560885e-18,7.404339927310185e-16,1,2021-10-09
2021-10-10,1,1,1,5.591948781480527e-18,3.4446404493920046e-15,1,2021-10-10
2021-10-11,1,1,1,3.6537788658122897e-19,2.506492301947231e-16,1,2021-10-11
2021-10-12,1,1,1,1.7005307919786473e-21,1.311109240615537e-18,1,2021-10-12
2021-10-13,1,1,1,2.1142459343472183e-23,1.723110436492983e-20,1,2021-10-13
2021-10-14,1,1,1,2.138922668793754e-23,1.7410830523981156e-20,1,2021-10-14
2021-10-15,1,1,1,6.730109625018707e-22,5.249485507514592e-19,1,2021-10-15
2021-10-16,1,1,1,3.321419883849431e-21,2.527600531609417e-18,1,2021-10-16
2021-10-17,1,1,1,6.294954260482677e-20,4.5512519303289753e-17,1,2021-10-17
2021-10-18,1,1,1,8.29203515723689e-19,5.547371520191479e-16,1,2021-10-18
2021-10-19,1,1,1,4.8383484460611234e-18,3.0046143850039574e-15,1,2021-10-19
2021-10-20,1,1,1,2.7783562940955308e-19,1.9226225555141072e-16,1,2021-10-20
2021-10-21,1,1,1,9.709417358360474e-20,6.874267489719215e-17,1,2021-10-21
2021-10-22,1,1,1,2.7230569802988874e-20,2.0123391084408778e-17,1,2021-10-22
2021-10-23,1,1,1,1.716062762245801e-21,1.3213683269292666e-18,1,2021-10-23
2021-10-24,1,1,1,4.292473687193497e-23,3.481196160313926e-20,1,2021-10-24
2021-10-25,1,1,1,1.3982911826132215e-22,1.118632946090577e-19,1,2021-10-25
2021-10-26,1,1,1,1.1975251489893075e-22,9.628102197874032e-20,1,2021-10-26
2021-10-27,1,1,1,1.205232036661757e-23,9.87085038025979e-21,1,2021-10-27
2021-10-28,-1,1,0,100.0,1.0,0,2021-10-28
2021-10-29,-1,1,0,100.0,1.0,0,2021-10-29
2021-10-30,-1,1,0,100.0,1.0,0,2021-10-30
2021-10-31,-1,1,0,100.0,1.0,0,2021-10-31
2021-11-01,-1,1,0,100.0,1.0,0,2021-11-01
2021-11-02,-1,1,0,100.0,1.0,0,2021-11-02
2021-11-03,-1,1,0,100.0,1.0,0,2021-11-03
2021-11-04,-1,1,0,100.0,1.0,0,2021-11-04
2021-11-05,-1,1,0,100.0,1.0,0,2021-11-05
2021-11-06,-1,1,0,100.0,1.0,0,2021-11-06
2021-11-07,-1,1,0,100.0,1.0,0,2021-11-07
2021-11-08,-1,1,0,100.0,1.0,0,2021-11-08
2021-11-09,-1,1,0,100.0,1.0,0,2021-11-09
2021-11-10,-1,1,0,100.0,1.0,0,2021-11-10
2021-11-11,-1,1,0,100.0,1.0,0,2021-11-11
2021-11-12,-1,1,0,100.0,1.0,0,2021-11-12
2021-11-13,-1,1,0,100.0,1.0,0,2021-11-13
2021-11-14,-1,1,0,100.0,1.0,0,2021-11-14
2021-11-15,-1,1,0,100.0,1.0,0,2021-11-15
2021-11-16,-1,1,0,100.0,1.0,0,2021-11-16
2021-11-17,0,1,0,100.0,1.0,0,2021-11-17
2021-11-18,0,1,0,100.0,1.0,0,2021-11-18
2021-11-19,0,1,0,100.0,1.0,0,2021-11-19
2021-11-20,0,1,0,100.0,1.0,0,2021-11-20
2021-11-21,-1,1,0,100.0,1.0,0,2021-11-21
2021-11-22,-1,1,0,100.0,1.0,0,2021-11-22
2021-11-23,-1,1,0,100.0,1.0,0,2021-11-23
2021-11-24,-1,1,0,100.0,1.0,0,2021-11-24
2021-11-25,-1,1,0,100.0,1.0,0,2021-11-25
2021-11-26,-1,1,0,100.0,1.0,0,2021-11-26
2021-11-27,-1,1,0,100.0,1.0,0,2021-11-27
2021-11-28,-1,1,0,100.0,1.0,0,2021-11-28
2021-11-29,-1,1,0,100.0,1.0,0,2021-11-29
2021-11-30,-1,1,0,100.0,1.0,0,2021-11-30
2021-12-01,0,1,0,100.0,1.0,0,2021-12-01
2021-12-02,0,1,0,100.0,1.0,0,2021-12-02
2021-12-03,-1,1,0,100.0,1.0,0,2021-12-03
2021-12-04,0,1,0,100.0,1.0,0,2021-12-04
2021-12-05,0,1,0,100.0,1.0,0,2021-12-05
2021-12-06,1,1,1,3.7249964745822945e-22,2.9390222184454303e-19,1,2021-12-06
2021-12-07,1,1,1,3.737567369881199e-21,2.83681363373983e-18,1,2021-12-07
2021-12-08,1,1,1,6.47352067823591e-20,4.6733134828160426e-17,1,2021-12-08
2021-12-09,1,1,1,6.912351075809693e-19,4.645099922944113e-16,1,2021-12-09
2021-12-10,1,1,1,3.909171598851682e-18,2.4627781072765596e-15,1,2021-12-10
2021-12-11,1,1,1,8.107147961918974e-18,4.945360256770574e-15,1,2021-12-11
2021-12-12,1,1,1,4.7190550078768426e-18,2.935252214899396e-15,1,2021-12-12
2021-12-13,1,1,1,7.56238733079608e-19,5.066799511633373e-16,1,2021-12-13
2021-12-14,1,1,1,2.488792825415182e-20,1.8417066908072347e-17,1,2021-12-14
2021-12-15,0,1,0,100.0,1.0,0,2021-12-15
2021-12-16,-1,1,0,100.0,1.0,0,2021-12-16
2021-12-17,-1,1,0,100.0,1.0,0,2021-12-17
2021-12-18,-1,1,0,100.0,1.0,0,2021-12-18
2021-12-19,-1,1,0,100.0,1.0,0,2021-12-19
2021-12-20,-1,1,0,100.0,1.0,0,2021-12-20
2021-12-21,-1,1,0,100.0,1.0,0,2021-12-21
2021-12-22,-1,1,0,100.0,1.0,0,2021-12-22
2021-12-23,-1,1,0,100.0,1.0,0,2021-12-23
2021-12-24,-1,1,0,100.0,1.0,0,2021-12-24
2021-12-25,0,1,0,100.0,1.0,0,2021-12-25
2021-12-26,1,1,1,5.051483929191771e-16,2.586359771746187e-13,1,2021-12-26
2021-12-27,1,1,1,9.692631674890639e-17,5.4084884745889764e-14,1,2021-12-27
2021-12-28,1,1,1,6.130751881971135e-18,3.764281655530277e-15,1,2021-12-28
2021-12-29,1,1,1,5.304998995334906e-19,3.6020943178324014e-16,1,2021-12-29
2021-12-30,1,1,1,2.502638728452271e-18,1.596683508752549e-15,1,2021-12-30
2021-12-31,1,1,1,6.403258691322351e-21,4.789637501109119e-18,1,2021-12-31
2022-01-01,1,1,1,3.282619605222013e-21,2.501356139179174e-18,1,2022-01-01
2022-01-02,1,0,0,100.0,1.0,0,2022-01-02
2022-01-03,1,0,0,100.0,1.0,0,2022-01-03
2022-01-04,1,-1,0,100.0,1.0,0,2022-01-04
2022-01-05,1,-1,0,100.0,1.0,0,2022-01-05
2022-01-06,1,-1,0,100.0,1.0,0,2022-01-06
2022-01-07,1,-1,0,100.0,1.0,0,2022-01-07
2022-01-08,1,-1,0,100.0,1.0,0,2022-01-08
2022-01-09,1,-1,0,100.0,1.0,0,2022-01-09
2022-01-10,1,-1,0,100.0,1.0,0,2022-01-10
2022-01-11,1,-1,0,100.0,1.0,0,2022-01-11
2022-01-12,1,-1,0,100.0,1.0,0,2022-01-12
2022-01-13,1,-1,0,100.0,1.0,0,2022-01-13
2022-01-14,1,-1,0,100.0,1.0,0,2022-01-14
2022-01-15,1,-1,0,100.0,1.0,0,2022-01-15
2022-01-16,1,-1,0,100.0,1.0,0,2022-01-16
2022-01-17,1,-1,0,100.0,1.0,0,2022-01-17
2022-01-18,1,-1,0,100.0,1.0,0,2022-01-18
2022-01-19,1,-1,0,100.0,1.0,0,2022-01-19
2022-01-20,1,-1,0,100.0,1.0,0,2022-01-20
2022-01-21,1,-1,0,100.0,1.0,0,2022-01-21
2022-01-22,1,-1,0,100.0,1.0,0,2022-01-22
2022-01-23,0,-1,0,100.0,1.0,0,2022-01-23
2022-01-24,0,-1,0,100.0,1.0,0,2022-01-24
2022-01-25,-1,-1,-1,1.642852428707979e-13,6.341410374812798e-11,-1,2022-01-25
2022-01-26,-1,-1,-1,3.2108453227767283e-13,1.2201212226551567e-10,-1,2022-01-26
2022-01-27,-1,-1,-1,2.1556996207791803e-14,8.989267418649183e-12,-1,2022-01-27
2022-01-28,-1,-1,-1,3.3140320502050995e-14,1.3521250764836806e-11,-1,2022-01-28
2022-01-29,-1,-1,-1,7.83952672730712e-15,3.4258731798332115e-12,-1,2022-01-29
2022-01-30,-1,-1,-1,1.6071966679908225e-15,7.712183224566585e-13,-1,2022-01-30
2022-01-31,-1,-1,-1,2.4070134254038505e-16,1.2829381557402523e-13,-1,2022-01-31
2022-02-01,-1,-1,-1,3.3293546557799914e-17,1.904390863106155e-14,-1,2022-02-01
2022-02-02,-1,-1,-1,4.545925577671134e-18,2.850295337199801e-15,-1,2022-02-02
2022-02-03,-1,-1,-1,6.054395084159121e-19,4.0867166818074065e-16,-1,2022-02-03
2022-02-04,-1,-1,-1,7.125145985926333e-20,5.1229799638810335e-17,-1,2022-02-04
2022-02-05,-1,-1,-1,6.356579243379913e-21,4.761077853291555e-18,-1,2022-02-05
2022-02-06,-1,-1,-1,2.5516884242639084e-22,2.0234889204412794e-19,-1,2022-02-06
2022-02-07,-1,-1,-1,4.943457811013665e-24,4.088239609708301e-21,-1,2022-02-07
2022-02-08,-1,-1,-1,1.6078156720043013e-25,1.3489573488116088e-22,-1,2022-02-08
2022-02-09,-1,-1,-1,4.934603936188839e-25,4.1203942867176806e-22,-1,2022-02-09
2022-02-10,-1,-1,-1,1.6041002193754663e-23,1.3105498792297559e-20,-1,2022-02-10
2022-02-11,-1,-1,-1,2.7883063124532013e-22,2.2083385994629353e-19,-1,2022-02-11
2022-02-12,-1,-1,-1,1.8349298172592396e-21,1.4110610294723553e-18,-1,2022-02-12
2022-02-13,-1,-1,-1,1.6286308020359702e-21,1.257302979171769e-18,-1,2022-02-13
2022-02-14,-1,-1,-1,5.864536420205627e-24,4.8265134738292305e-21,-1,2022-02-14
2022-02-15,-1,-1,-1,9.489825449826323e-25,7.895534774255501e-22,-1,2022-02-15
2022-02-16,-1,-1,-1,3.88892209571841e-23,3.157804741723349e-20,-1,2022-02-16
2022-02-17,-1,-1,-1,7.420369307987862e-20,5.3204047938272974e-17,-1,2022-02-17
2022-02-18,-1,-1,-1,2.433140448448443e-17,1.411221460100097e-14,-1,2022-02-18
2022-02-19,-1,-1,-1,3.766013011005056e-15,1.7210679460293106e-12,-1,2022-02-19
2022-02-20,-1,-1,-1,1.4132139650316552e-13,5.469138044672506e-11,-1,2022-02-20
2022-02-21,-1,-1,-1,2.4677925641181207e-15,1.1499913348790443e-12,-1,2022-02-21
2022-02-22,-1,-1,-1,2.326421671769461e-16,1.2446355943966616e-13,-1,2022-02-22
2022-02-23,-1,-1,-1,8.958453291704075e-16,4.4165174728101087e-13,-1,2022-02-23
2022-02-24,-1,0,0,100.0,1.0,0,2022-02-24
2022-02-25,-1,-1,-1,3.0270848050449175e-16,1.5831653530384918e-13,-1,2022-02-25
2022-02-26,-1,-1,-1,2.6694678155011993e-18,1.6977815306587628e-15,-1,2022-02-26
2022-02-27,1,0,0,100.0,1.0,0,2022-02-27
2022-02-28,0,0,0,100.0,1.0,0,2022-02-28
2022-03-01,-1,1,0,100.0,1.0,0,2022-03-01
2022-03-02,-1,1,0,100.0,1.0,0,2022-03-02
2022-03-03,-1,1,0,100.0,1.0,0,2022-03-03
2022-03-04,1,1,1,1.1549946486826995e-17,6.953067785069851e-15,1,2022-03-04
2022-03-05,1,1,1,9.724560002300996e-18,5.9125324813990056e-15,1,2022-03-05
2022-03-06,1,1,1,1.0878263005368773e-15,5.297714083614593e-13,1,2022-03-06
2022-03-07,1,1,1,6.376630151153819e-14,2.5123922795546045e-11,1,2022-03-07
2022-03-08,1,1,1,1.0848184535970663e-15,5.293914053553684e-13,1,2022-03-08
2022-03-09,1,1,1,8.147596412599539e-16,4.0412078206493713e-13,1,2022-03-09
2022-03-10,1,1,1,4.960803276158716e-14,1.9843213104634864e-11,1,2022-03-10
2022-03-11,1,1,1,2.6275739980220627e-16,1.3926142189516934e-13,1,2022-03-11
2022-03-12,1,1,1,4.686785968657801e-18,2.91986765847381e-15,1,2022-03-12
2022-03-13,1,1,1,1.8287283426436176e-17,1.0789497221597344e-14,1,2022-03-13
2022-03-14,1,1,1,6.434434498715907e-15,2.837585613933715e-12,1,2022-03-14
2022-03-15,1,1,1,3.3915507431352953e-13,1.285397731648277e-10,1,2022-03-15
2022-03-16,1,-1,0,100.0,1.0,0,2022-03-16
2022-03-17,1,-1,0,100.0,1.0,0,2022-03-17
2022-03-18,1,-1,0,100.0,1.0,0,2022-03-18
2022-03-19,1,0,0,100.0,1.0,0,2022-03-19
2022-03-20,1,-1,0,100.0,1.0,0,2022-03-20
2022-03-21,1,-1,0,100.0,1.0,0,2022-03-21
2022-03-22,1,-1,0,100.0,1.0,0,2022-03-22
2022-03-23,1,-1,0,100.0,1.0,0,2022-03-23
2022-03-24,1,-1,0,100.0,1.0,0,2022-03-24
2022-03-25,1,-1,0,100.0,1.0,0,2022-03-25
2022-03-26,1,-1,0,100.0,1.0,0,2022-03-26
2022-03-27,1,-1,0,100.0,1.0,0,2022-03-27
2022-03-28,1,-1,0,100.0,1.0,0,2022-03-28
2022-03-29,1,-1,0,100.0,1.0,0,2022-03-29
2022-03-30,1,-1,0,100.0,1.0,0,2022-03-30
2022-03-31,1,-1,0,100.0,1.0,0,2022-03-31
2022-04-01,1,-1,0,100.0,1.0,0,2022-04-01
2022-04-02,0,-1,0,100.0,1.0,0,2022-04-02
2022-04-03,0,-1,0,100.0,1.0,0,2022-04-03
2022-04-04,0,-1,0,100.0,1.0,0,2022-04-04
2022-04-05,-1,-1,-1,6.0558149044704e-22,4.7477588851047935e-19,-1,2022-04-05
2022-04-06,-1,-1,-1,1.220333145229329e-22,9.787071824739219e-20,-1,2022-04-06
2022-04-07,-1,-1,-1,9.9690845797204e-23,8.035082171254642e-20,-1,2022-04-07
2022-04-08,-1,-1,-1,1.795563786253981e-22,1.431064337644423e-19,-1,2022-04-08
2022-04-09,-1,-1,-1,3.9952480423851333e-22,3.148255457399485e-19,-1,2022-04-09
2022-04-10,-1,-1,-1,6.263905607492839e-22,4.8967115901488925e-19,-1,2022-04-10
2022-04-11,-1,-1,-1,5.206928293979498e-22,4.092645639067885e-19,-1,2022-04-11
2022-04-12,-1,-1,-1,1.3767548683357862e-22,1.1027806495369647e-19,-1,2022-04-12
2022-04-13,-1,-1,-1,1.2442964069337107e-23,1.0178344608717754e-20,-1,2022-04-13
2022-04-14,-1,-1,-1,1.64921434849968e-24,1.3671986949062347e-21,-1,2022-04-14
2022-04-15,-1,-1,-1,5.321776208889503e-24,4.39046537233384e-21,-1,2022-04-15
2022-04-16,-1,-1,-1,1.1866432080932772e-22,9.552477825150882e-20,-1,2022-04-16
2022-04-17,-1,-1,-1,1.3409526476956784e-21,1.0392383019641508e-18,-1,2022-04-17
2022-04-18,-1,-1,-1,4.6499300337380346e-21,3.510697175472216e-18,-1,2022-04-18
2022-04-19,-1,-1,-1,4.649930040668182e-21,3.510697175472216e-18,-1,2022-04-19
2022-04-20,-1,-1,-1,1.2829533647561614e-21,9.955718110507812e-19,-1,2022-04-20
2022-04-21,-1,-1,-1,9.659760995919075e-23,7.795427123706694e-20,-1,2022-04-21
2022-04-22,-1,-1,-1,4.6148405503520746e-24,3.821087975691518e-21,-1,2022-04-22
2022-04-23,-1,0,0,100.0,1.0,0,2022-04-23
2022-04-24,-1,0,0,100.0,1.0,0,2022-04-24
2022-04-25,-1,0,0,100.0,1.0,0,2022-04-25
2022-04-26,-1,1,0,100.0,1.0,0,2022-04-26
2022-04-27,-1,1,0,100.0,1.0,0,2022-04-27
2022-04-28,-1,1,0,100.0,1.0,0,2022-04-28
2022-04-29,-1,1,0,100.0,1.0,0,2022-04-29
2022-04-30,-1,1,0,100.0,1.0,0,2022-04-30
2022-05-01,-1,1,0,100.0,1.0,0,2022-05-01
2022-05-02,-1,1,0,100.0,1.0,0,2022-05-02
2022-05-03,-1,1,0,100.0,1.0,0,2022-05-03
2022-05-04,-1,1,0,100.0,1.0,0,2022-05-04
2022-05-05,-1,1,0,100.0,1.0,0,2022-05-05
2022-05-06,-1,1,0,100.0,1.0,0,2022-05-06
2022-05-07,-1,1,0,100.0,1.0,0,2022-05-07
2022-05-08,-1,1,0,100.0,1.0,0,2022-05-08
2022-05-09,-1,1,0,100.0,1.0,0,2022-05-09
2022-05-10,0,1,0,100.0,1.0,0,2022-05-10
2022-05-11,1,1,1,1.6541508763729313e-18,1.0735439187660324e-15,1,2022-05-11
2022-05-12,1,1,1,4.42972256322264e-18,2.781865769703818e-15,1,2022-05-12
2022-05-13,1,1,1,3.194359993172995e-17,1.833562636081299e-14,1,2022-05-13
2022-05-14,1,1,1,3.2848529027852583e-16,1.7081235094483342e-13,1,2022-05-14
2022-05-15,1,1,1,2.75784454034626e-15,1.2741241776399722e-12,1,2022-05-15
2022-05-16,1,1,1,1.526731662934399e-14,6.503876884100539e-12,1,2022-05-16
2022-05-17,1,1,1,1.540307827503826e-14,6.546308266891261e-12,1,2022-05-17
2022-05-18,1,1,1,1.8504151338837866e-14,7.771743562311904e-12,1,2022-05-18
2022-05-19,1,1,1,4.475470296125987e-15,2.005010692664442e-12,1,2022-05-19
2022-05-20,1,1,1,4.730209840027826e-17,2.696219608815861e-14,1,2022-05-20
2022-05-21,1,1,1,2.7636101502204495e-17,1.5946030566771995e-14,1,2022-05-21
2022-05-22,1,1,1,3.6159142245956434e-16,1.8585799114421606e-13,1,2022-05-22
2022-05-23,1,1,1,2.1268922227282913e-15,9.99639344682297e-13,1,2022-05-23
2022-05-24,1,1,1,4.069411261420117e-15,1.843443301423313e-12,1,2022-05-24
2022-05-25,1,1,1,4.233639478770319e-15,1.9051377654466435e-12,1,2022-05-25
2022-05-26,1,1,1,2.6575298424878334e-15,1.2328539654083895e-12,1,2022-05-26
2022-05-27,1,1,1,1.788313903302225e-15,8.530257318751613e-13,1,2022-05-27
2022-05-28,1,1,1,6.408347844385003e-16,3.2233989657256563e-13,1,2022-05-28
2022-05-29,1,1,1,1.2882286396764215e-18,8.46366216267409e-16,1,2022-05-29
2022-05-30,1,1,1,6.488943913643954e-24,5.327422953101687e-21,1,2022-05-30
2022-05-31,1,1,1,1.0067276097625528e-27,8.607521063469826e-25,1,2022-05-31
2022-06-01,1,1,1,2.0443231418229103e-27,1.7458519631167654e-24,1,2022-06-01
2022-06-02,1,1,1,1.6139646271004967e-26,1.3670280391541206e-23,1,2022-06-02
2022-06-03,1,1,1,3.1329267012970484e-27,2.6629876961024913e-24,1,2022-06-03
2022-06-04,1,1,1,3.686700934632029e-28,3.1558160000450167e-25,1,2022-06-04
2022-06-05,1,1,1,4.358750534614955e-27,3.700579203888097e-24,1,2022-06-05
2022-06-06,1,1,1,2.7937843058200904e-27,2.377510444252897e-24,1,2022-06-06
2022-06-07,1,1,1,4.854848061036244e-27,4.116911155758735e-24,1,2022-06-07
2022-06-08,1,1,1,4.394444365179362e-31,3.774827709689072e-28,1,2022-06-08
2022-06-09,1,1,1,5.429153742073754e-35,4.6962179868937973e-32,1,2022-06-09
2022-06-10,1,1,1,3.8097608198107335e-34,3.287823587496663e-31,1,2022-06-10
2022-06-11,1,1,1,2.544354858333721e-31,2.188145178167e-28,1,2022-06-11
2022-06-12,1,1,1,1.6697202413552325e-30,1.4326199670827894e-27,1,2022-06-12
2022-06-13,1,1,1,2.196380681667505e-33,1.8932801475973893e-30,1,2022-06-13
2022-06-14,1,1,1,9.981378597171447e-35,8.62391110795613e-32,1,2022-06-14
2022-06-15,1,1,1,5.037688467654838e-33,4.337449770650815e-30,1,2022-06-15
