date,Husten,Ausfluss,Übelkeit,Schock,Hypoxämie,Erbrechen,Muskelschmerzen,Durchfall,Lungenentzündung,Halsentzündung,Fieber,Kopfschmerzen,Lymphopenie,Entzündung,trockener Husten,Atemnot,Sputum,Müdigkeit,respiratorische Insuffizienz,Angst,ensemble_trend,harmonic_p,Holm_pval(alpha=0.05),up/down trend
2020-02-02,1,-1,-1,1,1,0,0,0,1,0,1,1,0,-1,1,1,0,-1,-1,1,1,3.746371020791662e-18,1.6858669593562482e-15,1
2020-02-03,1,-1,-1,1,1,1,-1,0,1,0,1,1,0,-1,1,1,0,-1,0,1,1,1.9181798654660676e-19,1.0588352857372694e-16,1
2020-02-04,1,-1,-1,1,1,1,-1,1,1,0,1,1,0,-1,1,1,0,-1,0,1,1,2.171931507405773e-19,1.1880465345509577e-16,1
2020-02-05,1,-1,-1,1,1,1,-1,1,1,0,1,1,0,-1,1,1,1,-1,0,1,1,6.601711602173082e-18,2.825532565730079e-15,1
2020-02-06,1,-1,-1,1,1,1,-1,1,1,1,1,1,0,-1,1,1,1,-1,0,1,1,1.8963178929779626e-16,5.916511826091243e-14,1
2020-02-07,1,-1,-1,1,1,1,-1,1,1,1,1,1,0,-1,1,1,1,-1,0,1,1,1.5718041474955535e-15,3.66230366366464e-13,1
2020-02-08,1,-1,-1,1,1,0,-1,1,1,1,1,1,0,-1,1,1,1,-1,0,1,1,1.1820569482363526e-15,2.8842189536967006e-13,1
2020-02-09,1,-1,-1,1,1,0,-1,1,1,1,1,1,0,-1,1,1,1,-1,0,1,1,3.115860291409754e-16,8.973677639260092e-14,1
2020-02-10,1,-1,-1,1,1,0,-1,1,1,1,1,1,0,-1,1,1,1,-1,0,1,1,1.388407455149711e-16,4.5145558330904336e-14,1
2020-02-11,1,-1,-1,1,1,0,-1,1,1,1,1,1,0,-1,1,1,1,-1,0,1,1,1.3018468375608283e-16,4.270057627199517e-14,1
2020-02-12,1,-1,-1,1,1,0,-1,1,1,1,1,1,1,-1,1,1,1,-1,0,1,1,4.6775292301790965e-17,1.697943110555012e-14,1
2020-02-13,1,-1,-1,1,1,-1,-1,1,1,1,1,1,1,-1,1,1,1,-1,0,1,1,2.1488416478108637e-18,1.0164020994145385e-15,1
2020-02-14,1,-1,-1,1,1,-1,-1,1,1,1,1,1,1,-1,1,1,1,-1,0,1,1,5.769599170148028e-20,3.415602708727633e-17,1
2020-02-15,1,0,-1,1,1,-1,-1,1,1,0,1,1,1,0,1,1,1,-1,0,1,1,7.297240284055818e-22,5.027798555714458e-19,1
2020-02-16,1,0,-1,1,1,-1,0,1,1,0,1,1,1,0,1,1,1,-1,0,1,1,5.1790515756683964e-24,3.956795403810655e-21,1
2020-02-17,1,0,-1,0,1,-1,0,1,1,0,1,1,1,0,1,1,1,-1,0,1,1,5.055406140230474e-25,3.9988262569223054e-22,1
2020-02-18,1,0,-1,0,1,-1,0,1,1,0,1,1,1,0,1,1,1,-1,0,1,1,1.863931150271255e-23,1.4016762250039837e-20,1
2020-02-19,1,0,-1,0,1,-1,0,1,1,0,1,1,1,0,1,1,1,-1,0,1,1,1.1544030866023734e-21,7.815308896298068e-19,1
2020-02-20,1,1,-1,0,1,-1,0,1,1,-1,1,1,1,1,1,1,1,-1,0,1,1,2.716316646901736e-20,1.646087888022452e-17,1
2020-02-21,1,1,-1,0,1,-1,1,1,1,-1,1,1,1,1,1,1,1,-1,0,1,1,2.3317759711873126e-19,1.2708179042970854e-16,1
2020-02-22,1,1,-1,0,1,-1,1,1,1,-1,1,1,1,1,1,1,1,-1,0,1,1,9.595875429342623e-19,4.778745963812626e-16,1
2020-02-23,1,1,-1,-1,1,-1,1,1,1,-1,1,1,1,1,1,1,1,-1,0,1,1,2.8547643579275492e-18,1.3136214992876708e-15,1
2020-02-24,1,1,-1,-1,1,-1,1,1,1,-1,1,1,1,1,1,1,1,-1,0,1,1,8.639214204632684e-18,3.593913109127197e-15,1
2020-02-25,1,1,-1,-1,1,-1,1,1,1,-1,1,1,1,1,1,1,1,-1,0,1,1,5.810003138354445e-17,2.062551114115828e-14,1
2020-02-26,1,1,-1,0,1,-1,1,1,1,-1,1,1,1,1,1,1,1,-1,0,1,1,2.6402427741673246e-15,5.808534103168114e-13,1
2020-02-27,1,1,-1,0,1,-1,1,1,1,-1,1,1,1,1,1,1,1,-1,0,1,1,7.130390772741285e-14,8.770380650471781e-12,1
2020-02-28,1,1,-1,0,1,-1,1,0,1,-1,1,1,1,1,1,1,1,0,0,1,1,8.846944848045857e-15,1.610143962344346e-12,1
2020-02-29,1,1,-1,0,1,-1,1,0,1,-1,1,1,1,1,1,1,1,0,0,1,1,5.12435491439142e-14,6.507930741277104e-12,1
2020-03-01,1,1,-1,0,1,-1,1,0,1,-1,1,1,1,1,1,1,1,0,0,0,1,2.889692613664397e-14,4.250806122113453e-12,1
2020-03-02,1,1,-1,0,1,-1,1,0,1,-1,1,1,1,1,1,1,1,0,0,0,1,1.9707626877891646e-14,3.0940974198289883e-12,1
2020-03-03,1,0,-1,-1,1,-1,1,0,1,-1,1,1,1,1,1,1,1,0,0,0,1,1.4076747684834803e-14,2.4493540971612557e-12,1
2020-03-04,1,0,-1,-1,1,-1,1,-1,1,-1,1,1,1,1,1,1,1,1,0,0,1,8.630801190371574e-17,2.9431032059167065e-14,1
2020-03-05,1,0,-1,-1,1,-1,1,-1,1,-1,1,1,1,1,1,1,1,1,0,0,1,1.1496994766059992e-19,6.530293027122076e-17,1
2020-03-06,1,0,-1,-1,1,-1,1,-1,1,-1,1,1,1,1,1,1,1,1,0,-1,1,4.676438043265022e-20,2.801273442693737e-17,1
2020-03-07,1,0,-1,-1,1,-1,1,-1,1,-1,1,1,1,1,1,1,1,1,0,-1,1,9.970188319848372e-20,5.712917907273117e-17,1
2020-03-08,1,-1,-1,-1,1,-1,1,-1,1,-1,1,1,1,1,1,1,1,1,0,-1,1,6.473052919976446e-18,2.783412755589872e-15,1
2020-03-09,1,-1,-1,-1,1,-1,0,-1,1,-1,1,1,1,1,1,1,1,1,0,-1,1,1.9483745320313418e-15,4.422810187711146e-13,1
2020-03-10,1,-1,-1,-1,1,-1,0,-1,1,-1,1,1,1,1,1,1,1,1,0,-1,1,3.599178985406044e-14,5.074842369422523e-12,1
2020-03-11,1,-1,-1,-1,1,-1,0,-1,1,-1,1,1,1,1,1,1,1,1,0,-1,1,3.6613037719322845e-14,5.125825280705199e-12,1
2020-03-12,1,-1,-1,-1,1,-1,0,-1,1,-1,1,1,1,1,1,1,0,1,0,-1,1,1.8135857522573298e-16,5.694659262088015e-14,1
2020-03-13,1,-1,-1,-1,1,-1,0,-1,1,-1,1,0,1,1,1,1,0,1,0,-1,1,8.292243438026426e-16,2.1559832938868707e-13,1
2020-03-14,1,-1,-1,-1,1,-1,-1,-1,1,-1,1,0,1,1,1,1,0,1,0,-1,1,1.6111927790735142e-15,3.737967247450553e-13,1
2020-03-15,1,-1,-1,-1,1,-1,-1,-1,1,-1,1,0,1,1,1,1,0,0,0,-1,0,100.0,1.0,0
2020-03-16,1,-1,-1,-1,1,-1,-1,-1,1,-1,0,0,1,1,1,1,0,0,0,-1,-1,2.8811858027013164e-12,1.8147841887888698e-10,-1
2020-03-17,1,-1,-1,-1,1,-1,-1,-1,1,-1,0,0,1,1,1,1,0,0,0,-1,-1,1.8071468311303413e-11,9.216448838764741e-10,-1
2020-03-18,1,-1,-1,-1,1,-1,-1,-1,1,-1,0,-1,1,1,1,1,-1,0,0,-1,-1,4.432447955178894e-12,2.6151442935555475e-10,-1
2020-03-19,1,-1,-1,-1,1,-1,-1,-1,1,-1,0,-1,1,1,1,1,-1,0,0,-1,-1,2.0657049952971746e-13,1.9830767954852878e-11,-1
2020-03-20,0,-1,-1,-1,1,-1,-1,-1,1,-1,0,-1,1,1,1,1,-1,0,0,-1,-1,6.169696252572067e-15,1.1784119842412648e-12,-1
2020-03-21,0,-1,-1,-1,1,-1,-1,-1,1,-1,-1,-1,1,1,1,1,-1,0,0,-1,-1,1.8250053266834936e-16,5.712266672519336e-14,-1
2020-03-22,0,-1,-1,-1,1,-1,-1,-1,1,-1,-1,-1,1,1,1,1,-1,0,0,-1,-1,5.353017087043678e-18,2.3339154499510436e-15,-1
2020-03-23,0,-1,-1,-1,1,-1,-1,-1,1,-1,-1,-1,1,1,1,0,-1,0,0,-1,-1,1.0715997375946235e-19,6.097402506913408e-17,-1
2020-03-24,0,-1,-1,-1,1,-1,-1,-1,1,-1,-1,-1,1,1,1,0,-1,0,0,-1,-1,1.6594667553032395e-20,1.0338477885539182e-17,-1
2020-03-25,-1,-1,-1,-1,1,-1,-1,-1,0,-1,-1,-1,1,1,1,0,-1,1,0,-1,-1,5.8709324543216445e-18,2.5421137527212722e-15,-1
2020-03-26,-1,-1,0,-1,1,-1,-1,-1,0,-1,-1,-1,1,1,1,0,-1,1,0,-1,-1,2.3752716819590357e-19,1.2921477949857155e-16,-1
2020-03-27,-1,-1,0,-1,1,-1,-1,-1,0,-1,-1,-1,1,1,0,0,-1,1,0,-1,-1,1.1986863972596831e-18,5.885550210545044e-16,-1
2020-03-28,-1,-1,0,-1,1,-1,-1,-1,0,-1,-1,-1,1,1,0,-1,-1,1,0,-1,-1,8.999867409701434e-16,2.276966454654463e-13,-1
2020-03-29,-1,-1,0,-1,1,-1,-1,-1,0,-1,-1,-1,1,1,0,-1,-1,1,0,-1,-1,2.5863789153180047e-13,2.301877234633024e-11,-1
2020-03-30,-1,-1,1,-1,1,-1,-1,-1,-1,-1,-1,0,1,1,0,-1,-1,1,0,-1,-1,4.656056772261145e-13,3.8645271209767505e-11,-1
2020-03-31,-1,-1,1,-1,1,-1,-1,-1,-1,-1,-1,0,1,1,0,-1,-1,1,0,-1,-1,2.833532147311234e-15,6.129620283165528e-13,-1
2020-04-01,-1,-1,1,-1,1,-1,-1,-1,-1,-1,-1,0,1,1,-1,-1,-1,1,0,-1,-1,2.2959996119190976e-17,9.000318478722863e-15,-1
2020-04-02,-1,-1,1,-1,1,-1,-1,-1,-1,-1,-1,0,1,1,-1,-1,-1,1,0,-1,-1,7.583443660424726e-18,3.19262978103881e-15,-1
2020-04-03,-1,-1,1,-1,1,-1,0,-1,-1,-1,-1,0,1,1,-1,-1,-1,1,0,-1,-1,1.446275554007409e-20,9.039222212546307e-18,-1
2020-04-04,-1,-1,1,-1,1,-1,0,-1,-1,-1,-1,1,1,1,-1,-1,-1,1,0,-1,-1,4.611871334104121e-23,3.4081729159029454e-20,-1
2020-04-05,-1,0,1,-1,1,-1,0,-1,-1,-1,-1,1,1,1,-1,-1,-1,1,0,-1,-1,2.1345410638533173e-25,1.701229227891094e-22,-1
2020-04-06,-1,0,1,-1,1,-1,0,-1,-1,-1,-1,1,1,1,-1,-1,-1,1,0,-1,-1,8.143502361801802e-28,6.750963457933694e-25,-1
2020-04-07,-1,0,1,-1,1,-1,0,-1,-1,-1,-1,1,1,1,-1,-1,-1,1,0,-1,-1,1.2549341874993481e-30,1.0679489935619452e-27,-1
2020-04-08,-1,0,1,-1,1,-1,1,-1,-1,-1,-1,1,1,1,-1,-1,-1,1,0,-1,-1,3.4900784165555586e-33,2.990997202988114e-30,-1
2020-04-09,-1,0,1,-1,1,-1,1,-1,-1,-1,-1,1,1,1,-1,-1,-1,1,0,0,-1,1.358003652933675e-32,1.161093123258292e-29,-1
2020-04-10,-1,0,1,-1,1,-1,1,-1,-1,-1,-1,1,1,1,-1,-1,-1,1,0,0,-1,9.4153259222922e-30,7.984196382103785e-27,-1
2020-04-11,-1,0,1,-1,1,-1,1,-1,-1,-1,-1,1,0,1,-1,-1,-1,1,0,0,-1,7.630781185238072e-27,6.234348228339505e-24,-1
2020-04-12,-1,0,1,-1,1,-1,1,-1,-1,0,-1,1,0,1,-1,-1,-1,1,0,0,-1,2.4000957674148713e-24,1.8576741239791102e-21,-1
2020-04-13,-1,0,1,-1,0,-1,1,-1,-1,0,-1,1,0,1,-1,-1,-1,1,0,0,-1,1.5331219493768466e-22,1.0946490718550684e-19,-1
2020-04-14,-1,-1,1,-1,0,-1,1,-1,-1,0,-1,1,0,1,-1,-1,-1,1,0,1,-1,3.0691216859342496e-23,2.2895647777069503e-20,-1
2020-04-15,-1,-1,1,-1,0,-1,1,-1,-1,0,-1,1,0,1,-1,-1,-1,1,0,1,-1,1.955138194844341e-24,1.5230526537837418e-21,-1
2020-04-16,-1,-1,1,-1,0,-1,1,-1,-1,0,-1,1,0,1,-1,-1,-1,1,0,1,-1,9.451175710890907e-26,7.617647622978071e-23,-1
2020-04-17,-1,-1,1,-1,0,-1,1,-1,-1,1,-1,1,-1,1,-1,-1,-1,1,0,1,-1,3.473432458722301e-27,2.8586349135284538e-24,-1
2020-04-18,-1,-1,1,-1,0,-1,1,-1,-1,1,-1,1,-1,1,-1,-1,-1,1,0,1,-1,2.2793565598096674e-28,1.9032627274410723e-25,-1
2020-04-19,-1,-1,1,-1,-1,-1,1,-1,-1,1,-1,1,-1,1,-1,-1,-1,1,0,1,-1,3.6957823152723024e-29,3.115544491774551e-26,-1
2020-04-20,-1,-1,1,-1,-1,-1,1,-1,-1,1,-1,1,-1,1,-1,-1,-1,1,0,1,-1,3.342716606170232e-29,2.824595532213846e-26,-1
2020-04-21,-1,-1,1,-1,-1,-1,1,-1,-1,1,-1,1,-1,0,-1,-1,-1,1,0,1,-1,1.0635936454530555e-28,8.923550685351136e-26,-1
2020-04-22,-1,-1,1,-1,-1,-1,1,-1,-1,1,-1,1,-1,0,-1,-1,-1,1,0,1,-1,5.091221262221179e-28,4.235896090168021e-25,-1
2020-04-23,-1,-1,1,-1,-1,-1,1,-1,-1,1,-1,1,-1,0,-1,-1,-1,1,0,1,-1,3.60118604024641e-27,2.956573739042303e-24,-1
2020-04-24,-1,-1,1,-1,-1,-1,1,-1,-1,1,-1,1,-1,0,-1,-1,-1,1,0,1,-1,3.893229975421422e-26,3.165195970017616e-23,-1
2020-04-25,-1,-1,1,-1,-1,-1,1,-1,-1,1,-1,1,-1,0,-1,-1,-1,1,0,1,-1,4.797519902555573e-25,3.7996357628240137e-22,-1
2020-04-26,-1,-1,1,-1,-1,-1,1,-1,-1,1,-1,1,-1,-1,-1,-1,-1,1,0,1,-1,4.690031477214509e-24,3.587874080069099e-21,-1
2020-04-27,-1,-1,1,-1,-1,-1,1,-1,-1,1,-1,1,-1,-1,-1,-1,-1,1,0,0,-1,2.4652988982631443e-23,1.8489741736973582e-20,-1
2020-04-28,-1,-1,1,-1,-1,-1,0,-1,-1,1,-1,1,-1,-1,-1,-1,-1,1,0,0,-1,5.97828240609101e-23,4.3701244388525284e-20,-1
2020-04-29,-1,-1,1,-1,-1,-1,0,-1,-1,1,-1,1,-1,-1,-1,-1,-1,1,0,0,-1,5.2909782346255387e-23,3.888869002449771e-20,-1
2020-04-30,-1,-1,1,-1,-1,-1,0,-1,-1,1,-1,1,-1,-1,-1,-1,-1,1,0,0,-1,9.020829161633634e-24,6.846809333679928e-21,-1
2020-05-01,-1,-1,1,-1,-1,-1,0,-1,-1,1,-1,0,-1,-1,-1,-1,-1,1,0,0,-1,5.284545717613411e-26,4.285766576984476e-23,-1
2020-05-02,-1,-1,1,-1,-1,0,0,-1,-1,1,-1,0,-1,-1,-1,-1,-1,1,0,-1,-1,7.371499377132776e-25,5.81611300855776e-22,-1
2020-05-03,-1,-1,1,-1,-1,0,-1,-1,-1,1,-1,0,-1,-1,-1,-1,-1,1,0,-1,-1,6.410119156027518e-22,4.435802455971042e-19,-1
2020-05-04,-1,-1,1,-1,-1,0,-1,-1,-1,1,-1,0,-1,-1,-1,-1,-1,1,0,-1,-1,2.706406768970815e-19,1.4641660620132109e-16,-1
2020-05-05,-1,-1,1,-1,-1,0,-1,-1,-1,1,-1,0,-1,-1,-1,-1,-1,1,0,-1,-1,8.070286882302407e-19,4.1158463099742274e-16,-1
2020-05-06,-1,-1,1,-1,-1,0,-1,-1,-1,1,-1,-1,-1,-1,-1,-1,-1,1,0,-1,-1,7.266045179517367e-20,4.243370384838142e-17,-1
2020-05-07,-1,-1,1,-1,-1,1,-1,-1,-1,1,-1,-1,-1,-1,-1,-1,-1,1,0,-1,-1,1.3393989550166894e-21,9.000760977712152e-19,-1
2020-05-08,-1,-1,1,-1,-1,1,-1,-1,-1,1,-1,-1,-1,-1,-1,-1,-1,1,0,-1,-1,1.188678496411987e-23,8.974522647910501e-21,-1
2020-05-09,-1,-1,1,-1,-1,1,-1,-1,-1,1,-1,-1,-1,-1,-1,-1,-1,1,0,-1,-1,4.127466415042762e-26,3.3515027290147225e-23,-1
2020-05-10,-1,-1,1,-1,-1,1,-1,-1,-1,1,-1,-1,-1,-1,-1,-1,-1,1,0,-1,-1,7.854138398563523e-29,6.597476254793359e-26,-1
2020-05-11,-1,-1,1,-1,-1,1,-1,-1,-1,0,-1,-1,-1,-1,-1,-1,-1,1,0,-1,-1,3.3850701336041533e-29,2.856999192761905e-26,-1
2020-05-12,-1,-1,0,-1,-1,1,-1,-1,-1,0,-1,-1,-1,-1,-1,-1,-1,1,0,-1,-1,1.1396770167972412e-26,9.299764457065488e-24,-1
2020-05-13,-1,-1,0,-1,-1,1,-1,-1,-1,0,-1,-1,-1,-1,-1,-1,-1,0,0,-1,-1,3.048902173970283e-24,2.347654673957118e-21,-1
2020-05-14,-1,-1,0,-1,-1,1,-1,-1,-1,0,-1,-1,-1,-1,-1,-1,-1,0,0,-1,-1,3.051348068824662e-22,2.1512003885213866e-19,-1
2020-05-15,-1,-1,0,-1,-1,1,-1,-1,-1,0,-1,-1,-1,-1,-1,-1,-1,0,0,-1,-1,1.1664230312512519e-20,7.348465096882887e-18,-1
2020-05-16,-1,-1,-1,-1,-1,1,-1,-1,-1,-1,-1,-1,-1,-1,-1,-1,-1,0,1,-1,-1,9.85704059328256e-22,6.722501684618705e-19,-1
2020-05-17,-1,-1,-1,-1,-1,1,-1,-1,-1,-1,-1,-1,-1,-1,-1,-1,-1,0,1,-1,-1,9.84190868285795e-25,7.7455821334092075e-22,-1
2020-05-18,-1,0,-1,-1,-1,1,-1,-1,-1,-1,-1,-1,-1,-1,-1,-1,-1,-1,1,-1,-1,7.374772934598791e-24,5.61220220322968e-21,-1
2020-05-19,-1,0,-1,-1,-1,1,-1,-1,-1,-1,-1,-1,-1,-1,-1,-1,-1,-1,1,-1,-1,9.4644026683951e-25,7.457949302695339e-22,-1
2020-05-20,-1,0,-1,-1,-1,1,-1,-1,-1,-1,-1,-1,-1,-1,-1,-1,-1,-1,1,-1,-1,3.655465909696388e-25,2.9060953982086287e-22,-1
2020-05-21,-1,0,-1,-1,-1,1,-1,-1,-1,-1,-1,-1,-1,-1,-1,-1,-1,-1,1,-1,-1,1.2651201158837345e-24,9.931192909687316e-22,-1
2020-05-22,-1,0,-1,0,-1,1,-1,-1,-1,-1,-1,-1,-1,-1,-1,-1,-1,-1,1,-1,-1,1.4664147952295391e-24,1.1452699550742701e-21,-1
2020-05-23,-1,1,-1,0,-1,1,0,-1,-1,-1,-1,0,-1,-1,-1,-1,-1,-1,1,-1,-1,2.3023617570913585e-22,1.6300721240206818e-19,-1
2020-05-24,-1,1,-1,0,-1,1,0,0,-1,-1,-1,0,-1,-1,-1,-1,-1,-1,1,-1,-1,6.121512042510899e-21,3.917767707206975e-18,-1
2020-05-25,-1,1,-1,0,-1,1,0,0,-1,-1,-1,0,-1,-1,-1,-1,-1,-1,1,-1,-1,7.231517033889147e-20,4.230437464825151e-17,-1
2020-05-26,-1,1,0,0,-1,1,0,0,-1,-1,-1,0,-1,-1,-1,-1,-1,-1,1,-1,-1,4.639763668157096e-19,2.459074744123261e-16,-1
2020-05-27,-1,1,0,1,-1,1,0,0,-1,-1,-1,1,-1,-1,-1,-1,-1,-1,1,-1,-1,1.9211145005101815e-18,9.182927312438667e-16,-1
2020-05-28,-1,1,0,1,-1,1,1,0,-1,-1,0,1,-1,-1,-1,-1,-1,-1,1,-1,-1,4.436421299533571e-18,1.978643899591973e-15,-1
2020-05-29,-1,1,0,1,-1,1,1,1,-1,-1,0,1,-1,-1,-1,-1,-1,-1,1,-1,-1,7.094521882479154e-18,3.0151718000536407e-15,-1
2020-05-30,-1,1,0,1,-1,1,1,1,-1,-1,0,1,-1,-1,-1,-1,-1,0,1,-1,-1,6.521696751464503e-18,2.7978079063782717e-15,-1
2020-05-31,0,1,1,1,-1,1,1,1,-1,-1,0,1,-1,-1,-1,-1,-1,0,1,-1,-1,3.0657162537755375e-18,1.4010323279754206e-15,-1
2020-06-01,0,1,1,1,-1,1,1,1,-1,-1,0,1,-1,-1,-1,-1,-1,0,1,-1,-1,4.750192694424347e-20,2.8406152312657594e-17,-1
2020-06-02,0,1,1,1,-1,1,1,1,-1,-1,1,1,-1,-1,-1,-1,-1,0,1,-1,0,100.0,1.0,0
2020-06-03,0,1,1,1,-1,1,1,1,-1,-1,1,1,-1,0,-1,-1,-1,0,1,-1,1,2.603030209108426e-33,2.2333999194150294e-30,1
2020-06-04,0,1,1,1,-1,1,1,1,-1,-1,1,1,-1,0,-1,-1,-1,1,1,-1,1,3.1880699919130946e-34,2.7449282630371746e-31,1
2020-06-05,1,1,1,1,-1,1,1,1,-1,-1,1,1,-1,0,-1,-1,-1,1,1,-1,1,4.987594335046614e-29,4.199554430109249e-26,1
2020-06-06,1,1,1,1,-1,1,1,1,-1,-1,1,1,-1,0,-1,-1,-1,1,1,0,1,1.882918250294583e-23,1.4140716059712317e-20,1
2020-06-07,1,1,1,1,-1,1,1,1,-1,-1,1,1,-1,1,-1,-1,-1,1,1,0,1,2.4795370678080946e-19,1.3463886278197953e-16,1
2020-06-08,1,1,1,1,-1,1,1,1,-1,0,1,1,-1,1,-1,-1,-1,1,1,0,1,4.645222249226042e-18,2.0624786786563626e-15,1
2020-06-09,1,1,1,1,-1,1,1,1,-1,0,1,1,-1,1,-1,-1,-1,1,1,0,1,8.389732051884945e-19,4.2452044182537825e-16,1
2020-06-10,1,1,1,1,-1,1,1,1,-1,0,1,1,-1,1,-1,-1,-1,1,1,0,1,6.240450362154263e-20,3.669384812946707e-17,1
2020-06-11,1,1,1,1,-1,1,1,1,-1,0,1,1,-1,1,-1,-1,-1,1,1,0,1,2.9184480485420115e-23,2.1829991403094246e-20,1
2020-06-12,1,1,1,1,-1,1,1,1,0,0,1,1,-1,1,-1,0,-1,1,1,0,1,3.8681079030759245e-23,2.8778722798884876e-20,1
2020-06-13,1,1,1,1,-1,1,1,1,0,1,1,1,-1,1,-1,0,-1,1,1,0,1,8.473521252129217e-20,4.889221762478558e-17,1
2020-06-14,1,1,1,1,-1,1,1,1,0,1,1,1,-1,1,-1,0,-1,1,1,0,1,2.984840421619055e-17,1.1521484027449553e-14,1
2020-06-15,1,1,1,1,-1,1,1,1,0,1,1,1,-1,1,-1,0,-1,1,1,0,1,2.8374583457795414e-15,6.129620283165528e-13,1
2020-06-16,1,1,1,1,-1,1,1,1,0,1,1,1,-1,1,-1,0,-1,1,1,-1,1,8.823915774310876e-14,1.0765177244659268e-11,1
2020-06-17,1,1,1,1,-1,1,1,1,1,1,1,1,-1,1,-1,1,-1,1,1,-1,1,4.623661087593119e-15,9.201085564310306e-13,1
2020-06-18,1,1,1,1,-1,1,1,1,1,1,1,1,-1,1,-1,1,-1,1,1,-1,1,2.239983919935865e-17,8.80313680534795e-15,1
2020-06-19,1,1,1,1,-1,1,1,1,1,1,1,1,-1,1,-1,1,-1,1,1,-1,1,3.2223112471045185e-18,1.4629293061854515e-15,1
2020-06-20,1,1,1,1,-1,1,1,1,1,1,1,1,-1,1,-1,1,-1,1,1,-1,1,3.510520895220277e-17,1.319955856602824e-14,1
2020-06-21,1,1,1,1,-1,1,1,1,1,1,1,1,-1,1,-1,1,-1,1,1,-1,1,4.302887877455475e-16,1.204808605687533e-13,1
2020-06-22,1,1,1,1,-1,1,1,1,1,1,1,1,-1,1,0,1,0,1,1,-1,1,1.8569206464193443e-15,4.2709174867644917e-13,1
2020-06-23,1,1,1,1,-1,1,1,1,1,1,1,1,-1,1,0,1,0,1,1,0,1,2.4511513201656577e-17,9.534978635444408e-15,1
2020-06-24,1,1,1,1,-1,1,1,1,1,1,1,1,-1,1,0,1,0,1,1,0,1,6.2374124857496666e-18,2.694562193843856e-15,1
2020-06-25,1,1,1,1,-1,1,1,1,1,1,1,1,-1,1,0,1,0,1,1,0,1,3.572963585589283e-17,1.339861344595981e-14,1
2020-06-26,1,1,0,1,-1,1,1,1,1,1,1,1,-1,1,1,1,0,1,1,0,1,1.4458028276461854e-15,3.419139901153213e-13,1
2020-06-27,1,1,0,1,-1,1,1,1,1,1,1,1,-1,1,1,1,1,1,1,0,1,1.5516154182187686e-17,6.284042443786013e-15,1
2020-06-28,1,0,0,1,-1,1,1,1,1,1,1,1,0,1,1,1,1,1,1,1,1,1.1574025886448193e-19,6.562472677616126e-17,1
2020-06-29,1,0,0,1,-1,1,1,1,1,1,1,1,0,1,1,1,1,1,1,1,1,1.725099981535918e-21,1.1489165877029213e-18,1
2020-06-30,1,0,0,1,-1,1,1,1,1,1,1,1,0,1,1,1,1,1,1,1,1,1.1876386823231556e-22,8.527245739080257e-20,1
2020-07-01,1,0,-1,1,-1,1,1,1,1,1,1,1,0,1,1,1,1,1,1,1,1,5.667437814240489e-23,4.1542319178382786e-20,1
2020-07-02,1,0,-1,1,0,1,1,1,1,1,1,1,0,1,1,1,1,1,1,1,1,6.351495033127926e-23,4.630239879150258e-20,1
2020-07-03,1,-1,-1,1,0,1,1,1,1,1,1,1,0,1,1,1,1,1,1,1,1,5.587145515195929e-23,4.100964808153812e-20,1
2020-07-04,1,-1,-1,1,0,1,0,1,1,1,1,1,0,1,1,1,1,1,1,1,1,6.074334444331418e-23,4.434264144361935e-20,1
2020-07-05,1,-1,-1,1,0,1,0,0,1,1,1,1,0,1,1,1,1,1,1,1,1,1.995711747567004e-22,1.4169553407725729e-19,1
2020-07-06,1,-1,-1,1,0,1,0,0,1,1,1,1,0,1,1,1,1,1,1,1,1,7.385488443583475e-22,5.081216049185431e-19,1
2020-07-07,1,0,-1,0,0,1,0,0,1,1,1,1,0,1,1,1,1,1,1,1,1,1.4042843736090588e-21,9.422748146916785e-19,1
2020-07-08,1,0,0,0,1,1,0,0,1,1,1,1,0,1,1,1,1,1,1,1,1,1.7763415396509203e-21,1.1794907823282112e-18,1
2020-07-09,1,0,0,0,1,1,-1,0,1,1,1,1,0,1,1,1,1,1,1,1,1,1.2743072851711705e-21,8.58883110205369e-19,1
2020-07-10,1,0,0,0,1,0,-1,-1,1,1,1,1,0,1,1,1,1,1,1,1,1,4.3089024410877235e-22,3.0119228063203186e-19,1
2020-07-11,1,0,0,0,1,0,0,-1,1,1,1,1,0,1,1,1,1,1,1,1,1,3.139731783112774e-24,2.4144537412137234e-21,1
2020-07-12,1,1,0,0,1,0,0,-1,1,1,1,1,0,1,1,1,1,1,1,1,1,2.0248410200506416e-24,1.5753263135993992e-21,1
2020-07-13,1,1,1,-1,1,0,0,-1,1,1,1,1,0,1,1,1,1,1,0,1,1,6.084710359562669e-22,4.2167042791769293e-19,1
2020-07-14,1,1,1,-1,1,-1,0,-1,1,1,1,1,0,1,1,1,1,1,0,1,1,3.1415330885024325e-19,1.6870032685258062e-16,1
2020-07-15,1,1,1,0,1,-1,0,-1,1,1,1,1,0,1,1,1,1,1,0,1,1,4.3921886416083145e-17,1.6251097973950763e-14,1
2020-07-16,1,1,1,0,1,-1,0,-1,1,1,1,1,0,1,1,1,1,1,0,1,1,2.2957645900387405e-16,6.979124353717771e-14,1
2020-07-17,1,1,1,0,1,-1,1,-1,1,1,1,1,0,1,1,1,1,1,0,1,1,7.342486830782431e-16,1.9531014969881267e-13,1
2020-07-18,1,1,1,0,1,-1,1,-1,1,1,1,1,0,1,1,1,1,1,0,1,1,2.723546847415871e-15,5.9373321273666e-13,1
2020-07-19,1,1,1,0,1,-1,1,-1,1,1,1,1,0,1,1,1,1,1,-1,1,1,6.980669620143444e-17,2.4432343670502055e-14,1
2020-07-20,1,1,1,1,1,-1,1,-1,1,1,1,1,0,1,1,1,1,1,-1,1,1,4.955060227244369e-19,2.6014066193032937e-16,1
2020-07-21,1,1,1,1,1,-1,1,-1,1,1,1,1,0,1,1,1,1,1,-1,1,1,1.1124523038309442e-21,7.564675666050421e-19,1
2020-07-22,1,1,1,1,1,-1,1,0,1,1,1,1,0,1,1,1,1,1,-1,1,1,2.3472386649649688e-24,1.819109965347851e-21,1
2020-07-23,1,1,1,1,1,0,1,0,1,1,1,1,0,1,1,1,1,1,-1,1,1,1.2703319366490456e-25,1.0175358812558854e-22,1
2020-07-24,1,1,1,1,1,0,1,0,1,1,1,1,0,1,1,1,1,1,-1,1,1,1.4832728902064907e-25,1.185135039274986e-22,1
2020-07-25,1,1,1,1,1,0,1,0,1,1,1,1,0,1,1,1,1,1,-1,1,1,1.5705713521671302e-25,1.2533159390293698e-22,1
2020-07-26,1,1,1,1,1,0,1,0,1,1,1,1,0,1,1,1,1,1,-1,1,1,3.938150120355851e-25,3.1268911955625456e-22,1
2020-07-27,1,1,1,1,1,0,1,1,1,1,1,1,0,1,1,1,1,1,-1,1,1,8.144128456109369e-23,5.896349002223183e-20,1
2020-07-28,1,1,1,1,1,1,1,1,1,1,1,1,0,1,1,1,1,1,-1,1,1,1.2587012963101283e-20,7.904644140827606e-18,1
2020-07-29,1,1,1,1,1,1,1,1,1,1,1,1,0,1,1,1,0,1,0,1,1,6.00980045495775e-19,3.12509623657803e-16,1
2020-07-30,1,1,1,1,1,1,1,1,1,1,1,1,0,1,1,1,0,1,0,1,1,6.646085498264949e-19,3.436026202602979e-16,1
2020-07-31,1,1,1,1,1,1,1,1,1,1,1,1,0,1,1,1,0,1,0,1,1,1.2999608174068801e-17,5.303840135020071e-15,1
2020-08-01,1,1,1,1,1,1,1,1,1,1,1,1,0,1,1,1,0,1,0,1,1,1.4532067494897037e-17,5.900019402928197e-15,1
2020-08-02,1,1,1,1,1,1,1,1,1,1,1,1,0,1,1,1,0,1,0,1,1,8.146304137835604e-16,2.1261853799750927e-13,1
2020-08-03,1,1,1,1,1,1,1,1,1,1,1,1,0,1,1,0,-1,1,0,1,1,7.601548174869491e-15,1.4290910568754644e-12,1
2020-08-04,1,1,1,1,1,1,1,1,1,1,1,1,0,1,1,0,-1,1,0,1,1,2.0640933379179963e-14,3.1993446737728944e-12,1
2020-08-05,1,1,1,1,1,1,1,1,1,1,1,1,0,1,1,0,-1,1,0,1,1,3.124354671673514e-14,4.530314273926595e-12,1
2020-08-06,1,1,1,1,1,1,1,1,1,1,1,1,0,1,1,0,-1,1,0,1,1,2.7589818289264212e-14,4.1108829251003676e-12,1
2020-08-07,1,0,1,1,1,1,1,1,1,1,1,1,0,1,1,0,-1,1,0,1,1,1.5239986695158558e-14,2.5298377913963208e-12,1
2020-08-08,1,0,1,1,1,1,1,1,1,1,1,1,0,1,1,-1,-1,1,0,1,1,4.907469857707972e-15,9.667715619684704e-13,1
2020-08-09,1,0,1,1,1,1,1,1,1,1,1,1,0,1,1,-1,-1,1,0,1,1,8.617027622392397e-16,2.188725016087669e-13,1
2020-08-10,1,0,1,1,1,1,0,1,1,1,1,1,0,1,1,-1,-1,1,0,1,1,6.832725847583565e-17,2.3982867725018314e-14,1
2020-08-11,1,0,1,1,1,1,0,1,1,1,1,1,0,1,1,-1,-1,1,0,1,1,2.3696935267579245e-18,1.1137559575762246e-15,1
2020-08-12,1,-1,1,1,1,1,0,1,1,1,1,1,0,1,1,-1,-1,1,0,1,1,2.375898655872689e-20,1.4469222814264678e-17,1
2020-08-13,1,-1,1,1,1,1,0,1,1,1,1,1,0,1,1,-1,-1,1,0,1,1,7.175099765501021e-23,5.2019473299882404e-20,1
2020-08-14,0,-1,1,1,1,1,0,1,1,1,1,1,0,1,0,-1,-1,1,0,1,1,1.2941799616313967e-23,9.758116910700731e-21,1
2020-08-15,0,-1,1,1,1,1,-1,1,1,1,1,0,0,1,0,-1,-1,1,0,1,1,2.5728126418246886e-21,1.6903379056788204e-18,1
2020-08-16,0,-1,1,0,1,1,-1,1,1,1,1,0,0,1,0,-1,-1,1,0,1,1,2.7336621756698887e-19,1.4761775748617399e-16,1
2020-08-17,0,-1,1,0,1,1,-1,1,1,1,1,0,0,1,0,-1,-1,1,0,1,1,8.396486790119999e-18,3.5013349914800395e-15,1
2020-08-18,0,-1,1,0,1,1,-1,1,1,1,1,0,0,1,0,-1,-1,1,0,1,1,2.970631660551955e-16,8.614831815600669e-14,1
2020-08-19,0,-1,1,0,1,1,-1,1,1,1,1,-1,0,0,-1,-1,-1,1,0,1,1,2.8247098079103814e-15,6.129620283165528e-13,1
2020-08-20,-1,-1,1,0,1,1,-1,1,1,1,1,-1,0,0,-1,-1,-1,1,0,1,1,1.5935213632930456e-14,2.6147648583511493e-12,1
2020-08-21,-1,-1,1,-1,1,1,-1,1,1,1,0,-1,0,0,-1,-1,-1,1,0,1,0,100.0,1.0,0
2020-08-22,-1,-1,1,-1,1,1,-1,1,1,1,0,-1,0,0,-1,-1,-1,1,0,1,0,100.0,1.0,0
2020-08-23,-1,-1,1,-1,1,1,-1,1,1,1,0,-1,0,-1,-1,-1,-1,1,0,1,-1,2.5496077007818094e-20,1.5476118743745584e-17,-1
2020-08-24,-1,-1,1,-1,1,1,-1,1,1,1,0,-1,0,-1,-1,-1,-1,1,0,1,-1,4.871718754388496e-20,2.908416096369932e-17,-1
2020-08-25,-1,-1,1,-1,1,1,-1,1,1,1,-1,-1,0,-1,-1,-1,-1,1,0,1,-1,5.313979136475766e-17,1.9024045308583243e-14,-1
2020-08-26,-1,-1,1,-1,1,1,-1,1,1,1,-1,-1,0,-1,-1,-1,-1,1,0,1,-1,8.894974526017154e-18,3.691414428297119e-15,-1
2020-08-27,-1,-1,1,-1,1,1,-1,1,1,1,-1,-1,0,-1,-1,-1,-1,1,0,1,-1,7.291241481479908e-19,3.74781325090985e-16,-1
2020-08-28,-1,-1,1,-1,1,1,-1,1,1,1,-1,-1,0,-1,-1,-1,-1,1,0,0,-1,2.194961968468778e-17,8.69204939513636e-15,-1
2020-08-29,-1,-1,1,-1,1,1,-1,1,1,1,-1,-1,0,-1,-1,-1,-1,1,0,0,-1,2.4205411485515344e-14,3.679222545798332e-12,-1
2020-08-30,-1,-1,1,-1,1,1,-1,1,1,1,-1,-1,0,-1,-1,-1,-1,1,0,0,-1,1.5607812492396396e-13,1.6388203117016214e-11,-1
2020-08-31,-1,-1,1,-1,1,1,0,1,1,1,-1,-1,0,-1,-1,-1,-1,1,0,0,-1,1.4662266059910874e-14,2.5072474962447596e-12,-1
2020-09-01,-1,-1,1,-1,1,1,0,1,1,1,-1,-1,0,-1,-1,-1,-1,1,0,0,-1,2.39902384532338e-14,3.670506483344771e-12,-1
2020-09-02,0,-1,1,-1,1,1,0,1,1,1,-1,-1,0,-1,-1,-1,-1,1,0,-1,-1,1.9327540092335755e-14,3.053751334589049e-12,-1
2020-09-03,0,-1,1,-1,1,0,0,1,1,1,-1,-1,0,-1,-1,-1,-1,1,0,-1,-1,4.3555580478889945e-15,8.754671676256879e-13,-1
2020-09-04,0,-1,1,-1,1,0,0,1,1,1,0,-1,0,-1,-1,-1,-1,1,0,-1,-1,1.3098526262004105e-15,3.1698433554049936e-13,-1
2020-09-05,0,-1,1,-1,1,0,1,1,1,1,0,-1,0,-1,-1,0,-1,1,0,-1,0,100.0,1.0,0
2020-09-06,0,-1,1,-1,1,0,1,1,1,1,0,-1,0,-1,0,0,-1,1,0,-1,0,100.0,1.0,0
2020-09-07,1,-1,1,-1,1,0,1,1,1,1,0,-1,0,-1,0,0,0,1,0,-1,1,2.0967694400717892e-17,8.324174677085003e-15,1
2020-09-08,1,-1,1,-1,1,-1,1,1,1,1,0,-1,0,-1,0,0,0,1,0,-1,1,4.143868908567659e-18,1.856453271038311e-15,1
2020-09-09,1,-1,1,-1,1,-1,1,1,1,1,1,-1,0,-1,0,0,0,1,0,-1,1,6.824913624476225e-19,3.521655430229732e-16,1
2020-09-10,1,-1,1,-1,1,-1,1,1,1,1,1,-1,0,-1,1,1,0,1,0,-1,1,7.919609910116614e-20,4.6012933577777523e-17,1
2020-09-11,1,-1,1,-1,1,-1,1,1,1,1,1,-1,0,-1,1,1,0,1,0,-1,1,4.15175890722614e-21,2.690339771882539e-18,1
2020-09-12,1,-1,1,-1,1,-1,1,1,1,1,1,-1,0,-1,1,1,1,1,0,0,1,1.0291898875575591e-22,7.430750988165576e-20,1
2020-09-13,1,0,1,-1,1,-1,1,1,1,1,1,-1,0,-1,1,1,1,1,0,0,1,9.897405274136763e-25,7.779360545471496e-22,1
2020-09-14,1,0,1,-1,1,-1,1,1,1,1,1,-1,0,-1,1,1,1,1,0,0,1,9.798690172209754e-26,7.887945588628852e-23,1
2020-09-15,1,0,0,-1,1,-1,1,1,1,1,1,-1,0,-1,1,1,1,1,0,0,1,6.898141649884336e-24,5.256383937211864e-21,1
2020-09-16,1,0,0,-1,1,-1,1,1,1,1,1,0,0,-1,1,1,1,1,0,0,1,1.4989420744942114e-21,1.0012933057621332e-18,1
2020-09-17,1,0,0,-1,1,-1,1,1,1,1,1,0,0,-1,1,1,1,1,0,1,1,1.1821683016613565e-19,6.679250904386664e-17,1
2020-09-18,1,1,0,-1,1,-1,1,1,1,1,1,0,0,-1,1,1,1,1,0,1,1,8.94631751661193e-19,4.482105075822576e-16,1
2020-09-19,1,1,0,-1,1,-1,1,1,1,1,1,0,0,-1,1,1,1,1,0,1,1,4.9430890831189944e-18,2.1799022856554765e-15,1
2020-09-20,1,1,-1,-1,1,-1,1,1,1,1,1,0,0,-1,1,1,1,1,0,1,1,1.3639939856889454e-16,4.460260333202851e-14,1
2020-09-21,1,1,-1,0,1,-1,1,1,1,1,1,1,0,-1,1,1,1,1,0,1,1,1.042962030391989e-15,2.596975455676053e-13,1
2020-09-22,1,1,-1,0,1,-1,1,1,1,1,1,1,0,-1,1,1,1,1,0,1,1,3.1004753696415415e-15,6.542003029943653e-13,1
2020-09-23,1,1,-1,0,1,-1,1,1,1,1,1,1,0,-1,1,1,1,1,0,1,1,8.325644561075372e-16,2.1563419413185213e-13,1
2020-09-24,1,1,-1,0,1,-1,1,1,1,1,1,1,0,-1,1,1,1,1,0,1,1,1.9508341755649993e-17,7.783828360504347e-15,1
2020-09-25,1,1,-1,0,1,-1,1,1,1,1,1,1,0,-1,1,1,1,1,0,1,1,1.87254361303903e-19,1.0355166180105835e-16,1
2020-09-26,1,1,-1,1,1,-1,1,1,1,1,1,1,0,-1,1,1,1,1,0,1,1,6.144527446038533e-20,3.625271193162734e-17,1
2020-09-27,1,1,-1,1,1,0,1,1,1,1,1,1,0,-1,1,1,1,1,0,1,1,5.18365647427657e-18,2.2704415357331377e-15,1
2020-09-28,1,1,-1,1,1,0,1,1,1,1,1,1,0,-1,1,1,1,1,0,1,1,3.2817064050369915e-17,1.2503301403190937e-14,1
2020-09-29,1,0,-1,1,1,0,1,1,1,1,1,1,0,-1,1,1,1,1,0,1,1,1.8874096406080156e-17,7.568512658838143e-15,1
2020-09-30,1,0,-1,1,1,0,1,1,1,1,1,1,0,-1,1,1,1,1,0,1,1,3.242875417922709e-17,1.2387784096464748e-14,1
2020-10-01,1,0,-1,1,1,0,1,0,1,0,1,1,0,-1,1,1,1,1,0,1,1,8.088858134723597e-17,2.76638948207547e-14,1
2020-10-02,1,0,-1,1,1,1,1,0,1,0,1,1,0,-1,1,1,1,1,0,1,1,1.71382446425439e-16,5.3985470624013286e-14,1
2020-10-03,1,0,-1,1,1,1,1,0,1,0,1,1,0,-1,1,1,1,1,0,1,1,1.5284724731164702e-16,4.87582718924154e-14,1
2020-10-04,1,0,-1,1,1,1,1,0,0,0,1,1,0,-1,1,1,1,1,0,1,1,6.361441275924667e-17,2.2519502116773322e-14,1
2020-10-05,1,0,-1,1,1,1,1,0,0,0,1,1,0,-1,1,1,1,1,0,1,1,7.400301266953336e-17,2.567904539632808e-14,1
2020-10-06,1,0,-1,1,1,1,1,-1,0,-1,1,1,0,-1,1,1,1,0,0,1,1,3.1726737322028235e-15,6.662614837625929e-13,1
2020-10-07,1,0,-1,1,1,1,0,-1,0,-1,1,1,0,-1,1,1,1,0,0,1,1,2.132735125188148e-13,2.0038911977619118e-11,1
2020-10-08,1,0,-1,1,1,1,0,-1,0,-1,1,1,0,-1,1,1,1,0,0,1,1,8.613880109837022e-13,6.632687684574506e-11,1
2020-10-09,1,1,-1,1,1,1,0,-1,-1,-1,1,1,0,-1,0,1,1,0,0,1,1,1.8845352508103733e-12,1.3003293230591577e-10,1
2020-10-10,1,1,-1,1,1,1,0,-1,-1,-1,1,1,0,-1,0,1,1,-1,0,1,1,2.8112838133967037e-12,1.7992216405738903e-10,1
2020-10-11,1,1,0,0,1,1,0,-1,-1,-1,1,1,0,-1,0,1,1,-1,0,1,1,2.322361768960358e-12,1.509535149824233e-10,1
2020-10-12,1,1,0,0,1,1,-1,-1,-1,-1,1,1,0,-1,0,0,1,-1,0,1,1,9.597329011979401e-13,7.293970049104346e-11,1
2020-10-13,1,1,0,0,1,1,-1,-1,-1,-1,1,1,0,-1,0,0,1,-1,0,0,0,100.0,1.0,0
2020-10-14,1,1,0,0,1,1,-1,-1,-1,-1,1,1,0,-1,-1,0,1,-1,0,0,0,100.0,1.0,0
2020-10-15,0,1,0,0,1,1,-1,-1,-1,-1,1,1,0,-1,-1,0,1,-1,0,0,0,100.0,1.0,0
2020-10-16,0,1,1,-1,1,1,-1,-1,-1,-1,0,1,0,-1,-1,0,1,-1,0,0,-1,1.3515720463986738e-11,7.028174641273103e-10,-1
2020-10-17,0,1,1,-1,1,1,-1,-1,-1,-1,0,1,0,-1,-1,-1,1,-1,0,0,-1,1.9948284085685677e-13,1.9549318403971963e-11,-1
2020-10-18,0,1,1,-1,1,1,-1,-1,-1,-1,0,1,0,-1,-1,-1,1,-1,0,-1,-1,1.6499128440325811e-15,3.8112986697152623e-13,-1
2020-10-19,0,1,1,-1,1,1,-1,-1,-1,-1,0,1,1,-1,-1,-1,1,-1,0,-1,-1,6.489955696180756e-16,1.752288037968804e-13,-1
2020-10-20,-1,1,1,-1,1,1,-1,-1,-1,-1,0,1,1,-1,-1,-1,1,-1,0,-1,-1,1.9728084755180397e-14,3.0940974198289883e-12,-1
2020-10-21,-1,1,1,-1,1,1,-1,-1,-1,-1,-1,1,1,-1,-1,-1,1,-1,0,-1,-1,1.2759509131784208e-14,2.2329140980622365e-12,-1
2020-10-22,-1,1,1,-1,1,1,-1,-1,-1,-1,-1,1,1,-1,-1,-1,1,-1,0,-1,-1,3.7771561251324705e-16,1.0764894956627541e-13,-1
2020-10-23,-1,1,1,-1,1,1,-1,-1,-1,-1,-1,1,1,-1,-1,-1,1,-1,0,-1,-1,1.4278192276771563e-16,4.611856105397215e-14,-1
2020-10-24,-1,1,1,-1,1,1,-1,-1,-1,-1,-1,1,1,-1,-1,-1,0,-1,0,-1,-1,4.4736389867200876e-15,8.947277973440175e-13,-1
2020-10-25,-1,1,1,-1,1,1,-1,-1,-1,-1,-1,1,1,-1,-1,-1,0,-1,0,-1,-1,8.500091700046285e-15,1.5555167811084701e-12,-1
2020-10-26,-1,1,1,-1,1,1,-1,-1,0,-1,-1,1,1,-1,-1,-1,0,-1,0,-1,-1,2.3646623590446538e-17,9.245829823864596e-15,-1
2020-10-27,-1,1,1,-1,1,1,-1,-1,0,-1,-1,1,1,-1,-1,-1,0,-1,0,-1,-1,2.9841959842292942e-19,1.6054974395153603e-16,-1
2020-10-28,-1,1,1,-1,1,1,-1,-1,0,-1,-1,1,1,-1,-1,-1,0,-1,0,-1,-1,6.717318927541116e-17,2.364496262494473e-14,-1
2020-10-29,-1,1,1,-1,1,1,0,-1,0,-1,-1,1,1,-1,-1,-1,0,-1,1,-1,-1,3.792849397082778e-15,7.851198251961351e-13,-1
2020-10-30,-1,1,1,-1,1,1,0,-1,0,-1,-1,1,1,-1,-1,-1,-1,-1,1,-1,-1,3.3243788408403645e-14,4.753861742401721e-12,-1
2020-10-31,-1,1,1,-1,1,1,0,-1,1,-1,-1,1,1,-1,-1,-1,-1,-1,1,-1,-1,7.920531852537283e-13,6.17801484497908e-11,-1
2020-11-01,-1,1,1,-1,1,1,0,-1,1,-1,-1,1,1,-1,0,-1,-1,-1,1,-1,-1,3.8512709472370824e-13,3.3120930146238907e-11,-1
2020-11-02,-1,1,1,-1,1,1,0,-1,1,-1,-1,1,1,-1,0,-1,-1,-1,1,-1,-1,4.025831333638011e-14,5.4594698807046066e-12,-1
2020-11-03,-1,1,1,-1,1,1,1,-1,1,-1,-1,1,1,-1,0,0,-1,-1,1,-1,0,100.0,1.0,0
2020-11-04,-1,1,1,-1,1,1,1,-1,1,-1,-1,1,1,0,0,0,-1,-1,1,-1,1,1.7954942743546793e-28,1.5028287076348666e-25,1
2020-11-05,-1,1,1,-1,1,0,1,0,1,-1,-1,1,1,0,1,0,-1,-1,1,-1,1,5.659932064828413e-28,4.703403545872411e-25,1
2020-11-06,-1,1,1,-1,1,0,1,0,1,-1,-1,1,1,0,1,0,-1,-1,1,-1,1,1.3897474631507625e-25,1.11179797052061e-22,1
2020-11-07,-1,1,1,-1,1,0,1,0,1,-1,-1,1,1,0,1,1,-1,-1,1,-1,1,2.8636546208094883e-23,2.144877310986307e-20,1
2020-11-08,-1,1,1,-1,1,0,1,0,1,-1,-1,1,0,0,1,1,-1,0,1,-1,1,2.225442809116391e-21,1.468792254016818e-18,1
2020-11-09,-1,1,1,-1,1,0,1,0,1,-1,-1,1,0,1,1,1,-1,0,1,-1,1,1.0512257146784807e-19,6.002498830814125e-17,1
2020-11-10,-1,1,1,-1,1,-1,1,1,1,-1,0,1,0,1,1,1,-1,0,1,-1,1,2.584384976318953e-18,1.2017390139883132e-15,1
2020-11-11,-1,1,0,-1,1,-1,1,1,1,0,0,1,0,1,1,1,-1,0,1,-1,1,2.990204798448153e-17,1.1521484027449553e-14,1
2020-11-12,-1,0,0,-1,1,-1,1,1,1,0,0,1,0,1,1,1,-1,0,1,-1,1,1.169662243967486e-17,4.795615200266692e-15,1
2020-11-13,-1,0,0,-1,1,-1,1,1,1,0,0,1,-1,1,1,1,-1,1,1,-1,1,1.0525783832813981e-19,6.002498830814125e-17,1
2020-11-14,-1,0,0,-1,1,-1,1,1,1,0,0,1,-1,1,1,1,-1,1,1,-1,1,2.4302658114195894e-22,1.7181979286736496e-19,1
2020-11-15,-1,0,0,-1,1,-1,1,1,1,0,1,1,-1,1,1,1,-1,1,1,-1,1,8.006953613268146e-26,6.469618519520663e-23,1
2020-11-16,-1,0,-1,-1,1,-1,1,1,1,1,1,1,-1,1,1,1,-1,1,1,0,1,2.5521203703607635e-27,2.10549930554763e-24,1
2020-11-17,-1,-1,-1,-1,1,-1,1,1,1,1,1,1,-1,1,1,1,-1,1,1,0,1,2.593780570959244e-27,2.1372751904704168e-24,1
2020-11-18,-1,-1,-1,-1,1,-1,1,1,1,1,1,1,-1,1,1,1,-1,1,1,0,1,9.971852011148792e-28,8.246721613220051e-25,1
2020-11-19,-1,-1,-1,-1,1,-1,1,1,1,1,1,1,-1,1,1,1,-1,1,1,0,1,9.696366812494096e-28,8.028591720745112e-25,1
2020-11-20,-1,-1,-1,-1,1,-1,1,1,1,1,1,1,-1,1,1,1,-1,1,1,0,1,1.026417690313084e-25,8.242134053214064e-23,1
2020-11-21,-1,-1,-1,0,1,-1,1,1,1,1,1,1,-1,1,1,1,-1,1,1,1,1,3.0245778114078105e-23,2.2593596251216346e-20,1
2020-11-22,-1,-1,-1,0,1,-1,1,1,1,1,1,1,-1,1,1,1,-1,1,0,1,1,2.414106357014378e-21,1.5884819829154608e-18,1
2020-11-23,-1,-1,-1,0,1,-1,1,1,1,1,1,1,-1,1,1,1,-1,1,0,1,1,7.041197995635364e-20,4.133183223437959e-17,1
2020-11-24,-1,-1,-1,0,1,-1,1,1,1,1,1,1,-1,1,0,1,-1,1,0,1,1,7.277307283320097e-19,3.74781325090985e-16,1
2020-11-25,-1,-1,-1,0,1,-1,1,1,1,1,1,1,-1,1,0,1,-1,1,0,1,1,3.054652961439302e-18,1.3990310563392004e-15,1
2020-11-26,-1,0,-1,0,1,-1,1,1,0,1,1,1,-1,1,0,0,-1,1,0,1,1,3.250561436313077e-18,1.4715465472846053e-15,1
2020-11-27,-1,0,-1,1,1,-1,1,1,0,0,1,1,-1,1,0,0,-1,1,0,1,1,1.0157780087869739e-18,5.04841670367126e-16,1
2020-11-28,-1,0,-1,1,1,-1,1,1,0,0,1,1,-1,1,-1,0,-1,1,0,1,1,1.5427594257294923e-19,8.624025189827862e-17,1
2020-11-29,-1,0,0,1,1,-1,1,1,0,0,1,1,-1,1,-1,0,-1,1,0,1,1,1.0194217560474583e-18,5.056331909995393e-16,1
2020-11-30,-1,0,0,1,1,-1,1,1,0,0,1,1,-1,1,-1,0,-1,1,0,1,1,3.53166716051588e-16,1.0100568079075417e-13,1
2020-12-01,-1,1,0,1,1,-1,1,1,-1,0,1,1,-1,1,-1,-1,-1,1,0,1,1,2.1456168238619854e-15,4.784725517212227e-13,1
2020-12-02,-1,1,0,1,1,-1,1,1,-1,-1,0,1,-1,1,-1,-1,-1,1,0,1,1,4.4282902326167224e-17,1.6321088206170672e-14,1
2020-12-03,-1,1,0,1,1,-1,1,1,-1,-1,0,1,-1,1,-1,-1,-1,1,0,1,1,4.501487927471646e-18,2.0031621277248826e-15,1
2020-12-04,-1,1,1,1,1,-1,1,1,-1,-1,0,1,-1,1,-1,-1,-1,1,0,1,1,6.622038510887687e-17,2.3375795943433533e-14,1
2020-12-05,-1,1,1,1,1,-1,1,1,-1,-1,0,1,-1,1,-1,-1,-1,1,0,1,1,3.5422908789895438e-15,7.367965028298251e-13,1
2020-12-06,-1,1,1,1,1,-1,1,1,-1,-1,0,1,-1,0,-1,-1,-1,1,0,1,1,2.3324791232955018e-14,3.592017849875073e-12,1
2020-12-07,-1,1,1,1,1,-1,1,1,-1,-1,-1,1,-1,0,-1,-1,-1,1,0,1,0,100.0,1.0,0
2020-12-08,-1,1,1,1,1,-1,1,1,-1,-1,-1,1,-1,0,-1,-1,-1,1,0,1,0,100.0,1.0,0
2020-12-09,-1,1,1,1,1,-1,1,1,-1,-1,-1,1,-1,0,-1,-1,-1,1,0,1,0,100.0,1.0,0
2020-12-10,-1,1,1,1,1,-1,1,1,-1,-1,-1,1,-1,0,-1,-1,-1,1,0,1,0,100.0,1.0,0
2020-12-11,-1,1,1,1,1,-1,1,1,-1,-1,-1,1,-1,-1,-1,-1,-1,1,0,1,-1,5.12445492329486e-13,4.202053037101785e-11,-1
2020-12-12,-1,1,1,1,1,-1,1,1,-1,-1,-1,1,-1,-1,-1,-1,-1,1,0,1,-1,1.825455137135238e-13,1.8619642398779427e-11,-1
2020-12-13,-1,1,1,1,1,-1,1,1,-1,-1,-1,1,-1,-1,-1,-1,-1,1,0,1,-1,5.986937741360763e-14,7.543541554114561e-12,-1
2020-12-14,-1,1,1,1,1,-1,1,1,-1,-1,-1,1,-1,-1,-1,-1,-1,1,0,1,-1,1.828511731124622e-14,2.9256187697993954e-12,-1
2020-12-15,-1,1,1,1,1,-1,1,1,-1,-1,-1,1,-1,-1,-1,-1,-1,1,0,1,-1,4.0052129515524425e-15,8.170634421166983e-13,-1
2020-12-16,-1,1,1,1,1,-1,1,1,-1,-1,-1,1,-1,-1,-1,-1,-1,1,0,1,-1,1.493166151427058e-16,4.7781316845665854e-14,-1
2020-12-17,-1,1,1,1,0,-1,1,1,-1,-1,-1,1,-1,-1,-1,-1,-1,1,0,1,-1,7.26388181409344e-17,2.527830871304517e-14,-1
2020-12-18,-1,1,1,1,0,-1,1,1,-1,-1,-1,1,-1,-1,-1,-1,-1,1,0,1,-1,1.619288962273785e-16,5.1331460104078985e-14,-1
2020-12-19,-1,1,1,1,0,-1,1,1,-1,-1,-1,1,-1,-1,-1,-1,-1,1,0,1,-1,3.3655487555518897e-17,1.2755429783541662e-14,-1
2020-12-20,-1,1,1,1,0,0,1,0,-1,-1,-1,1,-1,-1,-1,-1,-1,1,0,1,-1,2.140313141770232e-18,1.01450842919909e-15,-1
2020-12-21,-1,1,1,0,0,0,1,0,-1,-1,-1,1,-1,-1,-1,-1,-1,1,0,1,-1,2.8576662491722393e-18,1.3136214992876708e-15,-1
2020-12-22,-1,1,1,0,0,0,1,0,-1,-1,-1,1,-1,-1,-1,-1,-1,1,0,1,-1,1.9011796359771417e-20,1.178731374305828e-17,-1
2020-12-23,-1,1,1,0,-1,0,1,0,-1,-1,-1,1,-1,-1,-1,-1,-1,1,0,1,-1,3.696111193047822e-22,2.598366168712619e-19,-1
2020-12-24,-1,1,1,0,-1,0,1,0,-1,-1,-1,1,-1,-1,-1,-1,-1,1,0,1,-1,8.063560598793573e-20,4.6688015867014785e-17,-1
2020-12-25,-1,1,1,0,-1,1,1,-1,-1,-1,-1,1,-1,-1,-1,-1,0,1,0,1,-1,3.672312501304251e-17,1.3734448754877899e-14,-1
2020-12-26,-1,1,1,-1,-1,1,0,-1,-1,-1,-1,1,-1,-1,-1,-1,0,1,0,1,-1,3.866258406903091e-15,7.964492318220367e-13,-1
2020-12-27,-1,1,1,-1,-1,1,0,-1,-1,-1,-1,1,-1,-1,-1,-1,0,1,0,1,-1,1.243965623069713e-13,1.3683621853766843e-11,-1
2020-12-28,-1,1,1,-1,-1,1,0,-1,-1,-1,-1,1,-1,-1,-1,-1,0,1,0,1,-1,1.7702244104546193e-12,1.2568593314227797e-10,-1
2020-12-29,-1,1,1,0,-1,1,0,-1,-1,-1,0,1,-1,-1,-1,-1,0,1,0,1,-1,8.27671371013966e-12,4.800493951881003e-10,-1
2020-12-30,-1,1,1,0,-1,1,0,-1,-1,-1,0,1,-1,-1,-1,0,1,1,0,1,-1,8.575648644656394e-12,4.888119727454144e-10,-1
2020-12-31,-1,1,1,0,-1,1,-1,-1,-1,0,0,1,-1,-1,-1,0,1,1,0,1,-1,2.8806098234743967e-12,1.8147841887888698e-10,-1
2021-01-01,-1,1,1,0,-1,1,-1,-1,-1,0,0,1,-1,-1,-1,0,1,1,0,1,-1,6.048338771165721e-13,4.8386710169325766e-11,-1
2021-01-02,-1,1,1,0,-1,1,-1,-1,-1,0,0,1,-1,-1,-1,0,1,1,0,1,-1,1.290389842211683e-13,1.4008484101884989e-11,-1
2021-01-03,-1,1,1,1,-1,1,0,-1,-1,0,1,1,-1,-1,-1,0,1,1,0,1,1,1.1324118137673516e-16,3.7822554579829544e-14,1
2021-01-04,-1,1,1,1,-1,1,0,-1,-1,0,1,1,-1,-1,-1,1,1,1,0,1,1,1.968887410566212e-15,4.429996673773977e-13,1
2021-01-05,-1,1,1,1,-1,1,0,-1,-1,1,1,1,-1,-1,-1,1,1,1,0,1,1,1.2851820276958705e-13,1.4008484101884989e-11,1
2021-01-06,-1,0,1,1,-1,1,0,-1,-1,1,1,1,-1,-1,-1,1,1,1,0,1,1,1.0925277359888704e-12,8.084705246317641e-11,1
2021-01-07,-1,0,1,1,-1,1,0,-1,-1,1,1,1,-1,-1,-1,1,1,1,0,1,1,1.5436876897209599e-12,1.1114551365990912e-10,1
2021-01-08,-1,0,1,1,-1,1,1,-1,-1,1,1,1,-1,-1,-1,1,1,1,0,1,1,2.2047887657076348e-12,1.455160585367039e-10,1
2021-01-09,-1,0,1,1,-1,1,1,-1,-1,1,1,1,-1,-1,-1,1,1,1,0,1,1,4.3017247906872375e-12,2.5810348744123424e-10,1
2021-01-10,-1,0,1,1,-1,1,1,-1,-1,1,1,1,-1,-1,-1,1,1,1,0,1,1,1.7459061277133275e-13,1.7982833115447274e-11,1
2021-01-11,-1,-1,1,1,-1,1,1,-1,-1,1,1,1,-1,-1,-1,1,1,1,0,1,1,8.493429326716671e-16,2.1696498298126107e-13,1
2021-01-12,-1,-1,1,1,-1,1,1,-1,-1,1,1,1,-1,-1,-1,1,1,1,0,1,1,6.307310713341286e-16,1.7092812033154884e-13,1
2021-01-13,0,-1,1,1,-1,1,1,-1,-1,1,1,1,-1,-1,-1,1,1,1,0,1,1,2.755489603556394e-13,2.424830851129627e-11,1
2021-01-14,0,-1,1,1,-1,1,1,-1,-1,1,1,1,-1,-1,-1,1,1,1,0,1,1,2.290607460397094e-13,2.0615467143573845e-11,1
2021-01-15,0,-1,1,1,-1,1,1,-1,-1,1,1,1,-1,-1,-1,1,1,1,0,1,1,1.3546381400264184e-15,3.251131536063404e-13,1
2021-01-16,0,-1,1,1,-1,1,1,-1,-1,1,1,1,-1,-1,-1,1,1,1,0,1,1,6.832007096036883e-16,1.824145894641848e-13,1
2021-01-17,0,-1,1,1,-1,1,1,-1,-1,1,1,1,-1,-1,-1,1,1,1,0,1,1,4.014316088753387e-14,5.4594698807046066e-12,1
2021-01-18,1,-1,1,1,-1,1,1,-1,-1,1,1,1,-1,-1,-1,1,1,1,0,1,1,1.7974109911129568e-12,1.2581876937790697e-10,1
2021-01-19,1,-1,1,1,-1,1,1,-1,-1,1,1,1,-1,-1,-1,1,1,1,0,1,1,8.722043641733445e-12,4.888119727454144e-10,1
2021-01-20,1,-1,1,1,-1,1,1,-1,-1,0,1,1,-1,-1,-1,1,1,1,0,1,1,9.924331693193377e-12,5.359139114324423e-10,1
2021-01-21,1,0,1,1,-1,1,1,-1,-1,0,1,1,-1,-1,-1,1,1,1,0,1,1,2.1184027713234426e-12,1.4193298567867065e-10,1
2021-01-22,1,0,1,1,-1,1,1,-1,-1,0,1,1,-1,-1,-1,1,1,1,0,1,1,4.491083103413375e-14,5.838408034437387e-12,1
2021-01-23,1,0,1,1,-1,1,1,-1,-1,0,1,1,-1,-1,-1,1,1,1,0,1,1,3.835686832840995e-14,5.293247829320573e-12,1
2021-01-24,1,0,1,1,-1,1,1,-1,-1,0,1,1,-1,-1,-1,1,1,1,0,1,1,2.1317991465552252e-13,2.0038911977619118e-11,1
2021-01-25,1,0,1,1,-1,1,1,-1,-1,-1,1,1,0,-1,-1,1,1,1,0,1,1,2.6665671330928353e-14,3.999850699639253e-12,1
2021-01-26,1,1,1,1,-1,1,1,-1,-1,-1,1,1,0,-1,-1,1,1,1,0,1,1,1.3683073148610236e-15,3.2702544825178464e-13,1
2021-01-27,1,1,1,1,-1,1,1,-1,-1,-1,1,1,0,-1,-1,1,1,1,0,1,1,2.011755745924218e-17,8.006787868778387e-15,1
2021-01-28,1,1,1,1,-1,1,1,-1,-1,-1,1,1,0,0,-1,1,1,1,0,1,1,7.973944346452591e-20,4.6248877209425025e-17,1
2021-01-29,1,1,1,1,-1,1,1,-1,-1,-1,1,1,0,0,-1,1,1,1,0,1,1,1.4718511736928518e-21,9.846684352005178e-19,1
2021-01-30,1,1,1,1,-1,1,1,-1,-1,-1,1,1,1,0,-1,1,1,1,0,1,1,2.4426544390712512e-20,1.485133898955321e-17,1
2021-01-31,1,1,1,1,-1,1,1,-1,-1,-1,1,1,1,0,-1,1,1,0,0,1,1,5.726375500748706e-20,3.395740671943983e-17,1
2021-02-01,1,1,1,1,-1,1,1,-1,-1,-1,1,1,1,0,-1,1,1,0,0,1,1,2.941292348356794e-21,1.9265464881737002e-18,1
2021-02-02,1,1,1,1,-1,1,1,0,-1,-1,1,1,1,1,-1,1,1,0,0,1,1,1.5828387629505841e-21,1.0557534548880396e-18,1
2021-02-03,1,1,1,1,-1,1,1,0,-1,-1,1,1,1,1,-1,1,1,0,0,1,1,7.173021841545579e-20,4.203390799145709e-17,1
2021-02-04,1,1,1,1,-1,1,1,0,-1,-1,1,1,1,1,-1,1,1,0,0,1,1,1.910512020792239e-18,9.151352579594825e-16,1
2021-02-05,1,1,1,1,-1,1,1,0,-1,-1,1,1,1,1,-1,1,1,-1,0,1,1,2.886527771416528e-17,1.1170862475381963e-14,1
2021-02-06,1,1,1,1,-1,1,1,0,-1,-1,1,1,1,1,-1,1,1,-1,0,1,1,4.476159283236028e-17,1.6427504569476224e-14,1
2021-02-07,1,1,1,1,-1,1,1,1,-1,-1,1,1,1,1,-1,1,1,-1,0,1,1,1.891240323087192e-20,1.1744602406371462e-17,1
2021-02-08,1,1,1,1,-1,1,1,1,-1,-1,1,1,1,1,-1,1,1,0,0,1,1,9.297231022539492e-19,4.639318280247207e-16,1
2021-02-09,1,1,1,1,-1,1,1,1,-1,-1,1,1,1,1,-1,1,1,0,0,1,1,2.9253525189967935e-16,8.535765850849751e-14,1
2021-02-10,1,1,1,1,-1,0,1,1,-1,-1,1,1,1,1,-1,1,1,0,0,1,1,1.4858448705899645e-14,2.5110778312970402e-12,1
2021-02-11,1,1,1,1,-1,0,1,1,-1,-1,1,1,1,1,-1,1,1,0,0,1,1,9.122974330500083e-14,1.0960178188373107e-11,1
2021-02-12,1,1,1,1,-1,0,1,1,-1,-1,1,1,1,1,0,1,1,0,0,1,1,6.395795417047688e-14,7.9828041327945e-12,1
2021-02-13,1,1,1,1,-1,0,1,1,-1,-1,1,1,1,1,0,1,1,1,0,1,1,1.4915383696098785e-14,2.5110778312970402e-12,1
2021-02-14,1,1,1,1,-1,0,1,1,-1,-1,1,1,1,1,0,1,1,1,0,1,1,1.294800710553805e-15,3.146365726645746e-13,1
2021-02-15,1,1,1,1,-1,-1,1,1,-1,-1,1,1,1,1,0,1,1,1,0,1,1,1.9115223763523255e-16,5.944834590455732e-14,1
2021-02-16,1,1,1,1,-1,-1,1,1,-1,-1,1,1,1,1,0,1,1,1,0,1,1,2.879977957553666e-16,8.438335415632241e-14,1
2021-02-17,1,1,1,1,-1,-1,1,1,-1,-1,1,1,1,1,1,1,1,1,0,1,1,4.061975483122785e-15,8.245810230739254e-13,1
2021-02-18,1,1,1,1,-1,-1,1,1,-1,-1,1,1,1,1,1,1,1,1,0,1,1,3.355933231922828e-14,4.765425189330415e-12,1
2021-02-19,1,1,1,1,-1,-1,1,1,-1,-1,1,1,1,1,1,1,1,1,0,1,1,4.848464825958e-15,9.59996035539684e-13,1
2021-02-20,1,1,1,1,-1,-1,1,1,-1,-1,1,1,1,1,1,1,1,1,0,1,1,6.168481835000783e-16,1.6839955409552137e-13,1
2021-02-21,1,1,1,1,-1,-1,1,1,-1,0,1,1,1,1,1,1,1,1,0,1,1,7.050509083071147e-17,2.4606276699918306e-14,1
2021-02-22,1,1,0,1,-1,-1,1,1,-1,0,1,1,1,1,1,1,1,1,0,1,1,5.6688168111757535e-18,2.465935312861453e-15,1
2021-02-23,0,1,0,1,-1,-1,0,1,-1,0,1,1,1,1,1,1,1,1,0,1,1,3.15412269474577e-19,1.6906097643837328e-16,1
2021-02-24,0,1,0,1,-1,-1,0,1,-1,0,1,1,1,1,1,1,1,1,0,1,1,9.618915102989039e-21,6.1080110903980396e-18,1
2021-02-25,0,1,0,1,-1,-1,0,1,-1,0,1,1,1,1,1,1,1,1,0,1,1,1.184492632899322e-22,8.516502030546125e-20,1
2021-02-26,0,1,0,1,-1,-1,0,1,-1,1,0,1,1,1,1,1,1,1,0,1,1,3.9534713882756265e-22,2.771383443181214e-19,1
2021-02-27,0,1,-1,1,-1,-1,0,1,-1,1,0,1,1,0,1,1,1,1,0,1,1,3.59088945887831e-21,2.3376690377297796e-18,1
2021-02-28,-1,1,-1,1,-1,-1,-1,1,-1,1,0,1,0,0,1,1,1,1,0,1,1,9.53565182602769e-20,5.473464148139894e-17,1
2021-03-01,-1,1,-1,1,-1,-1,-1,1,-1,1,0,1,0,0,1,1,1,1,0,1,1,2.8495043368496113e-18,1.3136214992876708e-15,1
2021-03-02,-1,1,-1,1,-1,-1,-1,1,-1,1,0,1,0,0,1,1,1,1,0,1,1,2.799470992687293e-17,1.0861947451626696e-14,1
2021-03-03,-1,1,-1,1,-1,-1,-1,1,-1,1,-1,1,0,0,1,1,1,1,0,1,1,1.0438153183318166e-16,3.5072194695949037e-14,1
2021-03-04,-1,1,-1,1,-1,-1,-1,1,0,1,-1,1,0,-1,1,1,1,1,0,1,1,1.9644668782727258e-16,6.070202653862723e-14,1
2021-03-05,-1,1,-1,1,-1,-1,-1,1,0,1,-1,1,0,-1,1,1,1,1,0,1,1,2.516776083820825e-16,7.550328251462474e-14,1
2021-03-06,-1,1,-1,1,-1,-1,-1,1,0,1,-1,1,-1,-1,1,1,1,1,0,1,1,2.923207483167723e-16,8.535765850849751e-14,1
2021-03-07,-1,1,-1,1,-1,0,-1,1,0,1,-1,1,-1,-1,1,1,1,1,0,1,1,4.362718644562971e-16,1.217198501833069e-13,1
2021-03-08,-1,1,-1,1,-1,0,-1,1,0,1,-1,0,-1,-1,1,1,1,1,0,1,1,3.997216449841708e-16,1.1272150388553616e-13,1
2021-03-09,-1,1,-1,1,-1,0,-1,1,1,1,-1,0,-1,-1,1,1,1,1,0,1,1,5.148262959684902e-17,1.8533746654865647e-14,1
2021-03-10,-1,1,-1,1,-1,0,-1,1,1,1,-1,0,-1,-1,1,1,1,1,0,1,1,1.3249039962289523e-18,6.478780541559576e-16,1
2021-03-11,-1,1,-1,1,-1,0,-1,1,1,1,-1,0,-1,-1,1,1,1,1,0,1,1,1.9017615100012726e-20,1.178731374305828e-17,1
2021-03-12,-1,1,-1,1,-1,1,-1,1,1,1,-1,0,0,-1,1,1,1,1,0,1,1,1.2151542421499724e-20,7.643320183123327e-18,1
2021-03-13,-1,1,-1,1,-1,1,-1,0,1,1,-1,-1,0,-1,1,1,1,1,0,1,1,8.236357838917695e-19,4.188533587319561e-16,1
2021-03-14,-1,1,-1,1,-1,1,-1,0,1,1,-1,-1,0,-1,1,1,1,1,0,1,1,4.780282238182352e-17,1.7304621702220114e-14,1
2021-03-15,-1,1,-1,1,-1,1,-1,0,1,1,-1,-1,0,-1,1,1,1,1,0,1,1,2.414927997786709e-17,9.418219191368165e-15,1
2021-03-16,-1,1,-1,1,-1,1,-1,0,1,1,-1,-1,0,-1,1,1,1,0,0,1,1,8.815248890922627e-19,4.442885441025004e-16,1
2021-03-17,-1,1,-1,1,-1,1,-1,0,1,1,-1,-1,0,-1,0,1,1,0,0,1,1,1.178104878893738e-19,6.668073614538556e-17,1
2021-03-18,-1,1,-1,1,-1,1,-1,-1,1,1,-1,-1,0,-1,0,1,1,0,0,1,0,100.0,1.0,0
2021-03-19,-1,1,-1,1,-1,1,-1,-1,1,1,-1,-1,0,-1,0,1,1,0,0,1,0,100.0,1.0,0
2021-03-20,-1,1,-1,1,-1,1,-1,-1,1,1,-1,-1,0,-1,0,1,1,0,0,1,0,100.0,1.0,0
2021-03-21,-1,1,-1,1,-1,1,-1,-1,1,1,-1,-1,0,-1,-1,1,1,-1,0,1,-1,7.534704739919406e-16,1.9834679507223003e-13,-1
2021-03-22,-1,1,0,1,-1,1,-1,-1,1,1,-1,-1,0,0,-1,0,1,-1,1,1,0,100.0,1.0,0
2021-03-23,-1,1,0,1,-1,1,-1,-1,1,1,-1,-1,0,0,-1,0,1,-1,1,1,0,100.0,1.0,0
2021-03-24,-1,1,0,1,-1,1,-1,-1,1,1,-1,-1,0,0,-1,0,1,-1,1,1,0,100.0,1.0,0
2021-03-25,-1,1,0,1,-1,1,-1,-1,1,1,-1,-1,0,0,-1,0,1,-1,1,1,0,100.0,1.0,0
2021-03-26,-1,1,0,1,-1,1,-1,-1,1,1,-1,-1,0,0,-1,0,1,-1,1,1,0,100.0,1.0,0
2021-03-27,-1,0,1,1,-1,1,-1,-1,1,1,-1,-1,0,1,-1,-1,0,-1,1,1,-1,1.9644903705298683e-20,1.208161577875869e-17,-1
2021-03-28,-1,0,1,1,-1,1,-1,-1,1,1,-1,-1,0,1,-1,-1,0,-1,1,1,-1,1.5765322333069445e-18,7.598885364539472e-16,-1
2021-03-29,-1,0,1,1,-1,1,-1,-1,1,1,-1,-1,0,1,-1,-1,0,-1,1,1,-1,5.750086476154565e-17,2.0470307855110253e-14,-1
2021-03-30,-1,0,1,1,-1,1,-1,-1,1,1,-1,-1,0,1,-1,-1,0,-1,1,1,-1,9.978708071296626e-16,2.494677017824156e-13,-1
2021-03-31,-1,0,1,1,-1,1,-1,-1,1,1,-1,0,0,1,-1,-1,0,-1,1,1,0,100.0,1.0,0
2021-04-01,-1,-1,1,1,-1,1,-1,0,0,1,-1,0,0,1,-1,-1,-1,-1,1,1,-1,3.868361519006987e-14,5.299655281039572e-12,-1
2021-04-02,-1,-1,1,1,-1,0,-1,0,0,0,-1,0,0,1,-1,-1,-1,-1,1,1,-1,3.957255585365152e-15,8.112373949998562e-13,-1
2021-04-03,-1,-1,1,1,-1,0,-1,0,0,0,-1,0,0,1,-1,-1,-1,-1,1,1,-1,4.510087922243511e-17,1.6488793196678577e-14,-1
2021-04-04,-1,-1,1,1,-1,0,-1,0,0,0,-1,0,0,1,-1,-1,-1,-1,1,1,-1,2.0697834995473912e-19,1.1363111412515178e-16,-1
2021-04-05,-1,-1,1,1,-1,0,-1,0,0,0,-1,1,0,1,-1,-1,-1,-1,1,1,-1,3.2330559380626144e-22,2.2760713803960805e-19,-1
2021-04-06,-1,-1,1,1,-1,0,-1,0,-1,0,-1,1,0,1,-1,-1,-1,-1,1,1,-1,3.9454876407593926e-25,3.1287716991221984e-22,-1
2021-04-07,-1,-1,1,1,-1,-1,0,0,-1,-1,-1,1,0,1,-1,-1,-1,-1,1,1,-1,7.496068630608003e-26,6.071815590792482e-23,-1
2021-04-08,-1,-1,1,1,-1,-1,0,0,-1,-1,-1,1,0,1,-1,-1,-1,-1,1,1,-1,6.214182006218375e-25,4.9092037849125165e-22,-1
2021-04-09,-1,-1,1,1,-1,-1,0,0,-1,-1,-1,1,0,1,-1,-1,-1,-1,1,1,-1,2.753836244125313e-24,2.1232077442206166e-21,-1
2021-04-10,-1,-1,1,1,-1,-1,0,0,-1,-1,-1,1,0,1,-1,-1,-1,-1,1,0,-1,5.417915461187429e-24,4.133869496886008e-21,-1
2021-04-11,-1,-1,1,1,-1,-1,0,-1,-1,-1,-1,1,0,1,-1,-1,-1,-1,1,0,-1,1.0903884793297182e-23,8.24333690373267e-21,-1
2021-04-12,-1,-1,1,1,-1,-1,1,-1,-1,-1,-1,1,0,1,-1,-1,-1,-1,1,0,-1,6.885590970729655e-23,4.9989390447497295e-20,-1
2021-04-13,-1,-1,1,0,-1,-1,1,-1,-1,-1,-1,1,0,1,-1,-1,-1,-1,1,0,-1,5.083649854237226e-21,3.2687868562745363e-18,-1
2021-04-14,-1,-1,1,0,-1,-1,1,-1,-1,-1,-1,1,0,1,-1,-1,-1,-1,1,0,-1,1.6224560089051842e-18,7.804013402833936e-16,-1
2021-04-15,-1,-1,1,0,-1,-1,1,-1,-1,-1,-1,1,0,1,-1,-1,-1,-1,1,-1,-1,1.890529876628007e-17,7.568512658838143e-15,-1
2021-04-16,-1,-1,1,0,-1,-1,1,-1,-1,-1,0,1,0,1,-1,-1,-1,-1,1,-1,-1,7.622196882390912e-18,3.201322690604183e-15,-1
2021-04-17,-1,-1,1,0,-1,-1,1,-1,-1,-1,0,1,0,1,-1,-1,-1,-1,1,-1,-1,3.725030267025285e-18,1.6799886504284035e-15,-1
2021-04-18,-1,-1,1,-1,-1,-1,1,-1,-1,-1,0,1,0,1,-1,-1,-1,-1,1,-1,-1,2.1083364411384314e-18,1.0035681459818934e-15,-1
2021-04-19,-1,-1,1,-1,-1,-1,1,-1,-1,-1,0,1,0,1,-1,-1,-1,-1,1,-1,-1,1.3880095755279765e-18,6.731846441310686e-16,-1
2021-04-20,-1,-1,1,-1,-1,-1,1,-1,-1,-1,0,1,0,1,-1,-1,-1,-1,1,-1,-1,1.4610902094759647e-18,7.057065711768909e-16,-1
2021-04-21,-1,-1,1,-1,-1,-1,1,-1,-1,-1,1,1,0,1,-1,-1,-1,-1,1,-1,-1,2.6455220093941396e-18,1.2275222123588807e-15,-1
2021-04-22,-1,-1,1,-1,-1,-1,1,-1,-1,-1,1,1,0,1,-1,-1,-1,-1,1,-1,-1,7.45309226436554e-18,3.1526580278266233e-15,-1
2021-04-23,-1,-1,1,-1,-1,-1,1,-1,-1,-1,1,1,0,1,-1,-1,-1,-1,1,-1,-1,2.2062407493745318e-17,8.714650960029401e-15,-1
2021-04-24,-1,-1,1,-1,-1,-1,1,-1,-1,-1,1,1,0,1,-1,-1,-1,-1,1,-1,-1,1.6948251552000262e-17,6.830145375456105e-15,-1
2021-04-25,-1,-1,1,-1,-1,-1,1,-1,-1,-1,1,1,0,1,-1,-1,-1,-1,1,-1,-1,7.982525988627128e-17,2.738006414099105e-14,-1
2021-04-26,-1,-1,1,-1,-1,-1,1,-1,-1,-1,1,1,0,1,-1,-1,-1,0,1,-1,-1,6.848953530625555e-18,2.924503157577112e-15,-1
2021-04-27,-1,-1,1,-1,-1,-1,1,-1,-1,-1,1,1,0,1,-1,-1,-1,0,0,-1,-1,7.363073349244262e-19,3.7772566281623064e-16,-1
2021-04-28,-1,-1,1,-1,-1,-1,1,-1,-1,-1,1,1,0,1,-1,-1,-1,0,0,-1,-1,1.9165447088587267e-20,1.1825080853658345e-17,-1
2021-04-29,-1,-1,1,-1,-1,-1,1,-1,-1,-1,1,1,0,1,-1,-1,-1,0,0,-1,-1,9.491247834132935e-22,6.482522270712794e-19,-1
2021-04-30,-1,-1,1,-1,-1,-1,1,-1,-1,0,1,1,0,1,-1,-1,-1,0,0,-1,-1,4.279791665482208e-21,2.760465624236024e-18,-1
2021-05-01,-1,-1,1,-1,-1,-1,1,-1,-1,0,1,1,0,1,-1,-1,-1,1,0,-1,-1,6.18488865171791e-19,3.2037723215898775e-16,-1
2021-05-02,-1,-1,1,-1,-1,-1,1,-1,-1,0,1,1,0,1,-1,-1,-1,1,0,-1,-1,5.704081892153618e-17,2.0363572354988416e-14,-1
2021-05-03,-1,-1,1,-1,-1,-1,1,-1,-1,0,1,1,0,1,-1,-1,-1,1,0,-1,-1,8.361048555657856e-16,2.1571505273597269e-13,-1
2021-05-04,-1,0,0,-1,-1,0,1,-1,-1,0,1,1,0,1,-1,-1,-1,1,0,-1,-1,1.533398294553063e-15,3.5881520092541673e-13,-1
2021-05-05,-1,0,0,-1,-1,0,1,-1,-1,1,1,1,0,1,-1,-1,-1,1,0,-1,-1,2.9101629407157546e-15,6.189889126364735e-13,-1
2021-05-06,-1,0,0,-1,-1,0,1,-1,-1,1,1,1,0,1,-1,-1,-1,1,0,-1,-1,5.474871521756929e-15,1.0566502036990873e-12,-1
2021-05-07,-1,0,0,-1,-1,0,1,-1,-1,1,1,1,0,1,-1,-1,-1,1,0,-1,-1,6.5166543001354284e-15,1.2381643170257314e-12,-1
2021-05-08,-1,0,0,-1,-1,0,1,-1,-1,1,1,1,0,1,-1,-1,-1,1,0,-1,-1,2.2197747862422505e-16,6.770313098038864e-14,-1
2021-05-09,-1,1,-1,-1,-1,1,1,-1,-1,1,1,1,0,1,-1,-1,-1,1,0,-1,-1,2.320696108938933e-18,1.0930478673102374e-15,-1
2021-05-10,-1,1,-1,-1,-1,1,1,-1,-1,1,1,1,0,1,-1,-1,-1,1,1,-1,-1,2.4011922592412373e-18,1.123757977324899e-15,-1
2021-05-11,-1,1,-1,-1,-1,1,1,-1,-1,1,1,1,0,1,-1,-1,-1,1,0,-1,-1,2.5969281566496174e-16,7.73884590681586e-14,-1
2021-05-12,-1,1,-1,-1,-1,1,1,-1,-1,1,1,1,0,1,-1,0,-1,1,1,-1,0,100.0,1.0,0
2021-05-13,-1,1,-1,-1,-1,1,1,-1,-1,1,0,1,0,1,-1,0,-1,1,1,-1,-1,3.943137253115843e-16,1.1198509798848994e-13,-1
2021-05-14,-1,1,-1,-1,-1,1,1,-1,-1,1,0,1,0,1,-1,0,-1,1,0,-1,-1,3.964062790666204e-16,1.1218297697585358e-13,-1
2021-05-15,-1,1,-1,-1,-1,1,1,-1,-1,1,0,1,0,1,-1,0,0,1,0,-1,-1,9.79986968886335e-14,1.1563846232858753e-11,-1
2021-05-16,-1,1,-1,-1,-1,1,1,-1,-1,1,0,1,0,1,-1,0,0,1,0,-1,-1,2.067841254337452e-12,1.4061320529494673e-10,-1
2021-05-17,-1,1,-1,-1,-1,1,1,0,-1,1,0,1,0,1,-1,1,0,1,0,-1,1,5.7632988889738216e-18,2.5012717178146386e-15,1
2021-05-18,-1,1,-1,-1,-1,1,1,0,-1,1,0,1,0,1,-1,1,0,1,0,-1,1,9.20468757570144e-20,5.2926953560283277e-17,1
2021-05-19,-1,1,-1,-1,-1,1,1,0,-1,1,0,1,0,1,-1,1,0,1,-1,-1,0,100.0,1.0,0
2021-05-20,0,1,-1,-1,-1,1,1,0,-1,1,0,1,0,1,-1,1,1,1,-1,-1,1,7.642424018134836e-18,3.2021756635984962e-15,1
2021-05-21,0,1,-1,0,-1,1,1,0,-1,1,0,1,0,1,-1,1,1,1,-1,-1,1,1.3406096345995052e-18,6.52876892049959e-16,1
2021-05-22,0,1,-1,0,-1,1,1,1,0,1,0,1,0,1,-1,1,1,1,-1,-1,1,1.8157552202567088e-17,7.299335985431969e-15,1
2021-05-23,0,1,-1,0,-1,1,1,1,0,1,1,1,0,1,-1,1,1,1,-1,-1,1,2.1285706091840713e-16,6.513426064103259e-14,1
2021-05-24,0,1,-1,0,-1,1,1,1,0,1,1,1,0,1,-1,1,1,1,-1,-1,1,6.226333186218623e-16,1.6935626266514654e-13,1
2021-05-25,1,1,0,0,-1,1,1,1,0,1,1,1,0,1,0,1,1,1,-1,-1,1,5.13698732954044e-16,1.4216872588984223e-13,1
2021-05-26,1,1,0,1,-1,1,1,1,0,1,1,1,0,1,0,1,0,1,-1,-1,1,9.304384149784064e-17,3.1448818426270134e-14,1
2021-05-27,1,1,0,1,-1,1,1,1,1,1,1,1,0,1,0,1,0,1,-1,0,1,9.433016523456963e-18,3.905268840711183e-15,1
2021-05-28,1,1,0,1,-1,1,1,1,1,1,1,1,0,1,0,1,0,1,-1,0,1,1.6094275974801572e-17,6.502087493819835e-15,1
2021-05-29,1,1,0,1,-1,1,1,1,1,1,1,1,0,1,1,1,0,1,-1,0,1,4.706105094281062e-19,2.4895295948746814e-16,1
2021-05-30,1,1,1,1,-1,1,1,1,1,1,1,1,0,1,1,1,0,1,-1,0,1,1.8435924677433385e-22,1.3143030744512067e-19,1
2021-05-31,1,1,1,1,-1,1,1,1,1,1,1,1,0,1,1,1,-1,0,-1,0,1,1.4271358734827117e-24,1.1160202530634806e-21,1
2021-06-01,1,1,1,1,-1,1,1,1,1,1,1,1,0,1,1,1,-1,0,0,1,1,5.180747054910572e-22,3.6109806972726684e-19,1
2021-06-02,1,1,1,1,-1,1,1,1,1,1,1,1,0,1,1,1,-1,0,0,1,1,5.455264433424325e-19,2.853103298680922e-16,1
2021-06-03,1,1,1,1,-1,1,1,1,0,1,1,1,0,1,1,1,-1,0,0,1,1,9.083386969825023e-17,3.079268182770683e-14,1
2021-06-04,1,1,1,1,-1,1,1,1,0,1,1,1,0,1,1,1,-1,0,0,1,1,2.843971679510991e-15,6.129620283165528e-13,1
2021-06-05,1,1,1,1,-1,1,1,1,0,1,1,1,0,1,1,1,-1,-1,-1,1,1,2.883773958724468e-14,4.250806122113453e-12,1
2021-06-06,1,1,1,1,-1,1,1,1,0,1,1,1,0,1,1,1,-1,-1,-1,1,1,9.826350069543874e-14,1.1563846232858753e-11,1
2021-06-07,1,0,1,1,0,1,1,1,0,1,1,0,0,1,1,1,-1,-1,-1,1,1,1.0527047023928821e-13,1.2030714581902846e-11,1
2021-06-08,1,0,1,1,0,1,1,1,0,1,1,0,0,1,1,1,-1,-1,-1,1,1,4.0619563598639087e-14,5.4594698807046066e-12,1
2021-06-09,1,0,1,1,0,1,1,1,0,1,1,0,0,1,1,1,-1,-1,-1,1,1,5.134050828334787e-15,1.0062739623536183e-12,1
2021-06-10,1,0,1,1,0,1,1,1,0,1,1,0,0,1,1,1,-1,-1,-1,1,1,2.604149214025573e-16,7.73884590681586e-14,1
2021-06-11,1,0,1,1,0,1,1,1,0,1,1,-1,0,1,1,1,-1,-1,-1,1,1,6.392684612470139e-18,2.75524706797463e-15,1
2021-06-12,1,-1,1,1,0,1,1,1,1,1,1,-1,0,1,1,1,-1,-1,-1,1,1,7.35143004391731e-20,4.285883715603792e-17,1
2021-06-13,1,-1,1,1,1,1,1,1,1,1,1,-1,0,1,1,1,-1,-1,-1,1,1,1.3406383336972555e-20,8.405802352281793e-18,1
2021-06-14,1,-1,1,1,1,1,1,1,1,1,1,-1,0,1,1,1,-1,-1,-1,1,1,3.2484471242485768e-18,1.4715465472846053e-15,1
2021-06-15,1,-1,1,1,1,1,0,1,1,1,1,-1,0,1,1,1,-1,-1,-1,1,1,1.7330215057373588e-19,9.635599571899715e-17,1
2021-06-16,1,-1,1,1,1,1,0,1,1,1,1,-1,0,1,1,1,-1,-1,-1,1,1,4.859592522660086e-19,2.5561456669192056e-16,1
2021-06-17,1,-1,1,1,1,1,0,1,1,1,0,-1,0,1,1,1,-1,-1,-1,1,1,2.057601474030555e-18,9.814759031125748e-16,1
2021-06-18,1,-1,1,1,1,1,0,1,1,1,0,-1,0,1,1,1,-1,-1,-1,1,1,2.8127931277168064e-18,1.2995104250051645e-15,1
2021-06-19,1,-1,1,1,1,1,0,1,1,1,0,-1,0,1,1,1,-1,-1,-1,1,1,1.084599606643283e-18,5.347076060751385e-16,1
2021-06-20,1,-1,1,1,1,1,-1,1,1,1,0,-1,0,1,1,1,-1,-1,0,1,1,1.3471383791675968e-19,7.570917690921894e-17,1
2021-06-21,1,0,1,1,1,0,-1,1,1,1,0,-1,0,1,1,1,-1,-1,0,1,1,9.559772887506966e-21,6.08001555645443e-18,1
2021-06-22,1,0,0,1,1,0,-1,1,1,1,-1,-1,0,1,1,1,-1,-1,0,1,1,2.8833284755322432e-21,1.8914634799491514e-18,1
2021-06-23,1,0,0,1,1,0,-1,1,1,1,-1,-1,0,1,1,1,-1,-1,0,1,1,2.1055014022870544e-20,1.2885668581996772e-17,1
2021-06-24,1,0,0,1,1,0,-1,1,1,1,-1,-1,0,1,1,1,-1,-1,0,1,1,8.228946144046289e-19,4.188533587319561e-16,1
2021-06-25,1,0,0,1,1,0,-1,1,1,1,-1,-1,0,1,1,1,-1,-1,0,1,1,3.438462826116435e-17,1.2963004854458961e-14,1
2021-06-26,1,1,-1,1,1,-1,-1,1,1,1,-1,-1,0,0,1,1,-1,-1,0,1,1,9.5886566457294e-16,2.4067528180780796e-13,1
2021-06-27,1,0,-1,1,1,-1,-1,1,1,1,-1,-1,0,0,1,1,-1,-1,0,1,1,1.4497803785967183e-14,2.4936222511863556e-12,1
2021-06-28,1,0,-1,1,1,-1,-1,1,1,0,-1,-1,0,0,1,1,-1,-1,0,1,1,5.032478524117018e-14,6.491897296110954e-12,1
2021-06-29,1,0,-1,1,1,-1,-1,1,1,0,-1,-1,0,0,1,1,-1,-1,0,1,1,9.10594365129541e-15,1.639069857233174e-12,1
2021-06-30,1,0,-1,1,1,-1,-1,1,1,0,-1,-1,0,0,1,1,-1,-1,0,1,1,1.4228136150505047e-15,3.386296403820201e-13,1
2021-07-01,0,0,-1,1,1,-1,-1,1,1,0,-1,-1,0,-1,1,1,-1,-1,0,1,-1,6.744589156266197e-16,1.807549893879341e-13,-1
2021-07-02,0,0,-1,1,1,-1,-1,1,1,0,-1,-1,0,-1,1,1,0,-1,0,1,0,100.0,1.0,0
2021-07-03,0,-1,-1,0,1,-1,-1,1,1,-1,-1,-1,0,-1,1,1,0,-1,0,1,-1,3.1236799488349916e-18,1.4243980566687561e-15,-1
2021-07-04,0,-1,-1,0,0,-1,-1,1,1,-1,-1,-1,0,-1,1,1,0,-1,0,1,-1,2.004335994629673e-16,6.173354863459393e-14,-1
2021-07-05,0,-1,-1,0,0,-1,-1,1,1,-1,-1,-1,0,-1,1,1,0,-1,0,1,-1,5.233848929651704e-15,1.0206005412820824e-12,-1
2021-07-06,-1,-1,-1,0,0,-1,-1,1,1,-1,-1,-1,1,-1,1,1,0,-1,0,1,-1,9.218319445192525e-14,1.0969800139779104e-11,-1
2021-07-07,-1,-1,-1,0,0,-1,-1,1,1,-1,-1,-1,1,-1,1,1,1,-1,0,1,-1,1.5170282809989776e-13,1.6080499778589162e-11,-1
2021-07-08,-1,-1,-1,-1,0,-1,-1,1,1,-1,-1,-1,1,-1,0,1,1,-1,0,1,-1,1.9527362733879956e-15,4.422810187711146e-13,-1
2021-07-09,-1,-1,-1,-1,0,-1,-1,1,1,-1,-1,-1,1,-1,0,1,1,-1,0,1,-1,4.955912980056095e-18,2.1806017112246818e-15,-1
2021-07-10,-1,-1,-1,-1,0,-1,-1,1,1,-1,-1,-1,1,-1,0,1,1,-1,0,1,-1,1.8956203774116227e-21,1.2530050694690826e-18,-1
2021-07-11,-1,-1,-1,-1,0,-1,-1,1,1,-1,-1,-1,1,-1,0,1,1,-1,0,1,-1,1.2286253503359927e-25,9.853575309694662e-23,-1
2021-07-12,-1,-1,-1,-1,1,-1,-1,1,1,-1,-1,-1,1,-1,-1,1,1,-1,0,1,-1,2.263509711613289e-27,1.8696590217925768e-24,-1
2021-07-13,-1,-1,-1,-1,1,-1,-1,1,1,-1,-1,-1,1,-1,-1,1,1,-1,0,1,-1,7.579683411458319e-27,6.2001810305729046e-24,-1
2021-07-14,-1,0,-1,0,1,-1,-1,1,1,-1,-1,-1,1,-1,-1,1,1,-1,0,1,-1,7.891435164723889e-26,6.384171048261626e-23,-1
2021-07-15,-1,0,-1,0,1,-1,-1,1,1,-1,-1,-1,1,-1,-1,1,1,-1,0,1,-1,4.6825363796322826e-23,3.4557118481686243e-20,-1
2021-07-16,-1,0,-1,0,1,-1,-1,1,1,-1,-1,-1,1,-1,-1,1,1,-1,0,1,-1,5.706452632325863e-20,3.389632863601562e-17,-1
2021-07-17,-1,0,-1,0,1,-1,-1,1,1,-1,0,-1,1,-1,-1,1,1,-1,0,1,-1,2.2143166709936483e-17,8.724407683714975e-15,-1
2021-07-18,-1,0,-1,0,1,-1,-1,1,1,-1,0,-1,1,-1,-1,1,1,-1,0,1,-1,7.764746858976445e-17,2.6866024132058502e-14,-1
2021-07-19,-1,1,-1,1,1,-1,-1,1,1,-1,0,-1,1,-1,-1,1,1,-1,0,1,0,100.0,1.0,0
2021-07-20,-1,1,-1,1,1,-1,-1,1,1,-1,0,-1,1,-1,-1,1,1,-1,0,1,0,100.0,1.0,0
2021-07-21,-1,1,-1,1,1,-1,-1,1,1,-1,0,-1,1,-1,-1,1,1,-1,0,1,0,100.0,1.0,0
2021-07-22,-1,1,-1,1,1,-1,-1,1,1,-1,1,-1,1,-1,-1,1,1,-1,0,1,1,2.2196431204964302e-10,1.0876251290432508e-08,1
2021-07-23,-1,1,-1,1,1,-1,-1,1,1,-1,1,-1,1,-1,-1,0,1,-1,0,1,0,100.0,1.0,0
2021-07-24,0,1,-1,1,0,-1,-1,1,1,-1,1,-1,1,-1,-1,0,1,-1,0,1,0,100.0,1.0,0
2021-07-25,0,1,-1,1,0,-1,-1,1,1,-1,1,-1,1,-1,-1,0,1,-1,0,1,0,100.0,1.0,0
2021-07-26,0,1,-1,1,0,-1,-1,1,1,-1,1,-1,1,-1,-1,0,1,-1,0,1,0,100.0,1.0,0
2021-07-27,0,1,-1,0,0,-1,-1,0,1,-1,1,-1,1,-1,-1,0,1,-1,0,1,-1,1.1493204798858993e-16,3.827237198020044e-14,-1
2021-07-28,1,1,-1,0,0,-1,-1,0,1,-1,1,-1,1,-1,-1,-1,1,-1,0,1,-1,2.3893735085208345e-18,1.1206161754962714e-15,-1
2021-07-29,1,1,-1,0,0,-1,-1,0,1,-1,1,-1,1,-1,-1,-1,1,-1,0,1,-1,3.811220755626542e-17,1.4177741210930736e-14,-1
2021-07-30,1,1,-1,0,-1,0,-1,0,1,-1,1,-1,1,-1,-1,-1,1,-1,0,1,-1,1.5117715130993886e-15,3.552663055783563e-13,-1
2021-07-31,1,1,-1,0,-1,0,-1,0,1,-1,1,-1,1,-1,-1,-1,1,-1,0,1,-1,1.5945511595329755e-14,2.6147648583511493e-12,-1
2021-08-01,1,1,-1,-1,-1,0,-1,0,1,-1,1,-1,1,-1,-1,-1,0,-1,0,1,-1,1.0190960335875963e-13,1.1821513989616117e-11,-1
2021-08-02,1,1,-1,-1,0,0,-1,-1,1,-1,1,-1,1,-1,-1,-1,0,-1,0,1,-1,2.1976665872289667e-13,2.0038911977619118e-11,-1
2021-08-03,1,1,-1,-1,0,0,-1,-1,1,-1,1,-1,1,-1,-1,-1,0,-1,0,1,-1,2.0976556336651633e-13,1.992772851981905e-11,-1
2021-08-04,1,1,-1,-1,0,1,-1,-1,1,-1,0,-1,1,-1,-1,-1,0,-1,0,1,-1,9.057998502787692e-14,1.0960178188373107e-11,-1
2021-08-05,1,1,-1,-1,0,1,-1,-1,1,-1,0,-1,1,-1,-1,-1,0,-1,0,1,-1,1.5892078881527718e-14,2.6147648583511493e-12,-1
2021-08-06,1,1,-1,-1,0,1,-1,-1,1,-1,0,-1,1,-1,0,-1,-1,-1,0,1,-1,9.54911142661765e-16,2.406376079507648e-13,-1
2021-08-07,1,1,-1,-1,0,1,-1,-1,1,-1,0,-1,1,-1,0,-1,-1,-1,0,1,-1,3.1574272774508196e-17,1.2124520745411147e-14,-1
2021-08-08,1,1,-1,-1,0,1,-1,-1,1,-1,0,-1,1,-1,0,-1,-1,-1,0,1,-1,1.1352180711498086e-17,4.665746272425713e-15,-1
2021-08-09,1,1,-1,-1,0,1,-1,-1,1,-1,-1,-1,1,-1,0,-1,-1,-1,0,1,-1,2.3085535527127395e-16,6.994917264719601e-14,-1
2021-08-10,1,1,-1,-1,0,1,-1,-1,1,-1,-1,-1,1,-1,0,-1,0,-1,0,1,-1,1.939044454344815e-15,4.4210213559061787e-13,-1
2021-08-11,1,1,-1,-1,0,1,-1,-1,1,-1,-1,-1,1,-1,1,-1,0,-1,0,1,-1,7.51313617697841e-16,1.9834679507223003e-13,-1
2021-08-12,1,1,-1,-1,0,1,-1,-1,1,-1,-1,-1,1,-1,1,-1,0,-1,0,0,-1,1.0049547665828511e-16,3.386697563384208e-14,-1
2021-08-13,1,1,-1,-1,0,1,-1,-1,1,-1,-1,-1,1,-1,1,-1,0,-1,0,0,-1,4.757996105676026e-18,2.1030342787088033e-15,-1
2021-08-14,1,1,-1,-1,0,1,-1,-1,1,-1,-1,-1,1,-1,1,-1,0,-1,0,0,-1,7.504175484485282e-20,4.3674301319704346e-17,-1
2021-08-15,1,1,-1,-1,0,1,-1,-1,1,-1,-1,-1,1,-1,1,-1,1,-1,0,0,-1,8.99626673943201e-23,6.504300852609343e-20,-1
2021-08-16,1,1,-1,-1,0,1,-1,-1,1,-1,-1,-1,1,-1,1,-1,1,-1,0,0,-1,2.184514109282694e-22,1.5488205034814302e-19,-1
2021-08-17,1,0,-1,-1,0,1,-1,-1,1,-1,-1,-1,1,-1,1,-1,1,-1,0,-1,-1,7.793144475251498e-21,4.972026175210456e-18,-1
2021-08-18,1,0,-1,-1,0,1,-1,-1,1,-1,-1,-1,1,-1,1,-1,1,-1,0,-1,-1,8.88038812355643e-21,5.656807234705446e-18,-1
2021-08-19,1,0,-1,-1,0,1,-1,-1,1,-1,-1,-1,1,-1,1,-1,1,-1,0,-1,-1,3.8547178210922494e-19,2.0545645986421688e-16,-1
2021-08-20,1,0,-1,-1,0,1,-1,-1,1,-1,-1,-1,1,-1,1,-1,1,-1,0,-1,-1,1.0527126943063134e-17,4.3477034274850746e-15,-1
2021-08-21,1,0,-1,-1,0,1,-1,-1,1,-1,-1,-1,1,-1,1,-1,1,-1,0,-1,-1,1.169269539737179e-16,3.881974871927435e-14,-1
2021-08-22,1,-1,-1,-1,0,1,-1,-1,1,-1,-1,-1,1,-1,1,-1,1,-1,0,-1,-1,6.628876958056148e-16,1.7831679017171038e-13,-1
2021-08-23,1,-1,-1,-1,0,1,-1,-1,1,-1,-1,-1,1,-1,1,-1,1,-1,0,-1,-1,1.4352174542899215e-18,6.94645247876322e-16,-1
2021-08-24,1,-1,-1,-1,0,1,-1,-1,1,-1,-1,-1,1,-1,1,-1,1,-1,0,-1,-1,1.1563827116275649e-20,7.30833873748621e-18,-1
2021-08-25,1,-1,-1,-1,0,1,-1,-1,1,-1,-1,-1,1,-1,1,-1,1,-1,0,-1,-1,5.2837861605854534e-18,2.3090145521758432e-15,-1
2021-08-26,1,-1,-1,-1,0,1,-1,-1,1,-1,-1,-1,1,-1,1,-1,1,-1,0,-1,-1,4.2367699804690335e-17,1.5718416627540115e-14,-1
2021-08-27,1,-1,-1,-1,0,1,-1,-1,1,-1,0,-1,1,-1,1,-1,1,-1,1,-1,-1,2.3651810172474108e-15,5.250701858289252e-13,-1
2021-08-28,1,-1,-1,-1,0,1,-1,-1,1,-1,0,-1,1,-1,1,-1,1,-1,1,-1,-1,9.514652047478976e-15,1.6936080644512579e-12,-1
2021-08-29,1,-1,-1,0,0,1,-1,-1,1,-1,0,-1,1,-1,1,-1,1,-1,1,-1,-1,1.9744044680071255e-13,1.9546604233270543e-11,-1
2021-08-30,1,-1,-1,0,0,1,-1,-1,1,0,0,-1,1,-1,1,-1,1,-1,1,-1,-1,9.845006080567022e-13,7.383754560425267e-11,-1
2021-08-31,1,-1,-1,0,0,1,-1,-1,1,0,0,-1,1,-1,1,-1,0,-1,1,-1,-1,1.2293767605248552e-12,8.974450351831442e-11,-1
2021-09-01,1,-1,-1,0,0,1,-1,-1,1,0,1,-1,1,-1,1,-1,0,-1,1,-1,-1,4.2209289718932806e-13,3.545580336390356e-11,-1
2021-09-02,1,-1,-1,0,0,1,-1,-1,1,0,1,-1,1,-1,1,-1,0,0,1,-1,-1,1.1259194512829194e-13,1.2497705909240406e-11,-1
2021-09-03,1,-1,-1,1,0,0,-1,-1,1,0,1,-1,1,-1,1,-1,0,0,1,-1,-1,2.872166298725306e-14,4.250806122113453e-12,-1
2021-09-04,1,-1,-1,1,0,0,-1,-1,1,1,1,-1,1,-1,1,-1,0,0,1,-1,0,100.0,1.0,0
2021-09-05,1,-1,-1,1,0,0,0,-1,1,1,1,-1,1,-1,1,-1,0,0,0,-1,0,100.0,1.0,0
2021-09-06,1,-1,-1,1,0,0,0,-1,1,1,1,-1,1,-1,1,-1,0,0,0,-1,0,100.0,1.0,0
2021-09-07,1,-1,-1,1,0,0,0,-1,1,1,1,-1,1,-1,1,-1,0,1,0,-1,1,1.0925377167865497e-17,4.501255393160585e-15,1
2021-09-08,1,-1,-1,1,0,-1,0,-1,1,1,1,-1,1,0,1,-1,1,1,0,-1,1,4.179310674508239e-16,1.1743862995368153e-13,1
2021-09-09,1,-1,-1,1,0,-1,1,-1,1,1,1,-1,1,0,1,-1,1,1,0,-1,1,4.505169214075775e-17,1.6488793196678577e-14,1
2021-09-10,1,-1,-1,1,0,-1,1,-1,1,1,1,-1,1,0,1,-1,0,1,0,-1,1,5.1017968166131195e-20,3.0406709027014194e-17,1
2021-09-11,1,-1,0,1,0,0,1,-1,1,1,1,-1,1,0,1,-1,0,1,-1,-1,1,4.077941265147994e-20,2.4508427003539442e-17,1
2021-09-12,1,-1,0,1,0,0,1,-1,1,1,1,-1,1,0,1,-1,0,1,-1,-1,1,1.9514817071728213e-19,1.0752664206522245e-16,1
2021-09-13,1,-1,0,1,0,0,1,-1,1,1,1,-1,1,1,1,-1,0,1,-1,-1,1,1.1281959894560185e-20,7.141480613256598e-18,1
2021-09-14,1,-1,0,1,0,0,1,-1,1,1,1,-1,1,1,1,-1,0,1,-1,-1,1,4.4481148819593414e-24,3.407255999580856e-21,1
2021-09-15,1,-1,0,1,0,0,1,-1,1,1,1,-1,1,1,1,-1,0,1,-1,-1,1,4.24529376277054e-28,3.53632970438786e-25,1
2021-09-16,1,-1,1,1,0,1,1,0,1,1,1,-1,1,1,1,-1,-1,1,-1,-1,1,1.5120042595871465e-30,1.2852036206490745e-27,1
2021-09-17,1,-1,1,1,0,1,1,0,1,1,1,-1,1,1,1,-1,-1,1,-1,-1,1,2.1063102883445695e-28,1.76087540105606e-25,1
2021-09-18,1,-1,1,1,0,1,1,0,1,1,1,-1,1,1,1,-1,-1,1,-1,-1,1,1.735332869797319e-24,1.3535596384419088e-21,1
2021-09-19,1,-1,1,1,0,1,1,0,1,1,1,-1,1,1,1,-1,-1,1,-1,-1,1,3.2988025204113547e-21,2.1541180458286147e-18,1
2021-09-20,1,-1,1,1,0,1,1,0,1,1,1,-1,1,1,0,-1,-1,1,-1,-1,1,8.442171918796532e-19,4.2632968189922486e-16,1
2021-09-21,1,-1,1,1,0,1,1,1,1,1,1,-1,1,1,0,-1,-1,1,-1,-1,1,1.0276834455435966e-19,5.878349308509372e-17,1
2021-09-22,1,0,1,1,0,1,1,1,1,1,1,-1,1,1,0,-1,-1,1,-1,-1,1,5.337935080635916e-19,2.79707798225322e-16,1
2021-09-23,1,0,1,1,0,1,1,1,1,1,1,-1,1,1,0,-1,-1,1,-1,-1,1,7.769157193539853e-17,2.6866024132058502e-14,1
2021-09-24,1,0,1,1,0,1,1,1,1,1,1,-1,1,1,0,-1,-1,1,-1,-1,1,1.472385019444941e-16,4.7332717879496746e-14,1
2021-09-25,1,0,1,1,0,1,1,1,1,1,1,-1,1,1,0,-1,-1,1,-1,-1,1,8.237387903671538e-19,4.188533587319561e-16,1
2021-09-26,1,0,0,1,0,1,1,1,1,1,1,-1,1,1,0,-1,-1,1,-1,-1,1,1.3373943078421223e-18,6.526484222269557e-16,1
2021-09-27,1,1,0,1,0,1,1,1,1,1,1,-1,1,1,0,-1,0,1,-1,-1,1,5.521895138036694e-20,3.2855276071318327e-17,1
2021-09-28,1,1,0,1,0,1,1,1,1,1,1,-1,1,1,0,-1,0,1,-1,-1,1,6.794317126013774e-23,4.9462628677380276e-20,1
2021-09-29,1,1,0,1,0,1,1,1,1,1,1,-1,1,1,0,-1,0,1,-1,-1,1,3.465366566940306e-24,2.661401523410155e-21,1
2021-09-30,1,1,0,1,0,1,1,1,1,1,1,-1,1,1,1,0,0,1,-1,-1,1,4.1471265344676293e-23,3.0813150151094485e-20,1
2021-10-01,1,1,-1,1,0,1,1,1,1,1,1,-1,1,1,1,0,0,1,-1,-1,1,4.031700614585078e-22,2.822190430209555e-19,1
2021-10-02,1,1,-1,1,0,1,1,1,1,1,1,0,1,1,1,0,1,1,-1,-1,1,1.1917477580595209e-21,8.044297366901766e-19,1
2021-10-03,1,1,-1,0,0,1,1,1,1,1,1,0,1,1,1,0,1,1,-1,-1,1,7.198656324157391e-22,4.9670728636686e-19,1
2021-10-04,1,1,-1,0,0,1,1,1,1,1,1,0,1,1,1,0,1,1,-1,-1,1,1.387676528820864e-22,9.921887181069178e-20,1
2021-10-05,1,1,-1,0,0,1,1,1,1,1,1,0,1,1,1,1,1,1,-1,0,1,4.3675815323894785e-23,3.2363779155006036e-20,1
2021-10-06,1,1,-1,0,0,1,1,1,1,1,1,1,1,1,1,1,1,1,-1,0,1,1.3825450014732102e-22,9.899022210548185e-20,1
2021-10-07,1,1,-1,0,0,1,1,1,1,1,1,1,1,1,1,1,1,1,-1,0,1,6.841802139059621e-22,4.727685278090198e-19,1
2021-10-08,1,1,0,-1,0,1,1,1,1,1,1,1,1,1,1,1,1,1,-1,0,1,1.0129653534443682e-21,6.898294056956147e-19,1
2021-10-09,1,1,0,-1,0,1,1,1,1,1,1,1,1,1,1,1,1,1,-1,0,1,8.171131448600248e-22,5.613567305188371e-19,1
2021-10-10,1,1,0,-1,0,1,1,1,1,1,1,1,1,1,1,1,1,1,-1,1,1,5.2271908078867516e-21,3.3558564986632945e-18,1
2021-10-11,1,1,0,-1,0,1,1,1,1,1,1,1,1,1,1,1,1,1,-1,1,1,1.7543291512502262e-19,9.736526789438755e-17,1
2021-10-12,1,1,0,-1,0,1,1,1,1,1,1,1,1,1,1,1,1,1,-1,1,1,9.00832198819877e-22,6.161692239927959e-19,1
2021-10-13,1,1,1,-1,0,1,1,1,1,1,1,1,1,1,1,1,1,1,0,1,1,1.8433423204084247e-22,1.3143030744512067e-19,1
2021-10-14,1,1,1,-1,0,1,1,1,1,1,1,1,1,1,1,1,1,1,0,1,1,3.4848159466793104e-21,2.2720999972349104e-18,1
2021-10-15,1,1,1,-1,0,1,1,1,1,1,1,1,1,1,1,1,1,1,0,1,1,9.565764982022839e-24,7.250849856373312e-21,1
2021-10-16,1,1,1,-1,0,1,1,1,1,1,1,1,1,1,1,1,1,1,0,1,1,2.2448941812051733e-24,1.7420378846152144e-21,1
2021-10-17,1,1,1,-1,1,1,1,1,1,1,1,1,1,1,1,1,1,1,0,1,1,4.267795018683779e-23,3.1667039038633644e-20,1
2021-10-18,1,1,1,-1,1,1,1,1,1,1,1,1,1,1,1,1,0,1,0,1,1,5.980253801722288e-22,4.150296138395268e-19,1
2021-10-19,1,1,1,-1,1,1,1,1,1,1,1,1,1,1,1,1,0,1,1,1,1,3.728595327221692e-21,2.419858367366878e-18,1
2021-10-20,1,1,1,-1,1,1,1,1,1,1,1,1,1,1,1,1,0,1,1,1,1,1.9548165891357882e-22,1.3898745948755453e-19,1
2021-10-21,1,1,1,-1,1,1,1,1,1,1,1,1,0,1,1,1,0,1,1,1,1,6.841326294075793e-23,4.9736442157931016e-20,1
2021-10-22,1,1,1,-1,1,1,1,1,1,1,1,1,0,1,1,1,0,1,1,1,1,1.2140599642211011e-22,8.704809943465295e-20,1
2021-10-23,1,1,1,-1,1,1,1,1,1,1,1,1,0,1,1,1,0,1,1,1,1,1.1687766019995752e-22,8.415191534396942e-20,1
2021-10-24,1,1,1,-1,1,1,1,1,1,1,1,1,0,1,1,1,0,1,1,1,1,4.8084443416893065e-23,3.543823479825019e-20,1
2021-10-25,1,1,1,-1,1,1,1,1,1,1,1,1,0,1,1,1,0,1,1,1,1,3.1878117603676975e-23,2.3749197614739348e-20,1
2021-10-26,1,1,1,-1,1,1,1,1,1,1,1,1,-1,1,1,1,0,1,1,1,1,8.382791470675479e-26,6.764912716835111e-23,1
2021-10-27,1,1,1,-1,1,1,1,1,1,1,1,1,-1,1,1,1,0,1,1,1,1,7.375969357077803e-27,6.040918903446721e-24,1
2021-10-28,1,1,1,-1,1,1,1,1,1,1,1,1,-1,1,1,1,1,1,1,1,1,1.0234052436842945e-23,7.74717769469011e-21,1
2021-10-29,1,1,1,-1,1,1,1,0,1,1,1,1,-1,1,1,1,1,1,1,1,1,1.9017188406438366e-20,1.178731374305828e-17,1
2021-10-30,1,1,1,0,1,1,1,0,1,1,1,1,-1,1,1,1,1,1,1,1,1,2.1162724749090837e-18,1.0052294255818148e-15,1
2021-10-31,1,1,1,0,0,1,1,0,1,0,1,1,-1,1,1,1,1,1,1,1,1,8.827590513057983e-19,4.442885441025004e-16,1
2021-11-01,1,1,1,0,0,1,1,0,1,0,1,1,0,1,1,1,1,1,1,1,1,1.5588642038176764e-19,8.698462257302634e-17,1
2021-11-02,1,1,1,0,0,1,1,0,1,0,1,1,0,1,1,1,0,1,1,1,1,2.506307978116816e-18,1.1679395178024363e-15,1
2021-11-03,1,1,1,0,0,1,1,-1,1,0,1,1,0,1,1,1,0,1,1,1,1,6.876378728437075e-18,2.9293373383141937e-15,1
2021-11-04,1,1,1,1,0,1,1,-1,1,-1,1,1,0,1,1,1,0,1,1,1,1,1.586710088378587e-19,8.83797519226873e-17,1
2021-11-05,1,1,1,1,0,1,1,-1,1,-1,1,1,0,1,1,1,0,1,1,1,1,5.845300846120926e-19,3.0512470416751233e-16,1
2021-11-06,1,1,1,1,0,1,1,-1,1,-1,1,1,0,1,1,1,0,1,1,1,1,1.340758153303998e-19,7.54846840310151e-17,1
2021-11-07,1,1,1,0,0,1,1,-1,1,-1,1,1,0,1,1,1,-1,1,1,1,1,1.1173246041120723e-21,7.586634061920972e-19,1
2021-11-08,1,1,1,0,0,1,1,-1,1,-1,1,1,0,1,1,1,-1,1,1,1,1,1.0737871366261953e-22,7.742005255074869e-20,1
2021-11-09,1,1,1,0,0,1,1,-1,1,-1,1,1,0,1,0,1,-1,1,1,1,1,8.453595704582548e-22,5.790713057639045e-19,1
2021-11-10,1,1,1,0,0,0,1,-1,1,-1,1,1,0,1,0,1,-1,1,1,1,1,1.6280178365378194e-20,1.0158831299995993e-17,1
2021-11-11,1,1,1,0,0,0,1,-1,1,-1,1,1,0,1,0,1,-1,1,1,1,1,1.4799683004474038e-19,8.302622165509935e-17,1
2021-11-12,1,1,1,-1,0,0,1,-1,1,-1,1,1,0,1,0,1,-1,1,1,1,1,4.758033429669051e-19,2.5122416508652587e-16,1
2021-11-13,1,1,1,-1,0,0,1,-1,1,-1,1,1,0,1,0,1,-1,1,1,1,1,4.313484868146345e-19,2.2904604649857093e-16,1
2021-11-14,1,1,1,-1,0,0,1,-1,1,-1,1,1,0,1,0,1,-1,1,1,1,1,2.9395146247103665e-20,1.7784063479497717e-17,1
2021-11-15,1,1,1,-1,0,-1,1,0,1,-1,1,1,0,1,1,1,0,1,1,1,1,1.3364323244824055e-21,8.99418954376659e-19,1
2021-11-16,1,1,1,-1,0,-1,1,0,1,-1,1,1,0,1,1,1,0,1,1,1,1,4.239597650928646e-21,2.7387800824999056e-18,1
2021-11-17,0,1,1,-1,0,-1,1,0,1,-1,1,1,0,1,1,1,0,1,1,1,1,4.668789071156228e-20,2.801273442693737e-17,1
2021-11-18,0,1,1,-1,0,-1,1,0,1,-1,1,1,0,0,1,1,0,1,1,1,1,5.671713247158629e-21,3.6355681914286815e-18,1
2021-11-19,0,1,1,-1,0,-1,1,0,1,-1,1,1,0,0,1,1,0,1,1,1,1,8.337625649869598e-22,5.719611195810545e-19,1
2021-11-20,0,1,1,-1,0,-1,1,1,0,-1,1,1,0,0,1,1,1,1,1,1,1,3.555052259712457e-20,2.1436965126066115e-17,1
2021-11-21,0,1,1,-1,0,-1,1,1,0,0,1,1,0,0,1,1,1,1,1,1,1,8.836822843629262e-19,4.442885441025004e-16,1
2021-11-22,-1,1,1,-1,0,-1,1,1,0,0,1,1,0,-1,1,1,1,1,1,1,1,4.652183514660084e-18,2.0624786786563626e-15,1
2021-11-23,-1,1,1,-1,0,-1,1,1,0,0,1,1,0,-1,1,1,1,1,1,1,1,3.9835920175917994e-18,1.788632815898718e-15,1
2021-11-24,-1,1,1,-1,0,-1,1,1,0,0,1,1,0,-1,1,1,1,1,1,1,1,6.168953418099686e-19,3.2016868239937367e-16,1
2021-11-25,-1,1,1,-1,0,-1,1,1,-1,0,1,1,0,-1,1,1,1,1,1,1,1,8.66898174587669e-20,4.993333485624973e-17,1
2021-11-26,-1,1,1,-1,0,-1,1,1,-1,1,1,1,0,-1,1,1,1,1,1,1,1,1.365792072936982e-18,6.637749474473732e-16,1
2021-11-27,-1,1,1,-1,0,-1,1,1,-1,1,1,1,0,-1,1,1,1,1,1,0,1,2.826721889262059e-16,8.338829573323075e-14,1
2021-11-28,-1,1,1,-1,0,-1,1,1,-1,1,1,1,0,-1,1,1,1,1,1,0,1,1.1336869553117894e-15,2.78775674373508e-13,1
2021-11-29,-1,1,1,-1,0,-1,0,1,-1,1,1,1,0,-1,1,0,1,1,1,0,1,1.0701979180411833e-15,2.654090836742135e-13,1
2021-11-30,-1,1,1,-1,0,-1,0,1,-1,1,1,1,0,-1,1,0,1,1,1,0,1,1.1185900331698104e-15,2.7629173819294316e-13,1
2021-12-01,-1,1,1,-1,0,-1,0,1,-1,1,1,1,0,-1,1,0,1,1,1,0,1,1.4426750637777272e-15,3.419139901153213e-13,1
2021-12-02,0,1,1,-1,0,-1,0,1,-1,1,1,1,0,-1,1,0,1,1,1,0,1,3.728743888684508e-17,1.3908214704793214e-14,1
2021-12-03,0,1,1,-1,0,-1,0,1,-1,1,1,1,0,-1,1,-1,1,1,1,0,1,2.645735320575836e-19,1.4339885437521031e-16,1
2021-12-04,0,1,1,-1,0,-1,-1,1,-1,1,1,1,0,-1,1,-1,1,1,1,0,1,5.745662595784265e-22,3.9932355040700645e-19,1
2021-12-05,0,1,1,-1,0,-1,-1,1,-1,1,1,1,0,-1,1,-1,1,1,1,0,1,1.2993274301592371e-24,1.0186727052448419e-21,1
2021-12-06,1,1,1,-1,0,-1,-1,1,-1,1,1,1,0,-1,1,-1,1,0,1,1,1,2.3398219544665104e-25,1.8624982757553424e-22,1
2021-12-07,1,1,1,-1,0,-1,-1,1,-1,1,1,1,0,-1,1,-1,1,0,1,1,1,2.4207042596027947e-24,1.8687836884133576e-21,1
2021-12-08,1,1,1,-1,0,-1,-1,1,-1,1,1,1,0,-1,1,-1,1,0,1,1,1,4.374000463970413e-23,3.2367603433381057e-20,1
2021-12-09,1,1,1,-1,0,-1,-1,1,-1,1,1,1,0,-1,1,-1,1,0,1,1,1,4.951540928483753e-22,3.456175568081659e-19,1
2021-12-10,1,1,1,-1,0,-1,-1,1,-1,1,1,1,1,-1,1,-1,1,0,1,1,1,2.9886641141426495e-21,1.9545863306492926e-18,1
2021-12-11,1,1,1,-1,0,0,-1,1,-1,1,1,1,1,-1,1,-1,1,-1,1,1,1,6.343755582219973e-21,4.0536598170385625e-18,1
2021-12-12,1,1,1,-1,0,0,-1,1,-1,1,0,1,1,-1,1,-1,1,-1,1,1,1,3.635096950796018e-21,2.3628130180174117e-18,1
2021-12-13,1,1,1,-1,0,0,-1,1,-1,1,0,1,1,-1,1,-1,1,-1,1,1,1,5.439960191641397e-22,3.7862122933824124e-19,1
2021-12-14,1,1,1,-1,-1,0,-1,1,-1,1,0,1,1,-1,1,-1,1,-1,1,1,1,1.6525880198811032e-23,1.2443987789704706e-20,1
2021-12-15,1,1,1,0,0,0,-1,1,-1,1,0,1,1,-1,1,-1,1,-1,1,1,1,9.863717235478533e-26,7.930428657324741e-23,1
2021-12-16,1,1,1,0,0,1,-1,1,-1,1,0,1,1,-1,1,-1,1,-1,0,1,1,4.5469787411955275e-27,3.7285225677803325e-24,1
2021-12-17,1,1,1,0,0,1,-1,1,-1,1,-1,1,1,-1,1,-1,1,-1,0,1,1,2.405384907083904e-24,1.8593625331758577e-21,1
2021-12-18,1,1,1,0,0,1,-1,1,0,0,-1,1,1,-1,1,-1,1,-1,0,1,1,1.4113568869242634e-21,9.456091142392564e-19,1
2021-12-19,1,1,1,0,0,1,-1,1,0,0,-1,1,1,-1,1,-1,1,-1,0,1,1,1.007446871107241e-20,6.387213162819908e-18,1
2021-12-20,1,1,1,1,0,1,-1,1,0,0,-1,1,1,-1,1,-1,1,-1,0,1,1,6.180509764448914e-20,3.6403202512604105e-17,1
2021-12-21,1,1,1,1,0,1,-1,1,0,0,-1,1,1,-1,1,-1,1,-1,0,1,1,1.7526331100068386e-21,1.1655010181545477e-18,1
2021-12-22,1,1,1,1,0,1,-1,1,0,0,-1,1,1,-1,1,-1,1,-1,-1,1,1,2.252233657559073e-21,1.484221980331429e-18,1
2021-12-23,1,1,1,1,0,1,-1,1,1,-1,-1,1,0,-1,1,-1,1,-1,-1,1,1,3.241512536461998e-20,1.9578735720230467e-17,1
2021-12-24,1,1,1,1,0,1,-1,1,1,-1,-1,1,0,-1,1,-1,1,-1,-1,1,1,2.909175445132212e-19,1.5680455649262622e-16,1
2021-12-25,1,1,1,1,0,1,-1,1,1,-1,-1,1,0,-1,1,-1,1,-1,-1,1,1,7.470016277030772e-19,3.824648333839755e-16,1
2021-12-26,1,1,1,1,0,1,-1,1,1,-1,-1,1,0,-1,1,-1,1,-1,-1,1,1,4.79375513212239e-19,2.5263089546284995e-16,1
2021-12-27,1,1,1,1,0,1,-1,1,1,-1,-1,1,1,-1,1,-1,0,-1,-1,1,1,8.385589368980746e-20,4.8468706552708714e-17,1
2021-12-28,1,1,1,1,-1,1,-1,1,1,-1,-1,1,1,-1,1,-1,0,-1,-1,1,1,4.759952399036659e-21,3.0654093449796083e-18,1
2021-12-29,1,1,1,1,-1,1,-1,1,1,-1,-1,1,1,-1,1,-1,0,-1,-1,1,1,3.77851638746091e-22,2.652518503997559e-19,1
2021-12-30,1,1,1,1,-1,1,-1,1,1,-1,-1,1,1,-1,1,-1,0,-1,-1,1,1,1.8917416027098745e-21,1.2523329409939369e-18,1
2021-12-31,1,1,1,1,-1,1,-1,1,1,-1,-1,1,1,-1,1,-1,0,-1,-1,1,1,4.1742494978233175e-24,3.2016493648304846e-21,1
2022-01-01,1,1,1,1,-1,1,-1,1,1,-1,-1,1,0,-1,1,-1,-1,-1,-1,1,1,2.1123679593277127e-24,1.6413099043976327e-21,1
2022-01-02,1,1,0,1,-1,1,-1,1,1,-1,-1,1,0,-1,1,-1,-1,-1,-1,1,0,100.0,1.0,0
2022-01-03,1,1,0,1,-1,1,-1,1,1,-1,-1,1,0,-1,1,-1,-1,-1,-1,1,0,100.0,1.0,0
2022-01-04,1,1,0,1,-1,1,-1,1,0,-1,-1,1,0,-1,1,-1,-1,-1,-1,1,-1,1.4257635224510545e-13,1.5255669690226285e-11,-1
2022-01-05,1,1,0,1,-1,1,-1,1,0,-1,-1,1,0,-1,1,-1,-1,-1,-1,1,-1,1.831600941740903e-13,1.8619642398779427e-11,-1
2022-01-06,1,1,0,1,-1,1,-1,1,0,-1,-1,1,-1,-1,1,-1,-1,-1,-1,1,-1,1.0461490940785083e-13,1.2030714581902846e-11,-1
2022-01-07,1,1,0,1,-1,1,-1,1,0,-1,-1,1,-1,-1,1,-1,-1,-1,-1,1,-1,1.4708205936230118e-14,2.5072474962447596e-12,-1
2022-01-08,1,1,-1,1,-1,1,-1,1,0,-1,-1,1,-1,-1,1,-1,-1,-1,-1,1,-1,8.47519464770551e-16,2.1696498298126107e-13,-1
2022-01-09,1,1,-1,1,-1,1,-1,1,-1,-1,-1,1,-1,-1,1,-1,-1,-1,-1,1,-1,8.381811169643619e-16,2.1571505273597269e-13,-1
2022-01-10,1,1,-1,1,-1,1,-1,1,-1,-1,-1,1,-1,-1,1,-1,-1,-1,-1,1,-1,2.8315116526333884e-16,8.338829573323075e-14,-1
2022-01-11,1,1,-1,1,-1,1,-1,1,-1,-1,-1,0,-1,-1,1,-1,-1,-1,-1,1,-1,3.326836176931491e-17,1.2641977472339664e-14,-1
2022-01-12,0,1,-1,1,-1,1,-1,1,-1,-1,-1,0,-1,-1,1,-1,-1,-1,-1,1,-1,1.2460983316479211e-16,4.124585477754619e-14,-1
2022-01-13,0,1,-1,1,-1,1,-1,0,-1,-1,-1,0,-1,-1,1,-1,-1,-1,-1,1,-1,1.8987975698937346e-15,4.3482464350566523e-13,-1
2022-01-14,0,1,-1,1,-1,1,-1,0,-1,-1,-1,0,-1,-1,1,-1,-1,-1,-1,1,-1,1.4878208093349836e-14,2.5110778312970402e-12,-1
2022-01-15,0,1,-1,1,-1,1,-1,0,-1,-1,-1,0,-1,-1,1,-1,-1,-1,-1,1,-1,4.4193664074807966e-14,5.7893699937998435e-12,-1
2022-01-16,0,1,-1,1,-1,1,-1,0,-1,-1,-1,-1,-1,-1,1,-1,-1,-1,-1,1,-1,5.036651420895107e-14,6.491897296110954e-12,-1
2022-01-17,-1,1,-1,1,-1,1,-1,0,-1,-1,-1,-1,-1,-1,1,-1,-1,-1,-1,1,-1,2.5250184682326945e-14,3.812777887031369e-12,-1
2022-01-18,-1,1,-1,1,-1,1,-1,-1,-1,0,-1,-1,0,-1,0,-1,-1,-1,-1,1,-1,6.799489941758845e-15,1.2851035989924216e-12,-1
2022-01-19,-1,1,-1,1,-1,1,-1,-1,-1,0,-1,-1,0,-1,0,-1,-1,-1,-1,1,-1,2.6434116832631024e-15,5.808534103168114e-13,-1
2022-01-20,-1,1,-1,1,-1,1,-1,-1,-1,0,-1,-1,0,-1,0,-1,-1,-1,-1,1,-1,4.11225124498165e-15,8.306747514862933e-13,-1
2022-01-21,-1,1,-1,1,-1,1,-1,-1,-1,0,-1,-1,0,-1,0,-1,-1,-1,-1,1,-1,4.743356053314994e-16,1.3186529828215684e-13,-1
2022-01-22,-1,1,-1,1,-1,1,-1,-1,-1,0,-1,-1,0,-1,0,-1,-1,-1,-1,1,-1,7.775286315424896e-18,3.2500696798476063e-15,-1
2022-01-23,-1,1,-1,1,-1,1,-1,-1,-1,1,-1,-1,0,-1,-1,-1,-1,-1,-1,1,-1,8.955679594890013e-17,3.044931062262604e-14,-1
2022-01-24,-1,1,-1,1,-1,1,-1,-1,-1,1,-1,-1,0,-1,-1,-1,-1,-1,-1,1,-1,2.9060512330350872e-15,6.189889126364735e-13,-1
2022-01-25,-1,1,-1,1,-1,1,-1,-1,-1,1,-1,-1,0,-1,-1,-1,-1,-1,-1,1,-1,4.0199586710732033e-14,5.4594698807046066e-12,-1
2022-01-26,-1,1,-1,1,-1,1,-1,-1,-1,1,-1,-1,0,-1,-1,-1,-1,-1,-1,1,-1,3.749999336895722e-14,5.212499078285053e-12,-1
2022-01-27,-1,1,-1,1,-1,1,-1,-1,-1,1,-1,-1,0,-1,-1,-1,-1,-1,-1,1,-1,3.4134274947290884e-17,1.2902755930075954e-14,-1
2022-01-28,-1,1,-1,1,-1,1,-1,-1,-1,1,-1,-1,0,-1,-1,-1,-1,-1,-1,1,-1,5.838449931495821e-16,1.599735281229855e-13,-1
2022-01-29,-1,1,-1,1,-1,1,-1,-1,-1,1,-1,-1,0,-1,-1,-1,-1,-1,-1,1,-1,3.032861866939729e-13,2.6385898242375645e-11,-1
2022-01-30,-1,1,-1,1,-1,1,-1,-1,-1,1,-1,-1,0,-1,-1,-1,-1,-1,-1,1,-1,1.2424845593223945e-11,6.585168164408691e-10,-1
2022-01-31,-1,0,-1,1,-1,1,-1,-1,-1,1,-1,-1,0,-1,-1,-1,-1,-1,-1,1,-1,5.318898046732979e-13,4.308307417853713e-11,-1
2022-02-01,-1,0,-1,1,-1,1,-1,-1,-1,1,-1,-1,0,-1,-1,-1,-1,-1,-1,1,-1,2.1347342991056922e-13,2.0038911977619118e-11,-1
2022-02-02,-1,0,-1,1,-1,1,-1,-1,-1,1,-1,-1,0,-1,-1,-1,-1,-1,-1,1,-1,8.179560740187943e-15,1.5050391761945814e-12,-1
2022-02-03,-1,0,-1,1,-1,1,-1,-1,-1,1,-1,-1,0,-1,-1,-1,-1,-1,-1,1,-1,2.435032641494029e-16,7.353798577311968e-14,-1
2022-02-04,-1,0,-1,1,-1,1,-1,-1,-1,1,-1,-1,0,-1,-1,-1,-1,-1,-1,1,-1,5.401482037226819e-16,1.4854075602373753e-13,-1
2022-02-05,-1,-1,-1,1,-1,1,-1,-1,-1,1,-1,-1,0,-1,-1,-1,0,-1,-1,1,-1,2.5780659878391043e-16,7.708417303638922e-14,-1
2022-02-06,-1,-1,-1,1,-1,1,-1,-1,-1,1,-1,-1,0,-1,-1,-1,0,-1,-1,1,-1,4.959832661248873e-18,2.1806017112246818e-15,-1
2022-02-07,-1,-1,-1,1,-1,1,-1,-1,-1,1,-1,-1,0,-1,-1,-1,0,-1,-1,1,-1,1.7447916230263442e-20,1.0852603895223861e-17,-1
2022-02-08,-1,-1,-1,1,-1,1,-1,-1,-1,1,-1,-1,0,-1,-1,-1,0,-1,0,1,-1,1.7974659733913857e-21,1.1917199403584887e-18,-1
2022-02-09,-1,-1,-1,1,-1,1,-1,-1,-1,1,-1,-1,0,-1,-1,-1,0,-1,0,1,-1,1.7666417719940621e-19,9.787195416847104e-17,-1
2022-02-10,-1,-1,-1,1,-1,1,-1,-1,-1,1,-1,-1,0,-1,-1,-1,1,-1,0,1,-1,1.3799735741564285e-17,5.616492446816664e-15,-1
2022-02-11,-1,-1,-1,1,0,1,-1,-1,-1,1,-1,-1,0,-1,-1,-1,1,-1,0,1,-1,3.7828079336673006e-19,2.0200194365783385e-16,-1
2022-02-12,-1,-1,-1,1,0,1,-1,-1,-1,1,-1,-1,0,-1,-1,-1,1,-1,0,1,-1,1.1845642557729408e-21,8.00765436902508e-19,-1
2022-02-13,-1,-1,-1,1,0,1,-1,-1,-1,1,-1,-1,0,-1,0,-1,1,-1,0,1,-1,1.305102104870009e-24,1.021894948113217e-21,-1
2022-02-14,-1,-1,-1,1,0,1,-1,-1,-1,1,-1,-1,0,-1,0,-1,1,-1,1,1,-1,3.5676905456503146e-27,2.9326416285245586e-24,-1
2022-02-15,0,-1,-1,1,0,1,-1,-1,-1,1,-1,-1,0,-1,0,-1,1,-1,1,1,-1,5.716773893014408e-28,4.744922331201959e-25,-1
2022-02-16,0,-1,-1,1,0,1,-1,-1,-1,1,-1,-1,0,-1,0,-1,1,-1,1,1,-1,2.3887815146075542e-26,1.944468152890549e-23,-1
2022-02-17,0,-1,-1,1,0,1,-1,-1,-1,0,-1,-1,0,-1,1,-1,1,-1,1,1,-1,5.042257726826537e-23,3.711101686944331e-20,-1
2022-02-18,0,-1,-1,1,0,1,-1,0,-1,0,-1,-1,0,-1,1,-1,1,-1,1,1,-1,1.9992311726720355e-20,1.2255287088479577e-17,-1
2022-02-19,0,-1,0,1,0,1,-1,0,-1,0,-1,-1,0,-1,1,-1,1,-1,1,1,-1,4.394644290070602e-18,1.964405997661559e-15,-1
2022-02-20,1,-1,0,1,0,1,-1,0,-1,0,-1,-1,0,-1,1,-1,1,-1,1,0,-1,2.4356520245288544e-16,7.353798577311968e-14,-1
2022-02-21,1,-1,0,1,0,1,-1,0,-1,0,-1,-1,0,-1,1,-1,1,-1,1,0,-1,2.665144354989018e-18,1.2339618363599154e-15,-1
2022-02-22,1,-1,0,1,0,1,-1,0,-1,-1,-1,-1,0,-1,1,0,1,-1,1,0,-1,2.1226699644454008e-19,1.1632231405160796e-16,-1
2022-02-23,1,-1,0,1,0,1,-1,1,-1,-1,-1,-1,0,-1,1,0,1,-1,1,0,-1,8.950165915702714e-19,4.482105075822576e-16,-1
2022-02-24,1,-1,1,1,0,1,-1,1,-1,-1,-1,-1,0,-1,1,0,1,-1,1,0,0,100.0,1.0,0
2022-02-25,1,-1,1,1,0,1,-1,1,-1,-1,-1,-1,0,-1,1,0,1,-1,1,-1,-1,1.0661121451691894e-16,3.5714756863167843e-14,-1
2022-02-26,1,-1,1,1,0,1,-1,1,-1,-1,-1,-1,0,-1,1,0,1,-1,1,-1,-1,1.9164879021981983e-16,5.944834590455732e-14,-1
2022-02-27,1,-1,1,1,0,1,-1,1,-1,-1,-1,-1,0,-1,1,1,1,-1,1,-1,0,100.0,1.0,0
2022-02-28,1,-1,1,1,0,1,-1,1,-1,-1,-1,-1,0,-1,1,1,1,-1,1,-1,0,100.0,1.0,0
2022-03-01,1,-1,1,1,0,1,0,1,-1,-1,-1,-1,0,-1,1,1,1,-1,1,-1,1,7.4362131361791814e-09,3.4950201740042155e-07,1
2022-03-02,1,-1,1,1,0,1,0,1,0,-1,-1,-1,0,-1,1,1,1,-1,1,-1,1,8.695919019043623e-09,4.0001227487600665e-07,1
2022-03-03,1,-1,1,0,0,1,0,1,0,-1,-1,-1,0,-1,1,1,1,-1,1,-1,1,2.436059254310419e-09,1.169308442069001e-07,1
2022-03-04,1,-1,1,0,0,1,0,1,0,-1,-1,-1,0,-1,1,1,1,-1,1,-1,1,1.9788055323416092e-10,9.894027661708046e-09,1
2022-03-05,1,-1,1,0,0,1,0,1,0,-1,-1,0,0,-1,1,1,1,-1,1,-1,1,8.907658082640176e-12,4.899211945452096e-10,1
2022-03-06,1,-1,1,0,0,1,1,1,0,-1,-1,0,0,-1,0,1,1,-1,1,-1,1,1.896640518798477e-13,1.896640518798477e-11,1
2022-03-07,1,-1,1,1,0,1,1,1,1,-1,-1,0,0,-1,0,1,1,-1,1,-1,1,1.3328181257462642e-15,3.212091683048497e-13,1
2022-03-08,1,-1,1,1,0,1,1,1,1,-1,-1,0,0,-1,0,1,1,-1,1,-1,1,1.1031731335458953e-18,5.427611817045805e-16,1
2022-03-09,1,-1,1,1,0,1,1,1,1,-1,-1,0,0,-1,0,1,1,0,1,-1,1,7.974086840850535e-19,4.0747583756746233e-16,1
2022-03-10,1,-1,1,1,0,1,1,1,1,-1,-1,1,0,-1,-1,1,1,0,1,-1,1,9.770390267204919e-15,1.7293590772952706e-12,1
2022-03-11,0,-1,1,1,0,1,1,1,1,-1,-1,1,0,-1,-1,1,1,-1,1,-1,1,1.6161150029823505e-13,1.6807596031016445e-11,1
2022-03-12,0,-1,1,1,0,1,1,1,1,-1,-1,1,0,-1,-1,1,1,-1,1,-1,1,2.4610912716002754e-15,5.439011710236609e-13,1
2022-03-13,0,-1,1,1,0,1,1,1,1,-1,-1,1,0,-1,-1,1,1,0,1,-1,1,7.860949748334498e-17,2.704166713427067e-14,1
2022-03-14,0,-1,1,1,0,1,1,1,1,-1,-1,1,0,-1,-1,1,1,-1,1,-1,1,2.6483218181242613e-16,7.839032581647814e-14,1
2022-03-15,0,-1,1,1,0,1,1,1,1,-1,-1,1,0,-1,-1,1,0,-1,1,-1,1,7.636037784815541e-15,1.4290910568754644e-12,1
2022-03-16,-1,-1,1,1,0,0,0,1,1,-1,-1,1,0,-1,-1,1,0,-1,1,-1,-1,1.849117148352974e-14,2.940096265881229e-12,-1
2022-03-17,-1,-1,1,1,0,0,0,1,1,-1,-1,1,0,-1,-1,1,0,-1,1,-1,-1,2.0521325228810858e-16,6.300046845244933e-14,-1
2022-03-18,-1,-1,1,1,0,0,0,1,0,-1,-1,1,0,-1,-1,1,0,-1,1,-1,-1,7.453306271176691e-18,3.1526580278266233e-15,-1
2022-03-19,-1,-1,1,1,0,0,0,1,0,-1,-1,1,0,0,-1,1,0,-1,1,-1,0,100.0,1.0,0
2022-03-20,-1,-1,0,1,0,-1,0,1,0,-1,-1,1,0,0,-1,1,-1,-1,1,-1,-1,8.88131626886364e-15,1.610143962344346e-12,-1
2022-03-21,-1,-1,0,0,0,-1,-1,1,0,-1,-1,1,0,0,-1,0,-1,-1,1,-1,-1,3.9996670883044145e-13,3.399717025058752e-11,-1
2022-03-22,-1,-1,0,0,0,-1,-1,1,0,-1,-1,1,1,0,-1,0,-1,-1,1,-1,-1,3.9486918936722946e-12,2.4087020551401e-10,-1
2022-03-23,-1,-1,0,0,0,-1,-1,1,-1,-1,-1,1,1,0,-1,0,-1,-1,1,-1,-1,7.283938160665586e-13,5.754311146925813e-11,-1
2022-03-24,-1,-1,0,0,0,-1,-1,1,-1,-1,-1,1,1,1,-1,0,-1,-1,1,-1,-1,1.0642309652694646e-13,1.2030714581902846e-11,-1
2022-03-25,-1,-1,0,0,0,-1,-1,1,-1,-1,-1,0,1,1,-1,-1,-1,-1,1,-1,-1,5.427909606560351e-15,1.053014463672708e-12,-1
2022-03-26,-1,-1,0,0,0,-1,-1,1,-1,-1,-1,0,1,1,-1,-1,-1,-1,0,-1,-1,1.4699601825930667e-16,4.7332717879496746e-14,-1
2022-03-27,-1,-1,0,-1,0,-1,-1,1,0,-1,-1,0,0,1,-1,-1,-1,-1,0,-1,-1,2.2563054550043956e-18,1.0649761747620747e-15,-1
2022-03-28,-1,-1,0,-1,0,-1,-1,1,0,-1,-1,0,0,1,-1,-1,-1,-1,0,-1,-1,1.421540479694258e-20,8.898843402886055e-18,-1
2022-03-29,-1,-1,1,0,0,-1,-1,1,0,-1,-1,-1,0,1,-1,-1,0,-1,0,-1,-1,5.966247046296428e-23,4.3672928378889854e-20,-1
2022-03-30,-1,-1,1,0,0,-1,-1,1,0,-1,-1,-1,0,1,-1,-1,0,-1,0,-1,-1,7.897429312497597e-24,6.002046277498173e-21,-1
2022-03-31,-1,-1,1,0,0,-1,-1,1,0,-1,-1,-1,0,1,-1,-1,0,-1,0,-1,-1,2.4719148357002647e-22,1.745171874004387e-19,-1
2022-04-01,-1,-1,1,0,0,-1,-1,1,0,-1,-1,-1,0,1,-1,-1,0,-1,-1,-1,-1,1.9529203274468427e-20,1.2029989217072551e-17,-1
2022-04-02,-1,-1,1,0,0,-1,-1,1,0,-1,-1,-1,-1,1,-1,-1,0,-1,-1,-1,-1,5.901186453901077e-19,3.074518142482461e-16,-1
2022-04-03,-1,-1,1,1,0,-1,-1,1,0,-1,-1,-1,-1,1,-1,-1,1,-1,-1,-1,-1,4.064420350208837e-19,2.1622716263111012e-16,-1
2022-04-04,-1,-1,1,1,0,-1,0,1,0,-1,-1,-1,-1,1,-1,-1,1,-1,-1,-1,-1,1.9993371693268646e-19,1.0996354431297756e-16,-1
2022-04-05,-1,-1,1,1,0,-1,0,1,0,-1,-1,-1,-1,1,-1,-1,1,-1,-1,-1,-1,3.1726747332881463e-18,1.4435670036461065e-15,-1
2022-04-06,-1,-1,1,1,0,-1,0,1,-1,-1,-1,-1,-1,1,-1,-1,1,-1,-1,-1,-1,3.422040851004662e-19,1.830791855287494e-16,-1
2022-04-07,-1,-1,1,1,0,-1,0,1,-1,-1,-1,-1,-1,1,-1,-1,1,-1,-1,-1,-1,2.1881362684233364e-19,1.1947224025591416e-16,-1
2022-04-08,-1,-1,1,1,0,-1,0,1,-1,-1,-1,-1,-1,1,-1,-1,1,-1,-1,-1,-1,5.988835481782457e-20,3.5394017697334324e-17,-1
2022-04-09,-1,-1,1,1,0,-1,1,1,-1,-1,-1,-1,-1,1,-1,-1,1,-1,-1,-1,-1,1.9928492344828402e-20,1.2236094299724638e-17,-1
2022-04-10,-1,-1,1,1,0,-1,1,1,-1,-1,-1,-1,-1,1,-1,-1,1,-1,-1,-1,-1,1.0530728710024088e-18,5.212710711461924e-16,-1
2022-04-11,-1,-1,1,1,0,-1,1,1,-1,-1,-1,-1,-1,1,-1,-1,1,-1,-1,-1,-1,1.622469326899644e-16,5.1331460104078985e-14,-1
2022-04-12,-1,-1,1,0,0,0,1,1,-1,-1,-1,-1,-1,1,-1,-1,1,-1,-1,-1,-1,7.933724597271526e-15,1.4752759014176805e-12,-1
2022-04-13,-1,-1,1,0,0,0,1,1,-1,-1,-1,-1,-1,1,-1,-1,1,-1,-1,-1,-1,6.3862433062356e-14,7.9828041327945e-12,-1
2022-04-14,-1,-1,1,0,0,0,1,1,-1,-1,-1,-1,-1,1,-1,-1,1,-1,-1,-1,-1,2.0337985997014578e-13,1.972784641710414e-11,-1
2022-04-15,-1,-1,1,0,0,0,1,1,-1,-1,-1,-1,-1,1,-1,-1,1,-1,-1,-1,-1,1.071124255960844e-14,1.8851786904910854e-12,-1
2022-04-16,-1,-1,1,0,0,0,1,0,-1,-1,-1,-1,-1,1,-1,-1,1,-1,-1,-1,-1,1.2533131059634642e-16,4.135933249679432e-14,-1
2022-04-17,-1,-1,1,-1,0,1,1,0,-1,-1,-1,-1,-1,1,-1,-1,1,0,-1,-1,-1,3.3803041260147184e-16,9.701472841662241e-14,-1
2022-04-18,-1,-1,1,-1,0,1,1,0,-1,-1,-1,-1,-1,1,-1,-1,1,0,-1,-1,-1,6.0663749030787544e-15,1.164743981391121e-12,-1
2022-04-19,-1,-1,1,-1,0,1,1,0,-1,0,-1,-1,-1,1,-1,-1,1,0,-1,-1,-1,3.192468225744686e-14,4.597154245072348e-12,-1
2022-04-20,-1,-1,1,-1,0,1,1,0,-1,0,-1,-1,0,1,-1,-1,1,0,-1,-1,-1,4.160033274755553e-14,5.4912439226773295e-12,-1
2022-04-21,-1,-1,1,-1,0,1,1,-1,-1,0,-1,-1,0,1,-1,0,1,0,-1,-1,-1,1.4347233541900066e-14,2.4820714027487112e-12,-1
2022-04-22,-1,-1,1,-1,0,1,1,-1,0,0,-1,-1,0,1,-1,0,1,1,-1,-1,-1,1.1332344486727968e-15,2.78775674373508e-13,-1
2022-04-23,0,-1,1,0,0,1,1,-1,0,0,-1,-1,0,1,0,0,1,1,-1,-1,0,100.0,1.0,0
2022-04-24,0,-1,1,0,0,1,1,-1,0,1,-1,-1,0,1,0,0,1,1,-1,-1,0,100.0,1.0,0
2022-04-25,0,-1,1,0,0,1,1,-1,0,1,-1,-1,0,1,0,0,1,1,-1,-1,0,100.0,1.0,0
2022-04-26,0,-1,1,0,0,1,1,-1,0,1,-1,-1,0,1,0,1,1,1,-1,-1,1,3.3293499659358773e-15,6.958341428805984e-13,1
2022-04-27,0,-1,1,0,0,1,1,-1,0,1,-1,-1,0,1,0,1,1,1,-1,-1,1,1.0531783204965487e-13,1.2030714581902846e-11,1
2022-04-28,1,-1,1,1,0,1,1,-1,0,1,-1,-1,0,1,1,1,1,1,-1,-1,1,2.1062876870473664e-15,4.7180844189861e-13,1
2022-04-29,1,0,1,1,0,1,1,-1,0,1,-1,-1,0,1,1,1,1,1,-1,-1,1,1.3084992477012206e-18,6.411646313735981e-16,1
2022-04-30,1,0,1,1,0,1,1,-1,0,1,-1,-1,0,1,1,1,0,1,-1,-1,1,4.201688678289104e-21,2.7184925748530503e-18,1
2022-05-01,1,0,1,1,0,1,1,-1,-1,1,-1,-1,0,1,1,1,0,1,-1,-1,1,1.1638379391871465e-20,7.343817396270895e-18,1
2022-05-02,1,0,1,0,0,1,1,-1,-1,1,-1,-1,0,1,1,1,0,1,-1,-1,1,3.8043689121368203e-20,2.290230085106366e-17,1
2022-05-03,1,0,1,0,0,1,1,-1,-1,1,-1,0,0,1,1,1,0,1,-1,-1,1,2.2105397947011204e-20,1.3484292747676834e-17,1
2022-05-04,1,1,1,0,0,1,1,-1,-1,1,-1,0,0,1,1,1,0,1,-1,-1,1,2.1997914510068985e-20,1.344072576565215e-17,1
2022-05-05,1,1,1,0,0,1,1,-1,-1,1,-1,0,0,1,1,1,-1,1,-1,-1,1,1.7280083423685147e-18,8.294440043368871e-16,1
2022-05-06,1,1,1,0,0,1,1,-1,-1,1,-1,0,0,1,1,1,-1,1,-1,-1,1,5.132444977972644e-16,1.4216872588984223e-13,1
2022-05-07,1,1,1,-1,0,1,1,-1,0,1,-1,1,0,1,1,1,-1,1,-1,-1,1,9.37206882696309e-15,1.677600320026393e-12,1
2022-05-08,1,1,1,-1,0,1,1,-1,0,1,-1,1,0,1,1,1,-1,1,-1,-1,1,7.931590867836992e-15,1.4752759014176805e-12,1
2022-05-09,1,1,1,-1,0,1,0,-1,0,1,-1,1,0,1,1,1,-1,1,-1,-1,1,8.065989748080383e-16,2.1132893139970604e-13,1
2022-05-10,1,1,1,-1,0,0,0,-1,0,1,0,1,0,1,1,1,-1,1,-1,-1,1,7.250955791198973e-18,3.0744052554683647e-15,1
2022-05-11,1,1,1,-1,0,0,0,-1,0,1,0,1,0,1,1,1,-1,1,-1,-1,1,1.2115484076029148e-19,6.833133018880439e-17,1
2022-05-12,1,1,1,-1,0,0,0,-1,1,1,0,1,0,1,1,1,-1,1,-1,-1,1,1.5049311640559595e-19,8.427614518713373e-17,1
2022-05-13,1,1,1,-1,0,0,0,-1,1,1,0,1,0,1,1,1,-1,1,-1,-1,1,2.4955096472402492e-18,1.1654030052611964e-15,1
2022-05-14,1,1,1,-1,0,0,-1,-1,1,1,1,1,0,1,1,1,-1,1,-1,-1,1,1.1783345652804617e-17,4.819388371997089e-15,1
2022-05-15,1,1,1,-1,0,-1,-1,-1,1,1,1,1,0,1,1,1,-1,1,-1,0,1,5.2538802920636725e-17,1.8861430248508584e-14,1
2022-05-16,1,1,1,-1,0,-1,-1,-1,1,1,1,1,0,1,1,1,-1,1,-1,0,1,1.5599933393963431e-16,4.960778819280371e-14,1
2022-05-17,1,1,1,-1,0,-1,-1,-1,1,1,1,1,0,1,1,1,-1,1,-1,0,1,1.3848330776351024e-16,4.5145558330904336e-14,1
2022-05-18,1,1,1,-1,0,-1,-1,-1,1,1,1,1,0,1,1,1,-1,1,-1,0,1,4.423059134463597e-17,1.6321088206170672e-14,1
2022-05-19,1,1,1,-1,0,-1,-1,0,1,1,1,1,0,1,1,1,-1,1,-1,0,1,3.0346928991874255e-16,8.77026247865166e-14,1
2022-05-20,1,1,1,-1,0,-1,-1,0,1,1,1,1,0,1,1,1,-1,1,0,1,1,1.5847059747582723e-14,2.6147648583511493e-12,1
2022-05-21,1,1,1,-1,0,-1,-1,0,1,1,1,1,0,1,1,1,-1,1,0,1,1,1.612501453384686e-14,2.6147648583511493e-12,1
2022-05-22,1,1,1,-1,0,-1,-1,0,1,1,1,1,0,1,1,1,-1,1,0,1,1,7.394228958303921e-16,1.959470673950539e-13,1
2022-05-23,1,1,1,-1,0,-1,-1,0,1,1,1,1,0,1,1,1,-1,1,0,1,1,4.505134753190868e-17,1.6488793196678577e-14,1
2022-05-24,1,1,1,-1,0,-1,-1,1,1,1,1,1,0,1,1,1,-1,1,0,1,1,4.947165165918343e-17,1.785926624896522e-14,1
2022-05-25,1,1,1,-1,0,-1,-1,1,1,1,1,1,0,1,1,1,-1,1,0,1,1,1.2788647686079164e-16,4.207465088720045e-14,1
2022-05-26,1,1,1,-1,0,-1,-1,1,1,1,1,1,0,1,1,1,-1,1,0,1,1,1.4002254895283412e-16,4.536730586071826e-14,1
2022-05-27,1,1,1,-1,0,-1,-1,1,1,1,1,1,0,1,1,1,-1,1,0,1,1,3.2300420455230595e-17,1.2371061034353318e-14,1
2022-05-28,1,1,1,-1,0,-1,-1,1,1,1,1,1,1,1,1,1,-1,1,0,1,1,1.0629454456597345e-18,5.250950501559089e-16,1
2022-05-29,1,0,1,-1,0,-1,-1,1,1,1,1,1,1,1,1,1,-1,1,0,1,1,1.1473579627366348e-21,7.779086987354384e-19,1
2022-05-30,1,0,1,-1,0,-1,-1,1,1,1,1,1,1,1,1,1,-1,1,0,1,1,2.1869962083730483e-26,1.7824019098240343e-23,1
2022-05-31,1,0,1,-1,0,-1,-1,1,1,1,1,1,1,1,1,1,-1,1,0,1,1,5.902785478640144e-31,5.0350760132800425e-28,1
2022-06-01,1,0,1,-1,0,-1,-1,1,1,1,1,1,1,1,1,1,-1,1,0,1,1,1.2044292856227169e-30,1.0261737513505549e-27,1
2022-06-02,1,0,1,-1,0,-1,-1,1,1,1,1,1,1,1,1,1,-1,1,0,1,1,1.0827435609409936e-29,9.170837961170216e-27,1
2022-06-03,1,-1,1,-1,0,-1,-1,1,1,1,1,1,1,1,1,1,-1,1,0,1,1,2.917755684700992e-29,2.468421309257039e-26,1
2022-06-04,1,-1,1,-1,0,-1,-1,1,1,1,1,1,1,1,1,1,-1,1,0,1,1,6.114558134678297e-29,5.142343391264448e-26,1
2022-06-05,1,-1,1,-1,0,-1,-1,1,1,1,1,1,1,1,1,1,-1,1,0,1,1,1.4461946676181595e-28,1.2119111314640176e-25,1
2022-06-06,1,-1,1,-1,0,-1,-1,1,1,1,1,1,1,1,1,1,-1,1,0,1,1,3.88033395850375e-28,3.2361985213921277e-25,1
2022-06-07,1,-1,1,-1,0,-1,-1,1,1,1,1,1,1,1,1,1,-1,1,0,1,1,3.378434048417668e-30,2.8682905071066e-27,1
2022-06-08,1,-1,1,-1,0,-1,-1,1,1,1,1,1,1,1,1,1,-1,1,0,1,1,2.5489935702006944e-34,2.1972324575129985e-31,1
2022-06-09,1,-1,1,-1,0,-1,-1,1,1,1,1,1,1,1,1,1,-1,1,0,1,1,3.1382391602673005e-38,2.714576873631215e-35,1
2022-06-10,1,-1,1,-1,0,-1,-1,1,1,1,1,1,1,1,1,1,-1,1,0,1,1,2.2047228042871375e-37,1.9048805029040868e-34,1
2022-06-11,1,-1,1,-1,0,-1,-1,1,1,1,1,1,1,1,1,1,-1,1,0,1,1,1.4755035055182428e-34,1.2733595252622435e-31,1
2022-06-12,1,-1,1,-1,0,-1,-1,1,1,1,1,1,1,1,1,1,-1,1,0,1,1,2.113587754375055e-33,1.8155718810081723e-30,1
2022-06-13,1,-1,1,-1,0,-1,-1,1,1,1,1,1,1,1,1,1,-1,1,0,1,1,1.2784733732044974e-33,1.0994871009558677e-30,1
2022-06-14,1,-1,1,-1,0,-1,-1,1,1,1,1,1,1,1,1,1,-1,1,0,1,1,8.028402422036454e-33,6.872312473263205e-30,1
2022-06-15,1,-1,1,-1,0,-1,-1,1,1,1,1,1,1,1,1,1,-1,1,0,1,1,2.0894357221594436e-32,1.7843781067241648e-29,1
