date,Durchfall,Angst,Rachenschmerzen,Fieber,Entzündung,Muskelschmerzen,Schock,trockener Husten,Sputum,Husten,Kopfschmerzen,Erbrechen,Übelkeit,Lymphopenie,Pneumonie,respiratorische Insuffizienz,Dyspnoe,Hypoxämie,Müdigkeit,Ausfluss,ensemble_trend,harmonic_p,Holm_pval(alpha=0.05),up/down trend
2020-02-02,-1,-1,0,0,0,-1,1,1,-1,1,0,-1,1,1,1,-1,1,1,1,-1,1,4.582472985688845e-24,3.542251617937478e-21,1
2020-02-03,-1,-1,0,0,0,-1,1,1,-1,1,0,-1,1,1,1,-1,1,1,1,-1,1,2.376751697368956e-22,1.7041309670135416e-19,1
2020-02-04,0,0,1,0,-1,-1,0,1,-1,1,1,-1,1,1,1,-1,1,1,1,-1,1,8.555943095319415e-21,5.40735603624187e-18,1
2020-02-05,0,0,1,-1,-1,-1,0,1,-1,1,1,-1,1,1,1,-1,1,1,1,-1,1,1.5738476671632052e-19,8.420085019323148e-17,1
2020-02-06,0,0,1,-1,-1,-1,0,1,-1,1,0,-1,1,1,1,-1,1,1,1,-1,1,1.3301483282631262e-18,5.879255610923018e-16,1
2020-02-07,0,0,1,-1,-1,-1,0,1,-1,1,0,-1,1,1,1,-1,1,1,1,-1,1,5.533334291639932e-18,2.1801337109061333e-15,1
2020-02-08,1,0,1,-1,-1,-1,-1,1,-1,1,0,-1,1,1,1,-1,1,1,0,-1,1,2.0299389452167453e-17,6.881493024284767e-15,1
2020-02-09,1,0,1,-1,-1,-1,-1,1,-1,1,0,-1,1,1,1,-1,1,1,0,-1,1,3.234080211372068e-17,1.0413738280618057e-14,1
2020-02-10,1,1,0,-1,-1,-1,-1,1,-1,1,0,-1,1,1,1,-1,1,1,0,-1,1,1.9202550162137148e-17,6.590388937627264e-15,1
2020-02-11,1,1,0,-1,-1,-1,-1,1,-1,1,-1,-1,1,1,1,-1,1,1,0,-1,0,100.0,1.0,0
2020-02-12,1,1,0,-1,-1,-1,-1,1,-1,1,-1,-1,1,1,1,-1,1,1,0,-1,0,100.0,1.0,0
2020-02-13,1,1,0,-1,-1,-1,-1,1,-1,1,-1,-1,1,1,1,-1,1,1,0,-1,0,100.0,1.0,0
2020-02-14,1,1,0,-1,-1,-1,-1,1,-1,1,-1,-1,0,1,1,-1,1,1,-1,-1,-1,2.3926984044784503e-16,6.340650771867894e-14,-1
2020-02-15,1,1,0,-1,-1,-1,-1,1,0,1,-1,-1,0,1,1,-1,1,1,-1,-1,-1,4.506401383068259e-14,7.075050171417167e-12,-1
2020-02-16,1,1,-1,-1,-1,-1,-1,1,0,1,-1,-1,0,1,1,-1,1,1,-1,-1,-1,1.8518155704643716e-13,2.481432864422258e-11,-1
2020-02-17,1,1,-1,-1,-1,-1,-1,1,0,1,-1,-1,0,1,1,-1,1,1,-1,-1,-1,3.362707286646627e-14,5.481212877234002e-12,-1
2020-02-18,1,1,-1,-1,-1,-1,-1,1,0,1,-1,-1,0,1,1,-1,1,1,-1,-1,-1,7.316615874415453e-15,1.4194234796365978e-12,-1
2020-02-19,1,1,-1,-1,-1,-1,-1,1,0,1,-1,-1,-1,1,1,-1,1,1,-1,-1,-1,3.8027833274638414e-15,8.023872820948705e-13,-1
2020-02-20,1,1,-1,-1,-1,-1,-1,1,1,1,-1,-1,-1,1,1,-1,1,1,-1,-1,-1,4.837406167351135e-15,9.916682643069827e-13,-1
2020-02-21,1,1,-1,-1,-1,-1,-1,1,1,1,-1,-1,-1,1,1,-1,1,1,-1,-1,-1,1.2289363349444262e-14,2.2489534929483e-12,-1
2020-02-22,1,1,-1,-1,-1,-1,-1,1,1,1,-1,-1,-1,1,1,-1,1,1,-1,-1,-1,1.2913514860134668e-14,2.3502597045445096e-12,-1
2020-02-23,1,1,-1,-1,-1,-1,-1,1,1,0,-1,-1,-1,1,1,-1,1,1,-1,-1,-1,4.4266614217502846e-16,1.1155186782810718e-13,-1
2020-02-24,1,1,-1,-1,-1,-1,-1,1,1,0,-1,-1,-1,1,1,-1,1,1,-1,-1,-1,1.6169984502767475e-15,3.638246513122682e-13,-1
2020-02-25,0,1,-1,-1,-1,-1,-1,1,1,0,-1,-1,-1,1,1,-1,1,1,-1,-1,-1,5.3690357770173196e-14,8.160934381066326e-12,-1
2020-02-26,0,1,-1,-1,-1,-1,-1,0,1,0,-1,-1,-1,1,1,-1,1,1,-1,-1,-1,3.6392617146951634e-14,5.859211360659213e-12,-1
2020-02-27,0,1,-1,-1,-1,-1,-1,0,1,-1,-1,-1,-1,1,1,-1,1,1,-1,-1,-1,2.3032970842455344e-14,3.984703955744774e-12,-1
2020-02-28,0,0,-1,-1,-1,-1,-1,0,1,-1,-1,-1,-1,1,1,-1,1,1,-1,-1,-1,1.5983623736155334e-14,2.8450850250356494e-12,-1
2020-02-29,0,0,-1,-1,-1,-1,-1,0,1,-1,-1,-1,-1,1,1,-1,1,1,-1,-1,-1,1.1894521345037686e-16,3.413727626025816e-14,-1
2020-03-01,-1,0,-1,-1,-1,-1,-1,0,1,-1,-1,-1,-1,1,1,-1,1,1,-1,-1,-1,1.1845146752855154e-17,4.264252831027856e-15,-1
2020-03-02,-1,0,-1,-1,-1,-1,-1,-1,1,-1,-1,-1,-1,1,1,-1,1,1,-1,-1,-1,2.1183791317129045e-19,1.1015571484907103e-16,-1
2020-03-03,-1,0,-1,-1,-1,-1,-1,-1,1,-1,-1,-1,-1,1,1,-1,1,1,-1,-1,-1,3.8649700511006074e-18,1.565312870695746e-15,-1
2020-03-04,-1,-1,-1,-1,-1,-1,-1,-1,1,-1,-1,-1,-1,1,1,-1,1,1,-1,-1,-1,1.873838470767322e-16,5.1155790251947886e-14,-1
2020-03-05,-1,-1,-1,-1,-1,-1,-1,-1,1,-1,-1,-1,-1,1,1,-1,1,1,-1,-1,-1,1.1210246689421256e-17,4.0468990548810734e-15,-1
2020-03-06,-1,-1,-1,-1,-1,-1,-1,-1,1,-1,-1,-1,-1,0,1,-1,1,1,-1,-1,-1,1.2940019514566657e-18,5.772716051885122e-16,-1
2020-03-07,-1,-1,-1,-1,-1,-1,-1,-1,1,-1,-1,-1,-1,0,1,-1,1,1,-1,-1,-1,5.9381091242721206e-18,2.296325975408115e-15,-1
2020-03-08,-1,-1,-1,-1,-1,-1,-1,-1,1,-1,-1,-1,-1,0,1,-1,1,1,-1,-1,-1,5.884415556743005e-18,2.2890376515730287e-15,-1
2020-03-09,-1,-1,-1,-1,-1,-1,-1,-1,1,-1,-1,-1,-1,0,1,-1,1,1,-1,0,-1,3.777260227329127e-20,2.198365452305552e-17,-1
2020-03-10,-1,-1,-1,-1,-1,-1,-1,-1,1,-1,-1,-1,-1,-1,1,-1,1,1,-1,0,-1,5.2659079559123326e-21,3.407042447475279e-18,-1
2020-03-11,-1,-1,-1,-1,-1,-1,-1,-1,1,-1,-1,-1,-1,-1,1,-1,1,1,-1,0,-1,1.4773826069639e-20,9.085903032827985e-18,-1
2020-03-12,-1,-1,-1,-1,-1,-1,-1,-1,1,-1,-1,-1,-1,-1,1,-1,1,1,-1,0,-1,3.4237074678498416e-18,1.407143769286285e-15,-1
2020-03-13,-1,-1,-1,-1,-1,-1,-1,-1,1,-1,-1,-1,-1,-1,1,-1,0,1,-1,1,-1,8.295855590126533e-18,3.1109458462974495e-15,-1
2020-03-14,-1,-1,-1,-1,-1,-1,-1,-1,1,-1,-1,-1,-1,-1,0,-1,0,1,-1,1,-1,3.2611055760834866e-20,1.9142689731610067e-17,-1
2020-03-15,-1,-1,-1,-1,-1,-1,-1,-1,1,-1,-1,-1,-1,-1,0,-1,0,1,-1,1,-1,6.976647780394319e-22,4.841793559593658e-19,-1
2020-03-16,-1,-1,-1,-1,-1,-1,-1,-1,1,-1,-1,-1,-1,-1,0,-1,0,1,-1,1,-1,6.232239025534409e-23,4.586927922793325e-20,-1
2020-03-17,-1,-1,-1,-1,-1,0,-1,-1,1,-1,-1,-1,-1,-1,0,-1,0,1,-1,1,-1,1.0112326852752779e-22,7.361773948804023e-20,-1
2020-03-18,-1,-1,-1,-1,-1,0,-1,-1,1,-1,-1,-1,-1,-1,0,-1,-1,1,-1,1,-1,1.5270340896126959e-19,8.200173061220177e-17,-1
2020-03-19,-1,-1,-1,-1,-1,0,-1,-1,1,-1,-1,-1,-1,-1,-1,-1,-1,1,-1,1,-1,4.5798762725686474e-18,1.8273706327548903e-15,-1
2020-03-20,-1,-1,-1,-1,-1,0,-1,-1,1,-1,-1,-1,-1,-1,-1,-1,-1,1,-1,1,-1,5.656773881575481e-17,1.7422863555252482e-14,-1
2020-03-21,-1,-1,-1,-1,-1,0,-1,-1,1,-1,-1,-1,-1,-1,-1,-1,-1,1,-1,1,-1,8.337480081881008e-17,2.4845690644005406e-14,-1
2020-03-22,-1,-1,-1,-1,-1,1,-1,-1,1,-1,-1,-1,-1,-1,-1,-1,-1,1,0,1,-1,3.4316106545456497e-16,8.819239382182319e-14,-1
2020-03-23,-1,-1,0,-1,-1,1,-1,-1,1,-1,-1,-1,-1,-1,-1,-1,-1,1,0,1,-1,1.5143241735598953e-16,4.255250927703306e-14,-1
2020-03-24,-1,-1,0,-1,-1,1,0,-1,0,-1,-1,-1,0,-1,-1,-1,-1,1,0,1,-1,5.110071807359601e-17,1.5943424038961955e-14,-1
2020-03-25,-1,-1,0,-1,-1,1,0,-1,0,-1,-1,-1,0,-1,-1,-1,-1,1,0,1,-1,1.735421397009202e-17,6.091329103502299e-15,-1
2020-03-26,-1,-1,0,-1,0,1,0,-1,0,-1,-1,-1,0,-1,-1,-1,-1,1,0,1,-1,5.6861252715043195e-18,2.2289611064296933e-15,-1
2020-03-27,-1,-1,0,-1,0,1,0,-1,0,-1,-1,-1,0,-1,-1,-1,-1,1,1,1,-1,2.7128832712197075e-18,1.1421238571834968e-15,-1
2020-03-28,-1,-1,1,-1,0,1,0,-1,0,-1,-1,-1,1,-1,-1,-1,-1,1,1,1,-1,2.8914456000284414e-18,1.2028413696118317e-15,-1
2020-03-29,-1,-1,1,-1,0,1,1,-1,-1,-1,-1,-1,1,-1,-1,-1,-1,1,1,1,-1,1.9954925892026945e-17,6.784674803289162e-15,-1
2020-03-30,-1,-1,1,-1,0,1,1,-1,-1,-1,-1,-1,1,-1,-1,-1,-1,1,1,1,-1,4.523299622793364e-16,1.130824905698341e-13,-1
2020-03-31,-1,-1,1,-1,1,1,1,-1,-1,-1,-1,-1,1,-1,-1,-1,-1,1,1,1,-1,9.281063244713538e-18,3.3968691475651552e-15,-1
2020-04-01,-1,-1,1,-1,1,1,1,-1,-1,-1,-1,-1,1,-1,-1,-1,-1,1,1,1,-1,1.6288284678596072e-19,8.66536744901311e-17,-1
2020-04-02,-1,-1,1,-1,1,1,1,-1,-1,-1,-1,0,1,-1,-1,-1,-1,1,1,1,-1,3.079973270841387e-19,1.5399866354206936e-16,-1
2020-04-03,-1,-1,1,-1,1,1,1,-1,-1,-1,-1,0,1,-1,-1,-1,-1,1,1,1,-1,2.4928354972043655e-18,1.056962250814651e-15,-1
2020-04-04,-1,0,1,-1,1,1,1,-1,-1,-1,-1,0,1,-1,-1,-1,-1,1,1,1,-1,3.7560967544272486e-19,1.8367313129149247e-16,-1
2020-04-05,-1,0,1,-1,1,1,1,-1,-1,-1,-1,0,1,-1,-1,-1,-1,1,1,1,-1,2.4351083923903e-20,1.4513246018646188e-17,-1
2020-04-06,-1,0,1,-1,1,1,1,-1,-1,-1,-1,0,1,-1,-1,-1,-1,1,1,1,-1,8.723826065991812e-21,5.496010421574842e-18,-1
2020-04-07,-1,0,1,-1,1,1,1,-1,-1,-1,-1,1,1,-1,-1,-1,-1,1,1,1,-1,1.6801999802499964e-20,1.0198813880117478e-17,-1
2020-04-08,-1,0,1,-1,1,1,1,-1,-1,-1,-1,1,1,-1,-1,-1,-1,1,1,1,-1,7.847367990606645e-20,4.3474418667960814e-17,-1
2020-04-09,-1,1,1,-1,1,1,1,-1,-1,-1,-1,1,1,-1,-1,-1,-1,1,1,1,0,100.0,1.0,0
2020-04-10,-1,1,1,-1,1,1,1,-1,-1,-1,-1,1,1,-1,-1,-1,-1,1,1,1,0,100.0,1.0,0
2020-04-11,-1,1,1,-1,1,1,1,-1,-1,-1,-1,1,1,-1,-1,-1,-1,1,1,1,0,100.0,1.0,0
2020-04-12,-1,1,1,-1,1,1,1,-1,-1,-1,-1,1,1,-1,-1,-1,-1,1,1,1,0,100.0,1.0,0
2020-04-13,-1,1,1,-1,1,1,1,-1,-1,-1,-1,0,1,-1,-1,-1,-1,1,1,1,-1,3.257094362721284e-19,1.6252900869979207e-16,-1
2020-04-14,-1,1,1,-1,1,1,1,-1,-1,-1,-1,0,1,-1,-1,-1,-1,1,1,1,-1,1.4120004949226074e-18,6.212802177659473e-16,-1
2020-04-15,-1,1,1,-1,1,1,1,-1,-1,-1,-1,0,1,-1,-1,-1,-1,1,1,1,-1,1.8876079264938823e-19,9.891065534827943e-17,-1
2020-04-16,-1,1,1,-1,1,1,1,-1,-1,-1,-1,0,1,-1,-1,-1,-1,1,1,0,-1,8.007130622538653e-21,5.092535075934584e-18,-1
2020-04-17,-1,1,1,-1,1,1,1,-1,-1,-1,-1,0,1,-1,-1,-1,-1,1,1,0,-1,6.451369206745849e-21,4.122424923110597e-18,-1
2020-04-18,-1,1,1,-1,1,1,1,-1,-1,-1,-1,-1,1,-1,-1,-1,-1,1,1,0,-1,1.0558061363287728e-18,4.803917920295917e-16,-1
2020-04-19,0,1,1,-1,1,1,1,-1,-1,-1,-1,-1,1,-1,-1,-1,-1,1,1,0,-1,1.7118596773706505e-18,7.463708193336036e-16,-1
2020-04-20,0,1,1,-1,1,1,1,-1,-1,-1,-1,0,1,-1,-1,-1,-1,1,1,0,-1,2.8545984679244367e-20,1.6842130960754176e-17,-1
2020-04-21,0,1,1,-1,1,1,1,-1,-1,-1,-1,0,1,-1,-1,-1,0,1,1,-1,-1,1.0841925216119112e-21,7.459244548689949e-19,-1
2020-04-22,0,1,1,-1,1,1,1,-1,-1,-1,-1,0,0,-1,-1,-1,0,1,1,-1,-1,2.111125415474543e-21,1.4165651537834183e-18,-1
2020-04-23,0,1,1,-1,1,1,1,-1,-1,-1,-1,0,0,-1,-1,-1,0,0,1,-1,-1,1.1496555874495353e-19,6.277119507474462e-17,-1
2020-04-24,1,1,1,-1,1,1,1,-1,-1,-1,-1,0,0,-1,-1,-1,0,0,1,-1,-1,9.251476903938698e-18,3.395292023745502e-15,-1
2020-04-25,1,1,1,-1,1,1,1,-1,-1,-1,0,1,0,-1,-1,-1,0,0,1,-1,0,100.0,1.0,0
2020-04-26,1,1,1,-1,1,1,1,-1,-1,-1,0,1,0,-1,-1,-1,1,0,1,-1,1,8.76759203017432e-16,2.1129896792720112e-13,1
2020-04-27,1,1,1,-1,1,1,1,-1,-1,-1,0,1,-1,-1,-1,-1,1,-1,1,-1,-1,2.3959561137104993e-19,1.2267295302197757e-16,-1
2020-04-28,1,1,1,-1,1,1,1,-1,-1,-1,0,1,-1,-1,-1,-1,1,-1,1,-1,-1,5.4948302657099e-21,3.533175860851466e-18,-1
2020-04-29,1,1,1,-1,1,1,1,-1,-1,-1,0,1,-1,-1,-1,-1,1,-1,1,-1,-1,2.007051360941048e-20,1.210251970647452e-17,-1
2020-04-30,1,1,1,-1,1,1,1,-1,-1,-1,1,1,-1,-1,-1,-1,1,-1,1,-1,0,100.0,1.0,0
2020-05-01,1,1,1,-1,1,1,1,-1,-1,-1,1,1,-1,-1,-1,-1,1,-1,1,-1,0,100.0,1.0,0
2020-05-02,1,1,1,-1,1,1,1,-1,-1,-1,1,1,-1,-1,-1,-1,1,-1,1,-1,0,100.0,1.0,0
2020-05-03,1,0,1,-1,1,1,1,-1,-1,-1,1,1,-1,-1,-1,-1,1,-1,1,-1,-1,1.6155602571884956e-20,9.863754074985003e-18,-1
2020-05-04,1,0,1,-1,0,1,1,-1,-1,-1,1,1,0,-1,-1,-1,1,-1,1,-1,-1,2.8223910921681116e-23,2.1309052745869243e-20,-1
2020-05-05,1,0,1,-1,0,1,1,-1,-1,-1,1,1,0,-1,-1,-1,1,-1,1,-1,-1,2.0800887894079177e-26,1.7077528961039003e-23,-1
2020-05-06,1,0,1,-1,0,1,1,-1,-1,-1,1,1,0,-1,-1,-1,1,-1,1,-1,-1,3.1637300937978313e-27,2.629059707945998e-24,-1
2020-05-07,1,0,1,-1,0,1,1,-1,-1,-1,1,1,0,-1,-1,-1,1,-1,1,-1,-1,1.7795933212313463e-25,1.4307930302700025e-22,-1
2020-05-08,1,-1,1,-1,-1,1,1,-1,-1,-1,1,1,0,-1,-1,-1,1,-1,1,-1,-1,3.9244546986385866e-24,3.0414523914449046e-21,-1
2020-05-09,1,-1,1,-1,-1,1,1,-1,-1,-1,1,1,0,-1,-1,-1,1,-1,1,-1,-1,1.3008273870340086e-23,9.925312963069486e-21,-1
2020-05-10,1,-1,1,-1,-1,1,1,-1,-1,-1,1,1,1,-1,-1,-1,1,-1,1,-1,-1,1.1321120565609036e-23,8.660657232690913e-21,-1
2020-05-11,1,-1,1,-1,-1,1,1,-1,-1,-1,1,1,1,-1,-1,-1,1,-1,1,-1,-1,2.2957608974935546e-24,1.7952850218399597e-21,-1
2020-05-12,1,-1,1,-1,-1,1,1,-1,-1,-1,1,1,1,-1,-1,-1,1,-1,1,-1,-1,9.036892697484158e-25,7.139145231012485e-22,-1
2020-05-13,1,-1,1,-1,-1,1,1,-1,-1,-1,1,1,1,-1,-1,-1,1,-1,1,-1,-1,2.4510260925493867e-22,1.7524836561728114e-19,-1
2020-05-14,1,-1,1,-1,-1,0,1,-1,-1,-1,1,1,1,-1,-1,-1,1,-1,1,-1,-1,1.843970210066408e-19,9.71772300704997e-17,-1
2020-05-15,1,-1,1,-1,-1,0,1,-1,-1,-1,1,1,1,-1,-1,-1,1,-1,1,-1,-1,4.851034117718268e-20,2.789344617688004e-17,-1
2020-05-16,1,-1,1,-1,-1,0,1,-1,-1,-1,1,1,1,-1,-1,-1,1,-1,1,-1,-1,5.3916723306912414e-21,3.4776286532958505e-18,-1
2020-05-17,1,-1,1,-1,-1,0,1,-1,-1,-1,1,1,1,-1,-1,-1,1,-1,1,-1,-1,2.2401344425132606e-20,1.3440806655079564e-17,-1
2020-05-18,1,-1,1,-1,-1,0,1,-1,-1,-1,1,1,1,-1,-1,-1,1,-1,1,-1,-1,7.683099086791052e-20,4.2641199931690335e-17,-1
2020-05-19,1,-1,1,-1,-1,-1,1,-1,-1,-1,1,1,1,-1,-1,-1,1,-1,1,-1,-1,1.5899455388301443e-20,9.730466697640483e-18,-1
2020-05-20,1,-1,1,-1,-1,-1,1,-1,-1,-1,1,1,1,-1,-1,-1,1,-1,1,-1,-1,2.207492620410433e-21,1.4790200556749901e-18,-1
2020-05-21,1,-1,1,-1,-1,-1,0,-1,-1,-1,1,1,1,-1,-1,-1,1,-1,1,-1,-1,3.1037494797504888e-22,2.203662130622847e-19,-1
2020-05-22,1,-1,1,0,-1,-1,0,-1,-1,-1,1,1,1,-1,-1,-1,1,-1,1,-1,-1,6.290225191540192e-23,4.623315515782041e-20,-1
2020-05-23,1,-1,1,0,-1,-1,0,-1,-1,-1,1,1,1,-1,-1,-1,1,-1,1,-1,-1,2.8494017441540986e-23,2.1484489150921904e-20,-1
2020-05-24,1,-1,1,0,-1,-1,0,-1,-1,-1,1,1,1,-1,-1,-1,0,-1,1,-1,-1,2.5224857415823677e-23,1.9095217063778523e-20,-1
2020-05-25,1,-1,1,0,0,-1,0,-1,-1,-1,1,1,1,-1,-1,-1,0,-1,1,-1,-1,3.2385990433642047e-23,2.4321878815665178e-20,-1
2020-05-26,1,-1,1,0,0,-1,-1,-1,-1,-1,1,1,1,-1,-1,-1,0,-1,1,-1,-1,4.989808981333452e-23,3.687468837205421e-20,-1
2020-05-27,1,-1,1,1,0,-1,-1,-1,-1,-1,1,1,1,-1,-1,-1,0,-1,1,-1,-1,1.3770580343168917e-23,1.0493182221494714e-20,-1
2020-05-28,1,-1,1,1,0,-1,-1,-1,-1,-1,1,1,1,-1,-1,0,0,-1,1,-1,-1,4.649066750898866e-25,3.7006571337154973e-22,-1
2020-05-29,1,-1,1,1,0,-1,-1,-1,-1,-1,1,1,1,-1,-1,0,-1,-1,1,-1,-1,4.466414230352549e-26,3.6490604261980325e-23,-1
2020-05-30,1,-1,1,1,1,-1,-1,-1,-1,-1,1,1,1,-1,-1,0,-1,-1,1,-1,-1,1.2749182360997319e-24,1.0008108153382896e-21,-1
2020-05-31,1,0,1,1,1,-1,-1,-1,0,-1,1,1,1,-1,-1,0,-1,-1,1,-1,-1,2.735921176791611e-22,1.9507117990524188e-19,-1
2020-06-01,1,0,1,1,1,-1,-1,-1,0,-1,1,1,1,-1,-1,0,-1,-1,1,-1,-1,5.433606118111103e-21,3.4992423400635504e-18,-1
2020-06-02,1,0,1,1,1,-1,-1,-1,0,-1,1,1,1,-1,-1,1,-1,-1,1,-1,0,100.0,1.0,0
2020-06-03,1,0,1,1,1,-1,-1,-1,0,-1,1,1,1,-1,-1,1,-1,-1,1,-1,0,100.0,1.0,0
2020-06-04,1,0,1,1,1,-1,-1,-1,0,-1,1,1,1,-1,-1,1,-1,-1,1,-1,0,100.0,1.0,0
2020-06-05,1,1,1,1,1,-1,-1,-1,1,-1,1,1,1,-1,0,1,-1,-1,1,-1,1,1.65451827880806e-17,5.840449524192452e-15,1
2020-06-06,1,1,1,1,1,-1,-1,-1,1,-1,1,1,1,-1,0,1,-1,-1,1,-1,1,8.169063481911851e-19,3.782276392125187e-16,1
2020-06-07,1,1,1,1,1,-1,-1,-1,1,-1,1,1,1,-1,0,1,-1,-1,1,-1,1,1.7457832099703e-20,1.0579446252420018e-17,1
2020-06-08,1,1,1,1,1,-1,-1,0,1,-1,1,1,1,-1,0,1,-1,-1,1,-1,1,1.754026972103353e-22,1.2646534468865175e-19,1
2020-06-09,1,1,1,1,1,-1,-1,0,1,0,1,1,1,-1,0,1,-1,-1,1,-1,1,1.0299795447553454e-23,7.899943108273499e-21,1
2020-06-10,1,1,1,1,1,-1,-1,0,1,0,1,1,1,-1,1,1,-1,-1,1,-1,1,1.959083427801579e-22,1.4085809845893353e-19,1
2020-06-11,1,1,1,1,1,-1,-1,0,1,0,1,1,1,-1,1,1,-1,-1,1,0,1,3.2562267982039574e-22,2.308664799926606e-19,1
2020-06-12,1,1,1,1,1,-1,-1,0,1,0,1,0,1,-1,1,1,-1,-1,1,0,1,1.807650279260709e-22,1.3015082010677104e-19,1
2020-06-13,1,1,1,1,1,0,-1,1,1,0,1,0,1,-1,1,1,-1,-1,1,0,1,8.138629797949156e-22,5.640070449978765e-19,1
2020-06-14,1,0,1,1,1,0,-1,1,1,1,1,0,1,-1,1,1,-1,-1,1,0,1,1.3267873059553693e-21,9.035421553556065e-19,1
2020-06-15,1,0,1,1,1,0,-1,1,1,1,1,0,1,-1,1,1,-1,-1,1,1,1,4.449518875169821e-22,3.1235622503692147e-19,1
2020-06-16,1,0,1,1,1,0,-1,1,1,1,1,0,1,-1,1,1,-1,-1,1,1,1,3.294593083027195e-23,2.4709448122703962e-20,1
2020-06-17,1,0,1,1,1,0,-1,1,1,1,1,-1,1,-1,1,1,-1,-1,1,1,1,2.1891008467784605e-23,1.6615275427048515e-20,1
2020-06-18,1,0,1,1,1,1,-1,1,1,1,1,-1,1,-1,1,1,-1,0,1,1,1,4.161414630486994e-21,2.709080924447033e-18,1
2020-06-19,1,-1,1,1,1,1,-1,1,1,1,1,-1,1,-1,1,1,-1,0,1,1,1,1.0683946120558067e-18,4.850511538733363e-16,1
2020-06-20,1,-1,1,1,1,1,-1,1,1,1,1,-1,1,-1,1,1,-1,0,1,1,1,8.933787403477548e-17,2.635467284025877e-14,1
2020-06-21,1,-1,1,1,1,1,0,1,1,1,1,-1,1,-1,1,1,-1,0,1,1,1,3.437008484406769e-15,7.355198156630486e-13,1
2020-06-22,1,-1,1,1,1,1,0,1,1,1,1,-1,1,-1,1,1,-1,0,1,1,1,5.296474515384096e-14,8.103606008537666e-12,1
2020-06-23,1,0,1,1,1,1,0,1,1,1,0,-1,1,-1,1,1,-1,1,1,1,1,1.6802587845945348e-14,2.9740580487323264e-12,1
2020-06-24,1,0,1,1,1,1,0,1,1,1,0,-1,1,-1,1,1,-1,1,1,1,1,1.6286977755095151e-13,2.2476029302031308e-11,1
2020-06-25,1,0,1,1,1,1,0,1,1,1,0,-1,1,-1,0,1,-1,1,1,1,1,7.33666009099735e-13,8.80399210919682e-11,1
2020-06-26,1,0,1,1,1,1,1,1,1,1,0,-1,1,-1,0,1,-1,1,1,1,1,6.573691334933733e-15,1.281869810312078e-12,1
2020-06-27,1,0,1,1,1,1,1,1,1,1,0,-1,1,-1,0,1,-1,1,1,1,1,2.8016042020488336e-17,9.186464007546268e-15,1
2020-06-28,1,1,1,1,1,1,1,1,1,1,-1,-1,1,-1,0,1,-1,1,1,1,1,8.218226459467037e-18,3.0975126124245613e-15,1
2020-06-29,1,1,1,1,1,1,1,1,1,1,-1,-1,1,-1,0,1,-1,1,1,1,1,2.1963073079573679e-16,5.864140512246173e-14,1
2020-06-30,1,1,1,1,0,1,1,1,1,1,-1,-1,1,-1,-1,1,-1,1,1,1,1,1.7132099010978947e-17,6.030498851864589e-15,1
2020-07-01,1,1,1,1,0,1,1,1,1,1,-1,-1,1,-1,-1,0,-1,1,1,1,1,9.386697309010349e-17,2.7503023115400324e-14,1
2020-07-02,1,1,1,1,0,1,1,1,0,1,-1,-1,1,-1,-1,0,-1,1,1,1,1,1.080385179093818e-14,2.0311241366963778e-12,1
2020-07-03,1,1,1,1,0,1,1,1,0,1,-1,-1,1,-1,-1,0,0,1,0,1,1,9.415131778512226e-16,2.2408013632859098e-13,1
2020-07-04,1,1,1,1,0,1,0,1,0,1,-1,-1,1,-1,-1,0,0,1,0,1,1,1.8415834776243675e-17,6.445542171685286e-15,1
2020-07-05,1,1,1,1,-1,1,0,0,0,1,-1,-1,1,-1,-1,0,0,1,0,1,1,1.88955525364739e-17,6.544181501697325e-15,1
2020-07-06,1,1,1,1,-1,1,0,0,0,1,-1,0,1,-1,-1,-1,0,1,0,1,1,1.0506436598736095e-17,3.813836485341202e-15,1
2020-07-07,1,1,1,1,-1,1,0,0,-1,1,-1,0,1,-1,-1,-1,0,1,-1,1,1,2.0660440789943053e-17,6.962568546210809e-15,1
2020-07-08,1,1,1,1,0,1,-1,0,-1,1,-1,0,1,-1,-1,-1,0,1,-1,1,1,1.0459568686906783e-16,3.0228153505160604e-14,1
2020-07-09,1,1,1,1,0,1,-1,0,-1,1,-1,0,1,-1,-1,-1,0,1,-1,1,1,5.517771496324178e-20,3.150647524401105e-17,1
2020-07-10,1,1,1,1,0,1,-1,-1,-1,1,-1,0,1,-1,-1,-1,-1,1,-1,1,0,100.0,1.0,0
2020-07-11,1,1,1,0,0,1,-1,-1,-1,1,-1,1,1,-1,-1,-1,-1,1,-1,1,0,100.0,1.0,0
2020-07-12,1,1,1,0,0,1,-1,-1,-1,1,-1,1,1,-1,-1,-1,-1,1,-1,1,0,100.0,1.0,0
2020-07-13,1,1,1,0,1,1,-1,-1,-1,1,-1,1,1,-1,0,-1,-1,1,-1,1,1,1.4184125046321117e-13,1.9857775064849562e-11,1
2020-07-14,1,1,1,0,1,1,-1,-1,-1,1,-1,1,1,-1,0,-1,-1,1,-1,1,1,5.823919274238536e-13,7.221659900055785e-11,1
2020-07-15,1,1,1,0,1,1,-1,-1,-1,1,-1,1,1,-1,0,-1,-1,1,-1,1,1,1.647002863703523e-13,2.2563939232738264e-11,1
2020-07-16,1,1,1,-1,1,1,-1,-1,-1,1,-1,1,1,-1,0,-1,-1,1,-1,1,1,2.4960330927640073e-14,4.268216588626452e-12,1
2020-07-17,1,1,1,-1,1,1,-1,-1,-1,1,-1,1,1,-1,0,-1,-1,1,-1,1,1,1.9646139141196126e-15,4.36144288934554e-13,1
2020-07-18,1,1,0,-1,1,1,-1,-1,-1,1,-1,1,1,-1,1,-1,-1,1,-1,1,1,6.645121763661037e-17,2.0201170161529553e-14,1
2020-07-19,1,1,0,-1,1,1,-1,-1,-1,1,-1,1,1,-1,1,-1,-1,1,-1,1,1,8.074664401900129e-19,3.74664428248166e-16,1
2020-07-20,1,1,0,-1,1,1,-1,-1,0,1,-1,1,1,-1,1,-1,-1,1,-1,1,1,1.9641685511242984e-20,1.1863578048790762e-17,1
2020-07-21,1,1,0,0,1,1,-1,-1,0,0,-1,1,1,-1,1,-1,-1,1,-1,1,1,4.489840945678466e-20,2.5951280666021533e-17,1
2020-07-22,1,1,0,0,1,1,-1,-1,0,0,-1,1,1,-1,1,-1,-1,1,0,1,1,1.2704234439069336e-18,5.691497028703062e-16,1
2020-07-23,1,1,0,0,1,1,-1,-1,0,0,0,1,1,-1,1,-1,-1,1,0,1,1,4.720931214590422e-16,1.175511872433015e-13,1
2020-07-24,1,1,-1,0,1,1,-1,-1,0,0,0,1,1,-1,1,-1,-1,1,0,1,1,1.0698713540025961e-15,2.5248963954461267e-13,1
2020-07-25,1,1,-1,0,1,1,-1,-1,1,0,0,1,1,-1,1,-1,-1,1,0,1,1,3.8016011789114763e-16,9.65606699443515e-14,1
2020-07-26,1,1,-1,1,1,1,-1,-1,1,0,0,1,1,-1,1,-1,-1,1,0,1,1,2.6441334564836934e-16,6.927629655987277e-14,1
2020-07-27,1,1,-1,1,1,1,-1,-1,1,0,0,1,1,-1,1,-1,-1,1,1,1,1,1.0241149066707349e-16,2.969933229345131e-14,1
2020-07-28,1,1,-1,1,1,1,-1,-1,1,1,1,1,1,-1,1,-1,-1,1,1,1,1,4.71245003958446e-17,1.474996862389936e-14,1
2020-07-29,1,1,-1,1,1,1,-1,-1,1,1,1,1,1,-1,1,-1,-1,1,1,1,1,1.9093455149311004e-17,6.5872420265122966e-15,1
2020-07-30,1,1,-1,1,1,1,-1,0,1,1,1,1,1,-1,1,-1,-1,1,1,1,1,7.251972028801559e-18,2.748497398915791e-15,1
2020-07-31,1,1,-1,1,1,1,-1,0,1,1,1,1,1,-1,1,-1,-1,1,1,1,1,2.3113499142844437e-18,9.823237135708886e-16,1
2020-08-01,1,1,-1,1,1,1,-1,0,1,1,1,1,1,-1,1,-1,-1,1,1,1,1,5.351651610224515e-19,2.584847727738441e-16,1
2020-08-02,1,1,-1,1,1,1,-1,0,1,1,1,1,1,-1,1,-1,0,1,1,1,1,7.61112413682846e-20,4.2317850200766236e-17,1
2020-08-03,1,1,-1,1,1,1,-1,0,1,1,1,1,1,-1,1,-1,0,1,1,1,1,4.983957728384503e-21,3.2345885657215423e-18,1
2020-08-04,1,1,-1,1,1,1,-1,1,1,1,1,1,1,-1,1,-1,0,1,1,1,1,1.2493855140893674e-22,9.070538832288807e-20,1
2020-08-05,1,1,-1,1,1,1,-1,1,1,1,1,1,1,-1,1,-1,0,1,1,1,1,3.266822951732906e-24,2.538321433496468e-21,1
2020-08-06,1,1,-1,1,1,0,-1,1,1,1,1,1,1,-1,1,-1,0,1,1,1,1,1.6249054239561162e-23,1.2365530276306044e-20,1
2020-08-07,1,1,-1,1,1,0,0,1,1,1,1,1,1,-1,1,-1,1,1,1,1,1,2.731216664773238e-21,1.8189902987389766e-18,1
2020-08-08,1,1,-1,1,0,0,0,1,1,1,1,1,1,-1,1,-1,1,1,1,1,1,2.0018349578616877e-19,1.044957848003801e-16,1
2020-08-09,1,1,-1,1,0,0,0,1,1,1,1,1,1,-1,1,-1,1,1,1,1,1,4.958443443517282e-18,1.9685020470763608e-15,1
2020-08-10,0,1,-1,1,0,0,0,1,1,1,1,1,1,-1,1,-1,1,1,1,1,1,4.2638187250340124e-17,1.351630535835782e-14,1
2020-08-11,0,1,-1,1,0,-1,0,1,1,1,1,1,1,-1,1,-1,1,1,1,1,1,1.3325266730627207e-16,3.7710504847674993e-14,1
2020-08-12,0,1,-1,1,0,-1,1,1,1,1,1,1,1,-1,1,-1,1,1,1,0,1,1.645281770827962e-16,4.557430505193455e-14,1
2020-08-13,0,1,-1,1,-1,-1,1,1,1,1,1,1,1,0,1,-1,1,1,1,0,1,3.0355460747345124e-18,1.2597516210148227e-15,1
2020-08-14,0,1,-1,1,-1,-1,1,1,1,1,1,1,1,0,1,-1,1,1,1,0,1,2.5841284715541323e-20,1.5375564405747087e-17,1
2020-08-15,-1,1,-1,1,-1,-1,1,1,1,1,1,1,1,0,1,-1,1,1,1,0,1,7.445487903024935e-20,4.147136761984889e-17,1
2020-08-16,-1,1,-1,1,-1,-1,1,1,1,1,1,1,1,0,1,-1,1,1,1,0,1,7.977886785218717e-19,3.709717355126703e-16,1
2020-08-17,-1,1,-1,1,-1,-1,1,1,1,1,1,0,1,0,1,-1,1,1,1,0,1,5.419694002750736e-18,2.1407791310865405e-15,1
2020-08-18,-1,1,-1,1,-1,-1,1,1,1,1,1,0,1,1,1,-1,1,1,1,0,1,2.7176710030732115e-19,1.3797512911030402e-16,1
2020-08-19,-1,0,-1,1,-1,-1,1,1,1,1,1,0,1,1,1,-1,1,1,1,1,1,2.31730667316632e-19,1.1934129366806548e-16,1
2020-08-20,-1,0,-1,1,-1,-1,1,1,1,1,1,0,1,1,1,-1,1,1,1,1,1,1.8601835987041183e-18,8.0359931464017915e-16,1
2020-08-21,-1,0,-1,1,-1,-1,1,1,1,1,1,-1,1,1,1,-1,1,1,0,1,1,1.732073666087638e-16,4.763202581741004e-14,1
2020-08-22,-1,0,-1,1,-1,-1,1,1,1,1,1,-1,1,1,1,-1,1,1,0,1,1,3.6367924782875574e-17,1.1637735930520183e-14,1
2020-08-23,-1,0,-1,1,-1,-1,1,1,1,1,1,-1,1,1,1,-1,1,1,0,1,1,5.446146386832823e-16,1.35064430393454e-13,1
2020-08-24,-1,-1,-1,0,-1,-1,1,1,1,1,1,-1,1,1,1,-1,1,1,0,1,1,9.17741019152639e-15,1.7528853465815406e-12,1
2020-08-25,-1,-1,-1,0,-1,-1,1,1,1,1,1,-1,0,1,1,-1,1,1,0,0,1,1.7616167948681273e-14,3.100445558967904e-12,1
2020-08-26,-1,-1,-1,0,-1,-1,1,1,1,1,1,-1,0,1,1,-1,1,1,-1,0,1,2.565154413438378e-14,4.360762502845243e-12,1
2020-08-27,-1,-1,-1,0,-1,-1,0,1,1,1,1,-1,0,1,1,-1,1,1,-1,0,0,100.0,1.0,0
2020-08-28,-1,-1,-1,0,-1,-1,0,1,1,1,1,-1,0,1,1,-1,1,1,-1,0,0,100.0,1.0,0
2020-08-29,-1,-1,-1,-1,-1,-1,0,1,1,1,1,-1,-1,1,1,-1,1,1,-1,0,-1,3.9450602672601145e-14,6.272645824943582e-12,-1
2020-08-30,-1,-1,-1,-1,-1,-1,0,1,1,1,1,-1,-1,1,1,0,1,1,-1,-1,-1,4.468125926753424e-16,1.1214996076151093e-13,-1
2020-08-31,-1,-1,-1,-1,-1,-1,0,1,1,1,1,-1,-1,1,1,0,1,1,-1,-1,-1,1.2532151654922396e-18,5.626936093060156e-16,-1
2020-09-01,-1,-1,-1,-1,-1,-1,0,1,1,1,1,-1,-1,1,1,0,1,1,-1,-1,-1,1.0875501715065011e-21,7.471469678249663e-19,-1
2020-09-02,-1,-1,-1,-1,-1,-1,-1,1,0,1,1,-1,-1,0,1,0,1,1,-1,-1,-1,1.1056458284718575e-22,8.038045172990405e-20,-1
2020-09-03,-1,-1,-1,-1,-1,-1,-1,1,0,1,0,-1,-1,0,1,0,1,1,-1,-1,-1,2.823085022619295e-21,1.877351540041831e-18,-1
2020-09-04,-1,-1,-1,-1,-1,-1,-1,1,0,1,0,-1,-1,0,1,1,1,1,-1,-1,-1,3.863157573535218e-20,2.2444945502239618e-17,-1
2020-09-05,-1,-1,-1,-1,-1,-1,-1,1,0,1,0,-1,-1,0,1,1,1,1,-1,-1,-1,1.771485179120822e-19,9.353441745757939e-17,-1
2020-09-06,-1,-1,-1,-1,-1,-1,-1,1,0,1,0,-1,-1,-1,1,1,1,1,-1,-1,-1,3.344172903504751e-19,1.6620539330418614e-16,-1
2020-09-07,-1,-1,-1,-1,-1,-1,-1,1,-1,1,0,-1,-1,-1,1,1,1,1,-1,-1,-1,5.775897312096064e-19,2.7723302985850347e-16,-1
2020-09-08,-1,-1,-1,-1,-1,-1,0,1,-1,1,-1,-1,-1,-1,1,1,1,1,-1,-1,-1,5.752719951328241e-19,2.767058296588884e-16,-1
2020-09-09,-1,-1,-1,-1,-1,-1,0,1,-1,1,-1,-1,-1,-1,0,1,1,1,-1,-1,-1,3.8684320782141927e-19,1.8839264220903118e-16,-1
2020-09-10,-1,-1,-1,-1,-1,-1,-1,1,-1,1,-1,-1,-1,-1,0,1,1,1,-1,0,-1,1.8671072278849911e-19,9.802312946396203e-17,-1
2020-09-11,-1,-1,-1,-1,-1,-1,-1,1,-1,1,-1,-1,-1,-1,0,1,0,1,-1,0,-1,6.020190633609729e-20,3.415368692162418e-17,-1
2020-09-12,-1,-1,-1,-1,-1,-1,-1,1,-1,1,-1,-1,-1,-1,0,1,0,1,-1,0,-1,1.3864559581567377e-20,8.582162380990206e-18,-1
2020-09-13,-1,-1,0,-1,-1,0,-1,1,-1,1,-1,-1,-1,-1,0,1,0,1,-1,0,-1,3.513649531251401e-21,2.3119813915634218e-18,-1
2020-09-14,-1,-1,0,-1,-1,0,-1,1,-1,1,-1,-1,-1,-1,-1,1,0,1,-1,0,-1,3.889234608561227e-21,2.5396701993904814e-18,-1
2020-09-15,-1,-1,0,-1,-1,0,-1,1,-1,1,-1,-1,-1,-1,-1,1,0,1,-1,0,-1,1.6613955394655138e-20,1.0101284879950325e-17,-1
2020-09-16,-1,-1,0,-1,-1,0,-1,1,-1,1,-1,-1,-1,-1,-1,1,-1,1,-1,0,-1,1.6959779077789412e-19,8.988682911228389e-17,-1
2020-09-17,-1,-1,0,-1,-1,0,-1,1,-1,1,-1,0,-1,-1,-1,1,-1,1,-1,0,-1,3.8165570771761375e-19,1.862479853661955e-16,-1
2020-09-18,-1,-1,0,0,-1,1,-1,1,-1,1,-1,0,-1,-1,-1,1,-1,1,-1,0,-1,3.525756097966281e-20,2.0660930734082405e-17,-1
2020-09-19,-1,-1,0,0,-1,1,-1,1,-1,1,-1,0,-1,-1,-1,1,-1,1,-1,-1,-1,1.7522829689731292e-21,1.1862955699948085e-18,-1
2020-09-20,-1,-1,0,0,-1,1,-1,1,-1,1,-1,0,-1,-1,-1,1,-1,1,-1,-1,-1,1.9568669710064687e-21,1.3169714714873535e-18,-1
2020-09-21,-1,-1,0,0,-1,1,-1,1,-1,1,-1,0,-1,-1,-1,1,-1,1,-1,-1,-1,3.6268588751148853e-19,1.788556384990043e-16,-1
2020-09-22,-1,-1,0,0,-1,1,-1,1,-1,1,0,1,-1,-1,-1,1,-1,1,-1,-1,-1,6.566883079913263e-17,2.0028993393735453e-14,-1
2020-09-23,-1,-1,0,1,-1,1,-1,1,0,1,0,1,-1,-1,-1,1,-1,1,-1,-1,-1,3.4981585800230228e-15,7.416096189648809e-13,-1
2020-09-24,-1,-1,0,1,-1,1,-1,1,0,1,0,1,-1,-1,-1,1,-1,1,-1,-1,-1,5.1965629648635064e-14,8.0027069658898e-12,-1
2020-09-25,-1,-1,0,1,-1,1,-1,1,0,1,0,1,-1,-1,-1,1,-1,1,-1,-1,-1,2.4628960826797256e-13,3.127878025003252e-11,-1
2020-09-26,-1,-1,0,1,-1,1,-1,1,0,1,0,1,-1,-1,-1,1,-1,1,-1,-1,-1,3.4559464350443617e-12,3.801541078548798e-10,-1
2020-09-27,-1,-1,0,1,-1,1,-1,1,0,1,1,1,-1,-1,-1,1,-1,1,-1,-1,-1,1.195635444261357e-11,1.1836790898187435e-09,-1
2020-09-28,-1,-1,0,1,-1,1,-1,1,1,1,1,1,-1,0,-1,1,-1,1,-1,-1,0,100.0,1.0,0
2020-09-29,-1,-1,0,1,-1,1,-1,1,1,1,1,1,0,0,-1,1,-1,1,-1,-1,1,5.115637513409692e-14,7.929238145785024e-12,1
2020-09-30,-1,-1,0,1,-1,1,-1,1,1,1,1,1,0,0,-1,1,-1,1,-1,-1,1,3.904007127464399e-14,6.246411403943038e-12,1
2020-10-01,-1,-1,0,1,-1,1,-1,1,1,1,1,1,0,0,-1,1,-1,1,-1,-1,1,3.254987063745966e-14,5.370728655180844e-12,1
2020-10-02,-1,-1,0,1,-1,1,-1,1,1,1,1,1,0,1,-1,1,-1,1,-1,-1,1,4.234188559412714e-15,8.807112203578445e-13,1
2020-10-03,-1,-1,0,1,-1,1,-1,1,1,1,1,1,0,1,-1,1,-1,1,-1,-1,1,2.458405278607816e-17,8.211073630550106e-15,1
2020-10-04,-1,-1,0,1,-1,1,-1,1,1,1,1,1,1,1,-1,1,-1,1,-1,-1,1,9.41963963162418e-19,4.333034230547123e-16,1
2020-10-05,-1,-1,0,1,-1,1,-1,1,1,1,1,1,1,1,-1,1,-1,1,-1,-1,1,5.553715141321685e-18,2.182610050539422e-15,1
2020-10-06,-1,-1,0,1,-1,1,-1,0,1,1,1,0,1,1,-1,1,-1,1,-1,-1,1,6.99014839448621e-17,2.1110248151348352e-14,1
2020-10-07,-1,-1,0,1,-1,1,-1,0,1,1,1,0,1,1,-1,0,-1,1,-1,-1,0,100.0,1.0,0
2020-10-08,-1,-1,0,1,-1,1,-1,0,1,1,1,0,1,1,-1,0,-1,1,-1,-1,0,100.0,1.0,0
2020-10-09,-1,-1,0,1,-1,1,-1,0,1,1,1,0,1,1,-1,0,-1,1,-1,-1,0,100.0,1.0,0
2020-10-10,-1,-1,0,1,-1,1,-1,0,1,1,1,0,1,1,-1,0,-1,1,-1,-1,0,100.0,1.0,0
2020-10-11,-1,-1,0,1,0,1,-1,-1,1,1,1,-1,1,1,-1,0,0,1,-1,-1,0,100.0,1.0,0
2020-10-12,-1,-1,0,1,0,1,-1,-1,1,1,1,-1,1,1,-1,-1,0,1,-1,-1,-1,5.4199020830069784e-15,1.0839804166013958e-12,-1
2020-10-13,-1,-1,0,1,0,1,-1,-1,1,1,1,-1,1,1,0,-1,0,1,-1,-1,0,100.0,1.0,0
2020-10-14,-1,-1,0,1,0,1,-1,-1,1,1,1,-1,1,1,0,-1,0,1,-1,-1,0,100.0,1.0,0
2020-10-15,-1,-1,0,1,0,1,-1,-1,1,1,1,-1,1,1,0,-1,0,1,-1,-1,0,100.0,1.0,0
2020-10-16,-1,-1,0,0,1,1,-1,-1,1,1,1,-1,0,1,0,-1,1,1,-1,-1,0,100.0,1.0,0
2020-10-17,-1,-1,0,0,1,1,-1,-1,1,1,1,-1,0,1,1,-1,1,1,-1,-1,1,7.3520596009337e-17,2.20561788028011e-14,1
2020-10-18,-1,-1,0,0,1,1,-1,-1,1,1,1,-1,0,1,1,-1,1,1,-1,-1,1,9.279308820842383e-16,2.2177548081813294e-13,1
2020-10-19,-1,-1,0,0,1,1,-1,-1,1,0,1,-1,0,1,1,-1,1,1,-1,-1,0,100.0,1.0,0
2020-10-20,-1,-1,0,0,1,1,-1,-1,1,0,1,-1,0,1,1,-1,1,1,-1,-1,0,100.0,1.0,0
2020-10-21,-1,-1,0,-1,1,1,-1,-1,1,0,1,-1,-1,1,1,-1,1,1,-1,-1,-1,1.4803773539677683e-19,8.008841484965626e-17,-1
2020-10-22,-1,-1,0,-1,1,1,-1,-1,1,0,1,-1,-1,1,1,-1,1,1,-1,-1,-1,2.0126486865991372e-20,1.2116145093326807e-17,-1
2020-10-23,-1,-1,0,-1,1,1,-1,-1,1,-1,1,-1,-1,1,1,-1,1,1,-1,-1,-1,2.757124842940376e-19,1.3951051705278302e-16,-1
2020-10-24,-1,-1,0,-1,1,1,-1,-1,1,-1,1,-1,-1,1,1,-1,1,1,-1,-1,-1,2.1762247601728373e-18,9.292479725938015e-16,-1
2020-10-25,-1,-1,0,-1,1,0,-1,-1,1,-1,1,-1,-1,1,1,-1,1,1,-1,-1,-1,7.231197864486711e-18,2.74785518850495e-15,-1
2020-10-26,-1,-1,0,-1,1,0,-1,-1,1,-1,1,-1,-1,1,1,-1,1,1,-1,-1,-1,5.865447818201004e-16,1.448765611095648e-13,-1
2020-10-27,-1,-1,0,-1,1,0,-1,-1,1,-1,1,-1,-1,1,1,-1,1,1,-1,-1,-1,3.3400578409807534e-14,5.477694859208435e-12,-1
2020-10-28,-1,-1,0,-1,1,0,-1,-1,1,-1,0,-1,-1,1,1,0,1,1,-1,-1,-1,5.517477856468835e-13,6.896847320586044e-11,-1
2020-10-29,-1,-1,0,-1,1,0,-1,-1,1,-1,0,-1,-1,1,1,0,1,1,-1,-1,-1,3.2571038415218565e-12,3.6153852640892606e-10,-1
2020-10-30,-1,-1,0,-1,1,-1,-1,-1,1,-1,0,-1,-1,1,1,0,1,1,-1,-1,-1,3.0559957932326354e-12,3.422715288420552e-10,-1
2020-10-31,-1,-1,0,-1,1,-1,-1,-1,1,-1,0,-1,-1,1,1,0,1,1,-1,-1,-1,7.45977927876266e-13,8.877137341727565e-11,-1
2020-11-01,-1,-1,0,-1,0,-1,-1,-1,1,-1,0,-1,-1,1,0,0,1,1,-1,-1,-1,2.7030115302126003e-14,4.568089486059295e-12,-1
2020-11-02,-1,-1,0,-1,0,-1,-1,-1,1,-1,-1,-1,-1,1,0,1,1,1,-1,-1,-1,1.2077600987271997e-15,2.8130265032838574e-13,-1
2020-11-03,-1,-1,0,-1,0,-1,-1,-1,1,-1,-1,-1,-1,1,0,1,0,1,-1,-1,-1,2.0734678214514727e-15,4.56162920719324e-13,-1
2020-11-04,-1,-1,1,-1,0,-1,0,-1,1,-1,-1,-1,-1,1,0,1,0,1,-1,-1,-1,1.8817245958470394e-16,5.118290900703947e-14,-1
2020-11-05,-1,-1,1,-1,0,-1,0,-1,1,-1,-1,-1,-1,1,0,1,0,1,-1,-1,-1,8.826208275582484e-17,2.6125576495724152e-14,-1
2020-11-06,-1,-1,1,-1,0,-1,0,-1,1,-1,-1,-1,-1,1,-1,1,0,1,-1,-1,-1,3.3172583157561568e-15,7.165277962033299e-13,-1
2020-11-07,-1,-1,1,-1,0,-1,0,-1,1,-1,-1,-1,-1,1,-1,1,0,1,-1,-1,-1,2.3647323714677395e-16,6.290188108104187e-14,-1
2020-11-08,-1,0,1,-1,1,-1,0,-1,1,-1,-1,-1,-1,1,-1,1,-1,1,-1,-1,-1,4.3639661373563226e-17,1.379013299404598e-14,-1
2020-11-09,-1,0,1,-1,1,-1,1,-1,1,-1,-1,-1,-1,1,-1,1,-1,1,-1,-1,-1,3.836729813490061e-17,1.2239168105033295e-14,-1
2020-11-10,-1,0,1,-1,1,-1,1,-1,1,-1,-1,-1,-1,1,-1,1,-1,1,-1,-1,-1,9.950735567728143e-17,2.9015048827482936e-14,-1
2020-11-11,-1,0,1,-1,0,-1,1,-1,1,-1,-1,-1,-1,1,-1,1,-1,1,-1,-1,-1,4.0946515683692796e-16,1.0359468467974277e-13,-1
2020-11-12,-1,0,1,-1,0,-1,1,-1,1,-1,-1,-1,-1,1,-1,1,-1,1,-1,-1,-1,3.066831562442213e-16,7.973762062349754e-14,-1
2020-11-13,-1,1,1,-1,0,-1,1,0,1,-1,-1,-1,-1,1,-1,1,-1,1,-1,-1,-1,3.100240856201742e-17,1.0044780374093644e-14,-1
2020-11-14,-1,1,1,-1,0,-1,1,0,1,-1,-1,-1,-1,1,-1,1,-1,1,-1,-1,-1,3.542920241648314e-19,1.7537455196159153e-16,-1
2020-11-15,-1,1,1,-1,0,-1,1,0,1,-1,-1,-1,-1,1,-1,1,-1,1,-1,-1,-1,2.2813810537640838e-21,1.526243924968172e-18,-1
2020-11-16,-1,1,1,-1,-1,-1,1,0,1,-1,-1,-1,-1,1,-1,1,-1,0,-1,-1,-1,2.518721066062048e-21,1.6825056721294483e-18,-1
2020-11-17,-1,1,1,-1,-1,-1,1,1,0,-1,-1,-1,-1,1,-1,1,-1,0,-1,-1,-1,8.583056203520093e-21,5.415908464421179e-18,-1
2020-11-18,-1,1,1,-1,-1,-1,1,1,0,-1,-1,-1,-1,1,-1,1,-1,0,-1,-1,-1,9.012094564728247e-21,5.657055269970527e-18,-1
2020-11-19,-1,1,1,0,-1,-1,1,1,0,-1,-1,0,-1,1,-1,1,-1,0,-1,-1,-1,8.039699366107819e-20,4.445953749457624e-17,-1
2020-11-20,-1,1,1,0,-1,-1,1,1,0,-1,-1,0,-1,1,-1,1,-1,-1,-1,-1,-1,9.672069503085149e-20,5.309966157193747e-17,-1
2020-11-21,-1,1,1,0,-1,-1,1,1,0,-1,-1,0,-1,1,-1,1,-1,-1,-1,-1,-1,4.6993589044061187e-20,2.7115300878423306e-17,-1
2020-11-22,-1,1,1,0,-1,-1,1,1,-1,-1,-1,0,-1,1,-1,1,-1,-1,-1,-1,-1,3.723254616955888e-18,1.5190878837180024e-15,-1
2020-11-23,-1,1,1,0,-1,-1,1,1,-1,-1,-1,0,-1,1,-1,1,-1,-1,-1,-1,-1,1.4355370949664185e-14,2.5839667709395534e-12,-1
2020-11-24,0,1,1,1,-1,-1,1,1,-1,-1,-1,1,-1,1,-1,1,-1,-1,-1,-1,-1,2.650175285532127e-11,2.544168274110842e-09,-1
2020-11-25,0,1,1,1,0,-1,1,1,-1,-1,-1,1,-1,1,-1,1,-1,-1,-1,-1,-1,1.1020367057160084e-08,1.0248941363158878e-06,-1
2020-11-26,0,1,1,1,0,-1,1,1,-1,-1,-1,1,-1,1,-1,1,-1,-1,0,-1,-1,4.998144923962627e-08,4.598293330045617e-06,-1
2020-11-27,0,1,1,1,0,-1,1,1,-1,-1,0,1,0,1,-1,1,-1,-1,0,-1,1,1.175784557603537e-13,1.693129762949093e-11,1
2020-11-28,0,1,1,1,0,-1,1,1,-1,-1,0,1,0,1,-1,1,-1,-1,0,-1,1,9.776697965004122e-14,1.4273979028906018e-11,1
2020-11-29,1,1,1,1,0,-1,1,1,-1,-1,0,1,0,1,-1,1,-1,-1,0,0,1,6.311194682182888e-14,9.340568129630674e-12,1
2020-11-30,1,1,1,1,1,0,1,1,-1,-1,0,1,0,1,-1,0,-1,-1,0,0,1,2.891150868154264e-14,4.857133458499163e-12,1
2020-12-01,1,1,1,1,1,0,1,1,-1,-1,0,1,0,1,-1,0,-1,-1,1,0,1,1.2137006312396994e-14,2.2332091614810466e-12,1
2020-12-02,1,1,1,1,1,0,1,1,-1,-1,1,1,1,1,-1,0,-1,-1,1,0,1,4.455621834669178e-15,9.193554542392678e-13,1
2020-12-03,1,1,1,1,1,0,1,1,-1,-1,1,1,1,1,-1,0,-1,-1,1,0,1,1.1157865130526434e-15,2.6109404405431857e-13,1
2020-12-04,1,1,1,1,1,0,1,0,-1,-1,1,1,1,1,-1,0,-1,-1,1,1,1,2.470216571835765e-16,6.52137174964642e-14,1
2020-12-05,1,1,1,0,1,1,1,0,-1,-1,1,1,1,1,-1,-1,-1,-1,1,1,1,4.428521913945964e-17,1.3905558809790328e-14,1
2020-12-06,1,1,1,0,1,1,1,0,-1,-1,1,0,0,1,-1,-1,-1,-1,1,1,1,5.2561257960001105e-18,2.0814258152160437e-15,1
2020-12-07,1,0,1,0,1,1,1,0,-1,-1,1,0,0,1,-1,-1,-1,-1,1,1,1,4.851122955567645e-19,2.357645756405875e-16,1
2020-12-08,1,0,1,0,1,1,1,0,-1,-1,1,0,0,1,-1,-1,-1,-1,1,1,1,3.1666930604869576e-20,1.862015519566331e-17,1
2020-12-09,1,0,1,0,1,1,1,-1,-1,-1,1,0,0,1,-1,-1,-1,-1,1,1,1,9.718826655550959e-22,6.715709218985712e-19,1
2020-12-10,1,0,1,-1,1,1,1,-1,-1,-1,1,-1,0,1,-1,-1,-1,-1,1,1,0,100.0,1.0,0
2020-12-11,1,0,1,-1,1,1,1,-1,-1,-1,1,-1,-1,1,-1,-1,-1,-1,1,1,-1,5.824903409053933e-14,8.7373551135809e-12,-1
2020-12-12,1,-1,1,-1,1,1,1,-1,-1,-1,1,-1,-1,1,-1,-1,-1,0,1,1,-1,6.926064196035766e-13,8.449798319163636e-11,-1
2020-12-13,1,-1,1,-1,1,1,1,-1,-1,-1,1,-1,-1,1,-1,-1,-1,0,1,1,-1,8.326690385481765e-13,9.742227751013666e-11,-1
2020-12-14,1,-1,1,-1,1,1,1,-1,-1,-1,0,-1,-1,1,-1,-1,-1,0,1,1,-1,5.611645787355097e-14,8.473585138906197e-12,-1
2020-12-15,1,-1,1,-1,1,1,1,-1,-1,-1,0,-1,-1,1,-1,-1,-1,0,1,1,-1,3.368315683845924e-15,7.241878720268736e-13,-1
2020-12-16,1,-1,1,-1,1,1,1,-1,-1,-1,0,-1,-1,1,-1,-1,-1,1,1,1,-1,3.616798770809028e-16,9.259004853271112e-14,-1
2020-12-17,1,-1,0,-1,1,1,1,-1,-1,-1,0,-1,-1,1,-1,-1,-1,1,1,1,-1,1.1833717328194095e-16,3.4081105905198995e-14,-1
2020-12-18,1,-1,0,-1,1,1,1,-1,-1,-1,0,-1,-1,1,-1,-1,0,1,1,1,-1,1.8931980603821126e-16,5.130566743635525e-14,-1
2020-12-19,0,-1,0,-1,1,1,1,-1,-1,-1,-1,-1,-1,1,-1,-1,0,1,1,1,-1,1.2594925812146628e-15,2.8796903162268847e-13,-1
2020-12-20,0,-1,0,-1,1,1,1,-1,-1,-1,-1,-1,-1,1,-1,-1,0,1,1,1,-1,8.957693841933106e-15,1.7288349114930894e-12,-1
2020-12-21,0,-1,0,-1,1,1,1,-1,-1,-1,-1,-1,-1,1,0,-1,0,1,1,1,-1,3.020068608561788e-14,5.043514576298186e-12,-1
2020-12-22,0,-1,0,-1,1,1,1,-1,-1,-1,-1,-1,-1,1,0,-1,0,1,1,1,-1,3.479428833124735e-14,5.636674709662071e-12,-1
2020-12-23,0,-1,-1,-1,1,1,1,-1,-1,-1,-1,-1,-1,1,0,-1,1,1,1,1,-1,1.1585060613311042e-14,2.143236213462543e-12,-1
2020-12-24,-1,-1,-1,-1,1,1,1,-1,-1,-1,-1,-1,-1,1,0,-1,1,1,1,1,-1,2.5040415006075602e-15,5.458810471324481e-13,-1
2020-12-25,-1,0,-1,-1,1,1,1,-1,-1,-1,-1,-1,-1,1,0,-1,1,1,1,1,-1,2.3566735273070064e-14,4.053478466968051e-12,-1
2020-12-26,-1,0,-1,-1,1,1,1,-1,-1,-1,-1,-1,-1,1,1,-1,1,1,1,1,-1,1.7642439755316713e-14,3.100445558967904e-12,-1
2020-12-27,-1,0,-1,-1,1,1,1,-1,-1,-1,-1,-1,-1,1,1,-1,1,1,1,1,-1,5.302767815850189e-15,1.065856330985888e-12,-1
2020-12-28,-1,0,-1,-1,1,1,1,-1,-1,-1,-1,-1,-1,1,1,-1,1,1,1,1,-1,1.2073075121389947e-15,2.8130265032838574e-13,-1
2020-12-29,-1,0,-1,-1,1,1,1,-1,-1,-1,-1,-1,-1,1,1,-1,1,1,1,1,-1,1.6827673007572756e-16,4.64443775009008e-14,-1
2020-12-30,-1,0,-1,-1,1,1,1,-1,-1,-1,-1,-1,-1,1,1,-1,1,1,1,1,-1,1.844143164140165e-17,6.445542171685286e-15,-1
2020-12-31,-1,0,-1,-1,1,1,1,-1,-1,-1,-1,-1,-1,1,1,-1,1,1,1,1,-1,1.1760943728274893e-18,5.304185621451977e-16,-1
2021-01-01,-1,0,-1,-1,1,1,1,-1,-1,-1,-1,-1,-1,1,1,0,1,1,1,1,0,100.0,1.0,0
2021-01-02,-1,0,-1,-1,1,1,1,-1,-1,-1,-1,-1,-1,1,1,0,1,1,1,1,0,100.0,1.0,0
2021-01-03,-1,0,-1,-1,1,1,0,-1,-1,-1,-1,-1,-1,1,1,0,1,1,1,1,-1,1.5272656842911167e-24,1.1958490307999444e-21,-1
2021-01-04,-1,0,-1,-1,1,0,0,-1,-1,-1,-1,-1,-1,1,1,0,1,1,1,1,-1,2.5173806203536743e-23,1.9081745102280852e-20,-1
2021-01-05,-1,0,-1,-1,1,0,0,-1,-1,-1,-1,-1,-1,1,1,0,1,1,1,1,-1,5.38103141704467e-21,3.476146295410857e-18,-1
2021-01-06,-1,0,-1,-1,1,0,0,-1,-1,-1,-1,-1,-1,1,1,1,1,1,0,1,-1,7.340221758724561e-20,4.095843741368305e-17,-1
2021-01-07,-1,0,-1,-1,1,0,-1,-1,-1,-1,-1,0,-1,1,1,1,1,1,0,1,-1,5.505367105062692e-20,3.1490699840958596e-17,-1
2021-01-08,-1,1,-1,-1,1,-1,-1,-1,-1,-1,-1,0,-1,1,1,1,1,1,0,1,-1,3.2786977531875955e-19,1.6327914810874226e-16,-1
2021-01-09,-1,1,-1,-1,1,-1,-1,-1,-1,-1,-1,0,-1,1,1,1,1,1,0,1,-1,1.1984400288814629e-17,4.290415303395638e-15,-1
2021-01-10,-1,1,-1,-1,1,-1,-1,-1,-1,-1,-1,0,-1,1,1,1,1,1,0,1,-1,1.3055988015324697e-16,3.707900596352214e-14,-1
2021-01-11,-1,1,-1,-1,1,-1,-1,-1,-1,-1,-1,0,0,1,1,1,1,1,-1,1,-1,1.0329604718803098e-17,3.759976117644328e-15,-1
2021-01-12,-1,1,-1,-1,1,-1,-1,-1,-1,-1,-1,1,0,1,1,1,1,1,-1,1,-1,8.253050270364551e-19,3.8129092249084227e-16,-1
2021-01-13,-1,1,-1,-1,1,-1,-1,-1,-1,-1,-1,1,0,1,1,1,1,1,-1,1,-1,2.249060954078888e-19,1.1627645132587852e-16,-1
2021-01-14,-1,1,-1,-1,1,-1,-1,-1,-1,-1,-1,1,0,1,1,1,1,1,-1,1,-1,2.0053073434027766e-19,1.044957848003801e-16,-1
2021-01-15,-1,1,-1,-1,1,-1,-1,-1,-1,-1,-1,1,0,1,1,1,1,1,-1,1,-1,3.6205594837855123e-19,1.788556384990043e-16,-1
2021-01-16,-1,1,-1,-1,1,-1,-1,-1,-1,-1,-1,1,1,1,1,1,1,1,-1,1,0,100.0,1.0,0
2021-01-17,-1,1,-1,-1,1,-1,-1,-1,-1,-1,-1,1,1,1,1,1,1,1,-1,1,0,100.0,1.0,0
2021-01-18,-1,1,-1,-1,1,0,-1,-1,-1,-1,-1,1,1,1,1,1,1,1,-1,1,1,1.8110329197422234e-21,1.2224472208260009e-18,1
2021-01-19,-1,1,-1,-1,1,0,-1,-1,-1,-1,-1,1,1,1,1,1,1,1,-1,1,1,3.6667041758119197e-19,1.8003517503236526e-16,1
2021-01-20,-1,1,-1,-1,1,0,-1,-1,-1,-1,-1,1,1,1,1,1,1,1,-1,1,1,1.6072643477452237e-17,5.689715791018092e-15,1
2021-01-21,-1,1,-1,-1,1,0,-1,-1,-1,-1,-1,1,1,1,1,1,1,1,-1,0,0,100.0,1.0,0
2021-01-22,-1,1,-1,-1,1,0,-1,-1,-1,-1,0,1,1,1,1,1,1,1,-1,0,1,7.45716299428412e-19,3.482495118330684e-16,1
2021-01-23,-1,1,-1,-1,1,1,-1,-1,-1,-1,0,1,1,1,1,1,1,1,-1,0,1,3.438678096140137e-21,2.2729662215486307e-18,1
2021-01-24,-1,1,-1,-1,1,1,-1,-1,-1,0,0,1,1,1,0,1,1,1,-1,0,1,3.672259508042566e-22,2.596287472186094e-19,1
2021-01-25,-1,1,-1,-1,1,1,-1,-1,-1,0,0,1,1,1,0,1,1,1,-1,0,1,1.8903526713208093e-20,1.1436633661490897e-17,1
2021-01-26,-1,1,-1,-1,1,1,-1,-1,-1,0,1,1,1,1,0,1,1,0,-1,-1,1,3.745901966246625e-18,1.5245821002623764e-15,1
2021-01-27,-1,1,-1,-1,1,1,-1,-1,-1,0,1,1,1,1,0,1,1,0,-1,-1,1,6.894142825505037e-19,3.2402471279873677e-16,1
2021-01-28,-1,1,-1,-1,1,1,-1,-1,-1,0,1,1,1,1,0,1,1,0,-1,-1,1,1.9158107376823442e-17,6.590388937627264e-15,1
2021-01-29,-1,1,-1,-1,1,1,-1,-1,-1,1,1,1,1,1,-1,1,1,0,-1,-1,1,5.947399737575797e-15,1.1775851480400077e-12,1
2021-01-30,-1,1,-1,-1,1,1,-1,-1,-1,1,1,1,1,1,-1,1,1,-1,-1,-1,0,100.0,1.0,0
2021-01-31,-1,1,-1,0,1,1,-1,-1,-1,1,1,1,1,0,-1,1,0,-1,0,-1,0,100.0,1.0,0
2021-02-01,-1,1,-1,0,1,1,-1,-1,-1,1,1,1,1,0,-1,1,0,-1,0,-1,0,100.0,1.0,0
2021-02-02,-1,1,-1,0,1,1,-1,0,-1,1,1,1,1,0,-1,1,0,-1,0,-1,1,5.690451564797083e-12,6.08878317433288e-10,1
2021-02-03,-1,1,-1,0,1,1,-1,0,-1,1,1,1,1,0,-1,1,0,-1,0,-1,1,9.989964431167836e-14,1.4485448425193362e-11,1
2021-02-04,-1,1,-1,0,1,1,-1,0,-1,1,1,1,1,-1,-1,1,0,-1,0,-1,0,100.0,1.0,0
2021-02-05,-1,0,-1,1,0,1,-1,0,-1,1,1,1,1,-1,-1,1,-1,-1,0,-1,-1,5.954752761385477e-14,8.872581614464361e-12,-1
2021-02-06,-1,0,-1,1,0,1,-1,1,-1,1,1,1,1,-1,-1,1,-1,-1,1,-1,0,100.0,1.0,0
2021-02-07,-1,0,-1,1,0,1,-1,1,-1,1,1,1,1,-1,-1,1,-1,-1,1,-1,0,100.0,1.0,0
2021-02-08,-1,0,-1,1,0,1,0,1,-1,1,1,1,1,-1,-1,0,-1,-1,1,-1,0,100.0,1.0,0
2021-02-09,-1,0,-1,1,0,1,0,1,-1,1,1,1,1,-1,-1,0,-1,-1,1,-1,0,100.0,1.0,0
2021-02-10,-1,0,-1,1,-1,1,0,1,-1,1,1,1,1,-1,-1,0,-1,-1,1,-1,-1,1.96402991899515e-12,2.2389941076544707e-10,-1
2021-02-11,0,-1,-1,1,-1,1,0,1,-1,1,1,0,1,-1,-1,0,-1,-1,1,-1,-1,2.8048714106811437e-12,3.1695046940696925e-10,-1
2021-02-12,0,-1,-1,1,-1,1,1,1,-1,1,1,0,1,-1,0,0,-1,-1,1,-1,0,100.0,1.0,0
2021-02-13,0,-1,-1,1,-1,1,1,1,-1,1,1,0,1,-1,0,-1,-1,-1,1,-1,-1,3.876515437126292e-12,4.2254018264676584e-10,-1
2021-02-14,0,-1,-1,1,-1,1,1,1,0,1,1,0,1,-1,0,-1,-1,-1,1,-1,0,100.0,1.0,0
2021-02-15,0,-1,-1,1,-1,1,1,1,0,1,1,0,1,-1,0,-1,-1,-1,1,-1,0,100.0,1.0,0
2021-02-16,1,-1,-1,1,-1,1,1,1,0,1,1,-1,1,-1,0,-1,-1,-1,1,-1,0,100.0,1.0,0
2021-02-17,1,-1,-1,1,-1,1,1,1,0,1,1,-1,1,-1,1,-1,-1,-1,1,-1,1,1.858927641650208e-16,5.09346173812157e-14,1
2021-02-18,1,-1,-1,1,-1,1,1,1,0,1,1,-1,1,-1,1,-1,-1,-1,1,0,1,9.93666055735717e-17,2.9015048827482936e-14,1
2021-02-19,1,-1,-1,1,-1,1,1,1,1,1,1,-1,1,-1,1,-1,-1,-1,1,0,1,5.940753903568682e-19,2.8218581041951236e-16,1
2021-02-20,1,-1,-1,1,-1,1,1,1,1,1,1,-1,1,-1,1,-1,-1,-1,1,0,1,1.3653267562550873e-20,8.465025888781541e-18,1
2021-02-21,1,-1,-1,1,-1,1,1,1,1,1,1,-1,1,-1,1,-1,-1,-1,1,0,1,3.6312023633480463e-19,1.788556384990043e-16,1
2021-02-22,1,-1,-1,1,-1,1,1,1,1,1,1,-1,1,-1,1,-1,-1,-1,1,0,1,4.4315238143258316e-18,1.7814725733589844e-15,1
2021-02-23,1,-1,-1,1,-1,1,1,1,1,1,1,-1,1,-1,1,-1,-1,-1,1,1,1,2.8007512218128864e-17,9.186464007546268e-15,1
2021-02-24,1,-1,-1,1,-1,1,1,1,1,1,1,-1,1,-1,1,-1,-1,-1,1,1,1,7.252045453321285e-19,3.401209317607683e-16,1
2021-02-25,1,-1,-1,1,-1,1,1,1,1,1,1,-1,1,-1,1,-1,-1,-1,1,1,1,1.5890627853485735e-19,8.485595273761383e-17,1
2021-02-26,1,-1,-1,1,-1,1,1,1,1,1,1,-1,1,-1,1,-1,-1,-1,1,1,1,8.975823570168616e-18,3.3300305445325566e-15,1
2021-02-27,1,-1,-1,1,-1,1,1,1,1,1,1,-1,1,-1,1,-1,-1,-1,1,1,1,2.888031697819621e-16,7.537762731309211e-14,1
2021-02-28,1,-1,-1,1,-1,1,1,1,1,1,1,-1,1,-1,1,-1,-1,-1,1,1,1,9.492512656859222e-19,4.347570796841524e-16,1
2021-03-01,1,-1,-1,1,-1,1,1,1,1,1,1,-1,1,-1,1,-1,-1,-1,1,1,1,1.0726668703043656e-19,5.878214449267924e-17,1
2021-03-02,1,-1,-1,1,-1,1,1,1,1,1,1,-1,1,-1,1,-1,-1,-1,1,1,1,2.769497286232702e-18,1.1631888602177348e-15,1
2021-03-03,1,-1,-1,1,-1,1,1,1,1,1,1,-1,1,-1,1,-1,-1,-1,1,1,1,1.8684981491225563e-17,6.502373558946496e-15,1
2021-03-04,1,-1,-1,1,-1,1,1,1,1,1,1,0,1,-1,1,-1,-1,-1,1,1,1,1.617557556521466e-16,4.51298558269489e-14,1
2021-03-05,1,-1,-1,1,-1,1,1,1,1,1,1,0,1,-1,1,-1,-1,-1,1,1,1,8.694033726350642e-18,3.234180546202439e-15,1
2021-03-06,1,-1,-1,1,-1,1,1,1,1,1,1,0,1,-1,1,-1,-1,-1,1,1,1,1.518865774875962e-19,8.171497868832675e-17,1
2021-03-07,1,-1,-1,1,-1,1,1,1,1,1,1,0,1,-1,1,-1,-1,-1,1,1,1,1.43128640428517e-20,8.831037114439498e-18,1
2021-03-08,1,-1,-1,1,-1,1,1,1,1,1,1,0,1,-1,1,-1,-1,-1,1,1,1,8.962293084747912e-21,5.6372823503064365e-18,1
2021-03-09,1,-1,-1,1,-1,1,1,1,1,1,1,1,1,-1,1,-1,-1,-1,1,1,1,2.3588152878046467e-20,1.4105715421071787e-17,1
2021-03-10,1,0,-1,1,-1,1,1,1,1,1,1,1,1,-1,1,-1,-1,-1,1,1,1,1.2589646354748899e-19,6.836177970628652e-17,1
2021-03-11,1,0,-1,1,-1,1,1,1,1,1,1,1,1,-1,1,-1,-1,-1,1,1,1,1.1244463336943456e-19,6.15072144530807e-17,1
2021-03-12,1,0,-1,1,-1,1,1,1,1,1,1,1,1,-1,1,-1,-1,-1,1,1,1,2.897889899932426e-20,1.7068571510601988e-17,1
2021-03-13,1,0,-1,1,-1,1,1,1,1,1,1,1,1,-1,1,-1,-1,-1,1,1,1,6.532262081098434e-19,3.083227702278461e-16,1
2021-03-14,1,0,-1,0,-1,1,1,1,1,1,1,1,1,-1,1,-1,-1,-1,1,1,1,1.3118653681643807e-18,5.837800888331494e-16,1
2021-03-15,1,1,-1,0,-1,1,1,1,1,1,1,1,1,-1,1,-1,-1,-1,1,1,1,1.6142743080007436e-19,8.604082061643963e-17,1
2021-03-16,1,1,-1,0,-1,1,1,1,1,1,1,1,1,-1,1,-1,-1,-1,1,1,1,1.7583537369265754e-18,7.613671680892071e-16,1
2021-03-17,0,1,-1,0,-1,1,1,1,1,1,1,1,1,-1,1,0,-1,-1,1,1,1,1.2575066883086832e-15,2.8796903162268847e-13,1
2021-03-18,0,1,-1,0,-1,1,1,1,1,1,1,1,0,-1,1,0,-1,-1,1,1,1,5.1645615553429425e-15,1.0432414341792745e-12,1
2021-03-19,0,1,-1,-1,-1,1,1,1,1,1,1,1,0,-1,1,0,-1,-1,1,1,1,1.1109071469848951e-14,2.077396364861754e-12,1
2021-03-20,0,1,-1,-1,-1,1,1,1,1,1,1,1,0,-1,1,0,0,-1,1,1,1,3.1974546745726556e-14,5.307774759790609e-12,1
2021-03-21,0,1,-1,-1,-1,1,1,1,1,1,1,1,0,-1,1,0,0,-1,1,1,1,1.5414831367023167e-13,2.1426615600162203e-11,1
2021-03-22,-1,1,-1,-1,-1,1,1,1,1,1,1,1,0,-1,1,1,0,-1,1,1,1,7.174370288391748e-13,8.680988048954015e-11,1
2021-03-23,-1,1,-1,-1,-1,1,1,1,0,1,1,1,-1,-1,1,1,0,-1,1,1,1,1.962426496034273e-13,2.551154444844555e-11,1
2021-03-24,-1,1,-1,-1,-1,1,1,1,0,1,1,1,-1,-1,0,1,0,-1,1,1,1,1.187251390169455e-13,1.6977694879423207e-11,1
2021-03-25,-1,1,-1,-1,-1,1,1,1,0,1,1,1,-1,-1,0,1,1,-1,1,1,1,1.7655863036822224e-13,2.383541509971e-11,1
2021-03-26,-1,1,-1,-1,-1,1,1,1,0,1,0,1,-1,-1,0,1,1,-1,1,0,1,1.8667341102799065e-13,2.482522297218968e-11,1
2021-03-27,-1,1,0,-1,-1,1,1,1,0,1,0,1,-1,-1,0,1,1,-1,1,0,1,1.3615141083675101e-13,1.9197348927981892e-11,1
2021-03-28,-1,1,0,-1,-1,1,1,1,-1,1,0,1,-1,-1,0,1,1,-1,1,0,1,4.038422624247221e-14,6.380707746310609e-12,1
2021-03-29,-1,1,0,-1,-1,1,1,1,-1,1,0,1,-1,-1,-1,1,1,-1,1,0,1,4.052443624854033e-15,8.46960717594493e-13,1
2021-03-30,-1,1,0,-1,-1,1,1,1,-1,1,0,1,-1,-1,-1,1,1,-1,1,0,1,1.9751134087245507e-16,5.313055069469041e-14,1
2021-03-31,-1,1,0,-1,-1,1,1,1,-1,1,-1,1,-1,-1,-1,1,1,-1,1,-1,-1,1.0539880635648003e-21,7.272517638597122e-19,-1
2021-04-01,-1,1,0,-1,-1,1,1,1,-1,1,-1,1,-1,-1,-1,1,1,-1,1,-1,-1,1.2045827589713694e-21,8.251391898953881e-19,-1
2021-04-02,-1,1,0,-1,0,0,1,1,-1,1,-1,1,-1,-1,-1,1,1,-1,1,-1,-1,1.2512853047948693e-21,8.546278631748957e-19,-1
2021-04-03,-1,1,0,-1,0,0,1,1,-1,1,-1,1,-1,-1,-1,1,1,-1,1,-1,-1,1.8061624836449803e-21,1.2209658389440066e-18,-1
2021-04-04,-1,1,0,-1,0,0,1,1,-1,1,-1,1,-1,-1,-1,1,1,-1,1,-1,-1,3.614172867847097e-21,2.3708974013076955e-18,-1
2021-04-05,-1,1,0,-1,0,0,1,1,-1,1,-1,1,-1,-1,-1,1,1,-1,1,-1,-1,9.164206418234927e-21,5.7367932178150644e-18,-1
2021-04-06,-1,1,0,-1,0,0,1,1,-1,1,-1,1,-1,-1,-1,1,1,-1,1,-1,-1,2.4190992961055378e-20,1.444202279775006e-17,-1
2021-04-07,-1,1,0,-1,1,-1,1,1,-1,1,-1,1,-1,-1,-1,1,1,-1,1,-1,-1,6.250125587075667e-20,3.537571082284828e-17,-1
2021-04-08,-1,1,0,-1,1,-1,1,1,-1,1,-1,1,-1,-1,-1,1,1,-1,1,-1,-1,1.1775123764757534e-19,6.417442451792856e-17,-1
2021-04-09,-1,1,0,-1,1,-1,1,1,-1,1,-1,1,-1,-1,-1,1,1,-1,1,-1,-1,1.682751414130487e-19,8.935410009032885e-17,-1
2021-04-10,-1,1,0,0,1,-1,1,1,-1,1,-1,1,-1,-1,-1,1,1,-1,1,-1,0,100.0,1.0,0
2021-04-11,-1,1,0,0,1,-1,1,1,-1,1,-1,1,-1,-1,-1,1,1,-1,1,-1,0,100.0,1.0,0
2021-04-12,-1,1,0,0,1,-1,1,0,-1,1,-1,1,-1,-1,-1,1,1,-1,1,-1,-1,5.759473957906158e-20,3.277140682048604e-17,-1
2021-04-13,-1,0,0,0,1,-1,0,0,-1,1,-1,1,-1,-1,-1,1,1,-1,1,-1,-1,1.6143623690646487e-20,9.863754074985003e-18,-1
2021-04-14,-1,0,0,1,1,-1,0,0,-1,1,-1,1,-1,-1,-1,1,1,-1,1,-1,-1,2.6271622143897486e-21,1.7523171969979622e-18,-1
2021-04-15,-1,0,0,1,1,-1,0,0,-1,1,-1,1,-1,-1,-1,1,1,-1,1,-1,-1,6.563644237588129e-22,4.574860033598926e-19,-1
2021-04-16,-1,0,0,1,1,-1,0,0,-1,1,-1,1,-1,-1,-1,1,1,-1,1,-1,-1,6.099370005256255e-23,4.49523569387386e-20,-1
2021-04-17,-1,0,0,1,1,-1,0,-1,-1,1,-1,1,0,-1,-1,0,1,-1,1,-1,-1,3.17142952518125e-24,2.4673721705910124e-21,-1
2021-04-18,-1,-1,0,1,1,-1,-1,-1,-1,1,-1,1,0,-1,-1,0,1,-1,1,-1,-1,9.12675109551886e-26,7.383541636274758e-23,-1
2021-04-19,-1,-1,0,1,1,-1,-1,-1,-1,1,-1,1,0,-1,-1,0,1,-1,1,-1,-1,7.671046396139499e-28,6.4283368799649e-25,-1
2021-04-20,-1,-1,0,1,1,-1,-1,-1,-1,0,-1,1,0,-1,-1,0,1,-1,1,-1,-1,1.1763451784131303e-29,1.001069746829574e-26,-1
2021-04-21,0,-1,0,1,1,-1,-1,-1,-1,0,-1,1,0,-1,-1,0,1,-1,1,-1,-1,6.385747919400488e-29,5.389571243974012e-26,-1
2021-04-22,0,-1,0,1,1,-1,-1,-1,-1,0,-1,1,1,-1,-1,-1,1,-1,1,-1,-1,6.362434789702371e-27,5.261733571083861e-24,-1
2021-04-23,0,-1,0,1,1,-1,-1,-1,-1,0,-1,1,1,-1,-1,-1,1,-1,1,-1,-1,2.9839376211841605e-25,2.3931179721896966e-22,-1
2021-04-24,0,-1,0,1,1,-1,-1,-1,-1,0,0,1,1,-1,-1,-1,1,-1,1,-1,-1,3.660104292911672e-24,2.8402409312994573e-21,-1
2021-04-25,1,-1,0,1,1,-1,-1,-1,-1,-1,0,1,1,-1,-1,-1,0,-1,1,-1,-1,2.713923150488599e-23,2.051725901769381e-20,-1
2021-04-26,1,-1,0,1,1,-1,-1,-1,-1,-1,0,1,1,-1,-1,-1,0,-1,1,-1,-1,6.818663778329036e-22,4.745789989717009e-19,-1
2021-04-27,1,-1,0,1,1,-1,-1,-1,-1,-1,0,1,1,-1,-1,-1,0,-1,0,0,-1,9.405905696754758e-21,5.869285154774969e-18,-1
2021-04-28,1,-1,0,1,1,-1,-1,-1,-1,-1,0,1,1,-1,-1,-1,0,-1,0,0,-1,8.226503773229619e-20,4.5410300828227495e-17,-1
2021-04-29,1,-1,0,1,1,-1,-1,-1,-1,-1,0,1,1,-1,-1,-1,0,-1,0,0,-1,5.250320865572931e-19,2.5411552989372983e-16,-1
2021-04-30,1,-1,0,1,0,-1,-1,-1,-1,-1,0,1,1,-1,-1,-1,-1,-1,0,0,-1,2.8387542818275703e-18,1.1865992898039244e-15,-1
2021-05-01,1,-1,0,1,0,-1,-1,-1,0,-1,0,1,1,-1,-1,-1,-1,-1,-1,0,-1,1.0182460885194544e-17,3.7165982230960085e-15,-1
2021-05-02,1,-1,0,1,0,-1,-1,-1,0,-1,0,1,1,-1,-1,-1,-1,-1,-1,1,-1,8.603225988452773e-18,3.2090032936928844e-15,-1
2021-05-03,1,-1,0,1,0,-1,-1,-1,0,-1,0,1,1,-1,-1,-1,-1,-1,-1,1,-1,6.346871123576899e-20,3.5859821848209476e-17,-1
2021-05-04,1,-1,0,1,0,-1,-1,-1,0,-1,0,1,1,-1,-1,-1,-1,-1,-1,1,-1,3.783898242156541e-21,2.4746694503703776e-18,-1
2021-05-05,1,-1,0,1,-1,-1,-1,-1,0,-1,-1,1,1,-1,-1,-1,-1,-1,-1,1,-1,2.785666179425492e-20,1.6519000443993165e-17,-1
2021-05-06,1,-1,0,1,-1,-1,-1,-1,1,-1,-1,1,1,-1,-1,-1,-1,-1,-1,1,-1,5.858395532194423e-19,2.7944546688567394e-16,-1
2021-05-07,1,-1,0,1,-1,-1,-1,-1,1,-1,-1,1,1,-1,-1,-1,-1,-1,-1,1,-1,6.172202119729338e-18,2.3683360317914495e-15,-1
2021-05-08,1,-1,0,1,-1,-1,-1,-1,1,-1,-1,1,1,-1,-1,-1,-1,-1,-1,0,-1,1.945017074232748e-17,6.651958393875998e-15,-1
2021-05-09,1,-1,0,1,-1,-1,-1,-1,1,-1,-1,1,1,-1,-1,-1,-1,-1,-1,0,-1,2.436222317587618e-17,8.172630006787935e-15,-1
2021-05-10,1,-1,0,1,-1,0,-1,-1,1,-1,-1,1,1,-1,-1,-1,-1,-1,-1,0,-1,2.0299443381720653e-17,6.881493024284767e-15,-1
2021-05-11,1,-1,0,1,-1,0,-1,-1,1,-1,-1,1,1,-1,-1,-1,-1,-1,-1,0,-1,1.185793856305276e-17,4.264252831027856e-15,-1
2021-05-12,1,-1,0,1,-1,0,-1,-1,1,-1,-1,1,1,-1,-1,-1,-1,-1,-1,0,-1,1.945862055038752e-18,8.347748216116247e-16,-1
2021-05-13,1,-1,0,1,-1,0,-1,-1,1,-1,-1,1,1,-1,-1,-1,-1,-1,-1,-1,-1,6.653406708148167e-20,3.7392145699792695e-17,-1
2021-05-14,1,-1,0,1,-1,0,-1,-1,1,-1,-1,1,1,-1,-1,-1,-1,-1,-1,-1,-1,4.585694130933802e-22,3.209985891653661e-19,-1
2021-05-15,1,-1,0,1,-1,0,-1,-1,1,-1,-1,1,1,-1,-1,-1,-1,-1,-1,-1,-1,4.059592406548589e-23,3.024396342878699e-20,-1
2021-05-16,1,-1,0,1,-1,0,-1,-1,1,-1,-1,1,1,-1,-1,-1,-1,-1,-1,-1,-1,4.589430653017534e-21,2.9831299244613968e-18,-1
2021-05-17,1,-1,0,1,-1,0,-1,-1,1,-1,-1,1,1,-1,-1,-1,-1,-1,-1,-1,-1,2.977576067107381e-19,1.4977207617550127e-16,-1
2021-05-18,1,-1,0,1,-1,0,-1,-1,1,-1,-1,1,1,-1,-1,-1,-1,-1,-1,-1,-1,7.318813264680137e-20,4.0912166149561965e-17,-1
2021-05-19,1,-1,0,1,-1,-1,-1,-1,1,-1,-1,1,1,-1,-1,-1,-1,-1,-1,-1,-1,6.659170134152757e-20,3.7392145699792695e-17,-1
2021-05-20,1,-1,0,1,-1,-1,-1,-1,1,-1,-1,1,1,-1,-1,-1,-1,-1,0,-1,-1,4.740275288897591e-20,2.7303985664050123e-17,-1
2021-05-21,1,-1,0,1,-1,-1,0,-1,1,-1,-1,1,1,-1,-1,-1,-1,-1,0,-1,-1,7.715942927197944e-23,5.663502108563291e-20,-1
2021-05-22,1,-1,0,1,-1,-1,0,0,1,-1,-1,1,1,-1,-1,-1,-1,-1,0,-1,-1,6.403127040991036e-24,4.930407821563098e-21,-1
2021-05-23,1,-1,0,1,-1,-1,0,0,1,-1,-1,1,1,-1,-1,-1,-1,-1,0,-1,-1,8.386793315823052e-23,6.139132707182475e-20,-1
2021-05-24,1,-1,0,1,-1,-1,0,0,1,-1,-1,1,1,-1,-1,-1,-1,-1,0,-1,-1,9.0080497929467e-21,5.657055269970527e-18,-1
2021-05-25,1,-1,0,1,0,-1,1,0,1,0,-1,1,1,-1,-1,-1,-1,-1,1,-1,-1,1.5862222106891693e-22,1.1484248805389587e-19,-1
2021-05-26,1,-1,0,1,0,0,1,1,1,0,-1,1,1,-1,-1,-1,-1,-1,1,-1,0,100.0,1.0,0
2021-05-27,1,-1,0,1,0,0,1,1,1,0,-1,1,1,-1,-1,-1,-1,-1,1,-1,0,100.0,1.0,0
2021-05-28,1,-1,0,1,0,0,1,1,1,0,-1,1,1,-1,-1,-1,-1,-1,1,-1,0,100.0,1.0,0
2021-05-29,1,-1,0,1,0,0,1,1,1,0,-1,1,1,-1,0,-1,-1,-1,1,-1,1,3.065274763591436e-21,2.032277168261122e-18,1
2021-05-30,1,-1,0,1,1,0,1,1,1,1,-1,1,1,-1,0,-1,-1,-1,1,-1,1,1.4183177659618235e-22,1.0282803803223221e-19,1
2021-05-31,1,-1,0,1,1,1,1,1,1,1,-1,1,1,-1,0,-1,-1,-1,1,-1,1,1.5485463165976185e-21,1.051462948969783e-18,1
2021-06-01,1,-1,0,1,1,1,1,1,0,1,-1,1,1,-1,0,-1,-1,-1,1,-1,1,5.97553373821051e-19,2.8324029919117814e-16,1
2021-06-02,1,-1,0,1,1,1,1,1,0,1,-1,1,1,-1,0,-1,-1,-1,1,-1,1,9.192347602735501e-18,3.3827839178066644e-15,1
2021-06-03,1,-1,0,1,1,1,1,1,0,1,-1,1,1,-1,1,-1,-1,-1,1,-1,1,3.049540955563721e-18,1.2625099556033805e-15,1
2021-06-04,1,-1,0,1,1,1,1,1,0,1,-1,1,1,-1,1,-1,-1,-1,1,-1,1,1.3125294917129898e-18,5.837800888331494e-16,1
2021-06-05,1,-1,0,1,1,1,1,1,-1,1,-1,1,1,-1,1,-1,-1,-1,1,-1,1,7.920217804073296e-19,3.690821496698156e-16,1
2021-06-06,1,0,0,1,1,1,1,1,-1,1,-1,1,1,-1,1,0,-1,-1,1,-1,1,8.990436464002559e-20,4.95373049166541e-17,1
2021-06-07,1,0,0,1,1,1,1,1,-1,1,-1,1,1,-1,1,0,-1,-1,1,-1,1,1.2240604616160127e-19,6.65888891119111e-17,1
2021-06-08,1,0,0,1,1,1,1,1,-1,1,-1,1,1,-1,1,0,-1,-1,1,-1,1,2.382743837664054e-19,1.2223475887216598e-16,1
2021-06-09,1,0,0,1,1,1,1,1,-1,1,-1,1,1,0,1,0,-1,-1,1,-1,1,6.854509361985615e-20,3.8385252427119444e-17,1
2021-06-10,1,0,0,1,1,1,1,1,-1,1,-1,1,1,0,1,0,-1,-1,1,-1,1,1.6429898118957286e-20,1.0005807954444987e-17,1
2021-06-11,1,1,0,1,1,1,1,1,-1,1,-1,1,1,0,1,1,-1,-1,1,-1,1,4.3781573814906536e-20,2.5349531238830885e-17,1
2021-06-12,1,1,0,1,1,1,1,1,-1,1,-1,1,1,0,1,1,-1,-1,1,-1,1,9.77224409074722e-19,4.456143305380732e-16,1
2021-06-13,1,1,0,1,1,1,1,1,-1,1,-1,1,1,1,1,1,-1,-1,1,-1,1,1.5910679838041847e-18,6.984788448900371e-16,1
2021-06-14,1,1,0,1,1,1,1,1,-1,1,-1,1,1,1,1,1,0,-1,1,-1,1,1.643128920494968e-18,7.180473382563011e-16,1
2021-06-15,1,1,0,1,1,1,1,1,-1,1,-1,1,1,1,1,1,0,-1,1,-1,1,1.6120416722004891e-18,7.060742524238143e-16,1
2021-06-16,1,1,0,1,1,1,1,1,-1,1,-1,1,1,1,1,1,0,-1,1,-1,1,9.498750978813838e-19,4.347570796841524e-16,1
2021-06-17,1,1,0,1,1,1,1,1,-1,1,-1,1,1,1,1,1,0,-1,1,-1,1,2.5271725674732027e-19,1.2888580094113335e-16,1
2021-06-18,1,1,0,1,1,1,1,1,-1,1,-1,1,1,1,1,1,0,-1,1,-1,1,2.230031663048767e-20,1.340249029492309e-17,1
2021-06-19,1,1,0,1,1,1,1,1,-1,1,-1,1,1,1,1,1,1,-1,1,-1,1,1.090829865295517e-21,7.483092875927246e-19,1
2021-06-20,1,1,0,1,1,1,1,1,-1,1,-1,1,1,1,1,1,1,-1,1,-1,1,5.2211367413337784e-21,3.3832966083842885e-18,1
2021-06-21,1,1,0,1,1,1,1,1,-1,1,-1,1,1,1,0,1,1,-1,1,-1,1,3.552185903068889e-18,1.4563962202582445e-15,1
2021-06-22,1,1,0,1,1,1,1,1,-1,1,-1,1,1,1,0,1,1,-1,1,-1,1,7.7372217272007e-16,1.887882101436971e-13,1
2021-06-23,1,1,0,1,1,1,1,1,-1,1,-1,1,1,1,0,1,1,-1,1,-1,1,1.5883390341409368e-16,4.447349295594623e-14,1
2021-06-24,1,1,0,1,1,1,1,1,-1,1,-1,1,1,1,0,1,1,-1,1,-1,1,8.110168480072849e-18,3.065643685467537e-15,1
2021-06-25,1,1,0,1,1,1,1,1,-1,1,0,1,1,1,0,1,1,-1,1,-1,1,2.2543551800783765e-19,1.1632472729204423e-16,1
2021-06-26,1,1,0,1,1,1,1,1,-1,1,0,1,1,1,-1,1,1,-1,1,-1,1,7.327745879696139e-21,4.675101871246136e-18,1
2021-06-27,1,1,0,1,1,1,1,1,-1,1,0,1,1,1,-1,1,1,-1,1,-1,1,5.0267514498778553e-20,2.8853553322298887e-17,1
2021-06-28,1,1,0,1,1,1,1,1,-1,1,0,1,1,1,-1,1,1,-1,1,-1,1,1.9250463796835992e-19,1.0067992565745224e-16,1
2021-06-29,1,1,0,1,1,1,1,1,-1,1,0,1,1,1,-1,1,1,-1,1,-1,1,1.5340949291156016e-19,8.222748820059625e-17,1
2021-06-30,1,1,0,1,1,1,1,1,-1,1,1,1,0,1,-1,1,1,-1,1,-1,1,1.7435719191781703e-18,7.567102129233259e-16,1
2021-07-01,1,1,0,0,1,1,1,1,-1,1,1,1,0,1,-1,1,1,0,0,-1,1,8.389289695959603e-18,3.1375943462888916e-15,1
2021-07-02,1,1,0,0,1,1,1,1,-1,1,1,1,0,1,-1,1,1,0,0,0,1,1.3249269161737705e-17,4.716739821578623e-15,1
2021-07-03,1,1,0,0,1,1,1,1,-1,1,1,1,0,1,-1,1,1,0,0,0,1,6.6868286166973166e-18,2.554368531578375e-15,1
2021-07-04,1,1,0,0,1,1,1,1,-1,1,1,1,0,1,-1,1,1,0,0,0,1,2.001060501125899e-18,8.564538944818849e-16,1
2021-07-05,1,1,0,0,1,1,1,1,-1,1,1,1,-1,1,-1,1,1,1,0,0,1,7.255322187942092e-19,3.401209317607683e-16,1
2021-07-06,1,1,0,-1,1,1,1,1,-1,1,1,1,-1,1,-1,1,1,1,-1,0,1,5.724345125007493e-21,3.669305225129803e-18,1
2021-07-07,1,1,0,-1,1,1,1,1,-1,1,1,1,-1,1,-1,1,1,1,-1,1,1,2.9821910996575453e-23,2.2455898980421318e-20,1
2021-07-08,1,1,0,-1,1,0,1,1,-1,1,1,1,-1,1,-1,0,1,1,-1,1,1,3.3516635939865197e-23,2.5103960318959032e-20,1
2021-07-09,1,1,0,-1,1,0,1,1,-1,1,1,1,-1,1,-1,0,1,1,-1,1,1,1.7213927741133933e-22,1.24284558290987e-19,1
2021-07-10,1,1,0,-1,1,0,1,1,-1,1,1,1,-1,1,-1,0,1,1,-1,1,1,2.3432525843400896e-22,1.6824553555561844e-19,1
2021-07-11,1,1,0,-1,1,0,1,1,-1,1,1,1,-1,1,-1,0,1,1,-1,1,1,8.868141464255014e-23,6.473743268906161e-20,1
2021-07-12,1,1,0,-1,1,0,1,1,-1,1,1,1,-1,1,-1,0,1,1,-1,1,1,1.2205590563372043e-23,9.325071190416241e-21,1
2021-07-13,1,1,0,-1,1,-1,1,1,-1,1,1,1,-1,1,-1,-1,1,1,-1,1,1,6.574038866547268e-25,5.21978686003853e-22,1
2021-07-14,1,1,0,-1,1,-1,1,1,-1,1,1,1,-1,1,-1,-1,1,1,-1,1,1,1.6119936940952827e-26,1.3250588165463225e-23,1
2021-07-15,1,0,0,-1,1,-1,1,1,-1,1,1,1,0,1,-1,-1,1,1,-1,1,1,3.8830064565137577e-28,3.257842417015043e-25,1
2021-07-16,1,0,0,-1,1,-1,1,1,-1,0,1,1,0,1,-1,-1,1,1,-1,1,1,4.3964949432967584e-29,3.7194347220290575e-26,1
2021-07-17,1,0,0,-1,1,-1,0,0,-1,0,1,1,0,1,-1,-1,1,1,-1,1,1,1.3305973751414176e-29,1.131007768870205e-26,1
2021-07-18,1,0,0,-1,1,-1,0,0,-1,0,1,1,0,1,-1,-1,1,1,-1,1,1,1.4153131518129887e-30,1.2129233711037313e-27,1
2021-07-19,1,0,0,-1,1,-1,0,0,-1,0,1,1,0,1,-1,-1,1,1,-1,1,1,1.5423612363138699e-30,1.3202612182846726e-27,1
2021-07-20,1,-1,0,-1,1,-1,0,0,-1,0,1,1,1,1,-1,-1,1,1,-1,1,1,3.0372550680210354e-26,2.487511900709228e-23,1
2021-07-21,1,-1,0,-1,1,-1,-1,0,-1,-1,1,1,1,1,-1,0,1,1,-1,1,1,9.430030723793831e-23,6.874492397645703e-20,1
2021-07-22,1,-1,0,-1,1,-1,-1,-1,-1,-1,1,1,1,1,-1,0,1,1,-1,1,0,100.0,1.0,0
2021-07-23,1,-1,0,-1,1,-1,-1,-1,-1,-1,1,1,1,1,-1,0,1,1,-1,1,0,100.0,1.0,0
2021-07-24,1,-1,0,-1,1,-1,-1,-1,-1,-1,1,1,1,1,-1,0,1,1,-1,1,0,100.0,1.0,0
2021-07-25,1,-1,0,-1,1,-1,-1,-1,-1,-1,1,1,1,1,-1,0,1,1,-1,1,0,100.0,1.0,0
2021-07-26,1,-1,0,-1,1,-1,-1,-1,-1,-1,1,1,1,1,-1,1,1,1,-1,1,1,6.012973049581722e-20,3.415368692162418e-17,1
2021-07-27,1,-1,0,-1,1,-1,-1,-1,-1,-1,1,1,1,1,-1,1,1,1,-1,1,1,2.808259319309471e-18,1.1766606547906684e-15,1
2021-07-28,1,-1,0,-1,0,-1,-1,-1,-1,-1,1,1,1,1,-1,1,1,1,-1,1,0,100.0,1.0,0
2021-07-29,1,-1,0,-1,0,-1,-1,-1,-1,-1,1,1,1,1,-1,1,1,1,-1,1,0,100.0,1.0,0
2021-07-30,1,-1,0,-1,0,-1,-1,-1,-1,-1,1,1,1,1,-1,1,1,1,-1,1,0,100.0,1.0,0
2021-07-31,1,-1,0,-1,0,-1,-1,-1,-1,-1,1,1,1,1,0,1,1,1,-1,1,1,1.2914353583635621e-18,5.772716051885122e-16,1
2021-08-01,1,-1,0,-1,-1,-1,-1,-1,-1,-1,1,1,1,1,0,1,1,1,-1,1,0,100.0,1.0,0
2021-08-02,1,-1,0,-1,-1,-1,-1,-1,-1,-1,1,1,1,1,0,1,1,1,-1,1,0,100.0,1.0,0
2021-08-03,1,-1,0,-1,-1,-1,-1,0,-1,-1,0,1,1,1,0,1,1,1,-1,1,0,100.0,1.0,0
2021-08-04,0,-1,0,-1,-1,-1,-1,0,-1,-1,0,1,1,1,0,1,1,1,-1,1,-1,8.34321390475666e-21,5.289597615615723e-18,-1
2021-08-05,0,-1,0,-1,-1,-1,-1,0,-1,-1,0,1,1,1,1,0,1,1,-1,1,-1,9.06731334917501e-18,3.354905939194754e-15,-1
2021-08-06,0,-1,0,-1,-1,-1,-1,0,0,-1,0,1,1,1,1,0,1,1,-1,1,0,100.0,1.0,0
2021-08-07,0,-1,0,-1,-1,-1,-1,0,0,-1,0,1,1,1,1,0,1,1,-1,1,0,100.0,1.0,0
2021-08-08,0,-1,0,-1,-1,-1,-1,1,0,-1,-1,1,1,1,1,0,1,1,-1,1,0,100.0,1.0,0
2021-08-09,-1,-1,0,-1,-1,-1,-1,1,0,-1,-1,1,1,1,1,0,1,1,-1,1,-1,1.8597171808258654e-21,1.2534493798766333e-18,-1
2021-08-10,-1,-1,0,-1,-1,-1,-1,1,0,-1,-1,1,0,1,1,-1,0,1,-1,1,-1,2.947270746940347e-19,1.4854244564579348e-16,-1
2021-08-11,-1,-1,0,0,-1,-1,-1,1,1,-1,-1,1,0,1,1,-1,0,1,-1,1,-1,6.821771399291322e-17,2.0669967339852705e-14,-1
2021-08-12,-1,-1,0,0,-1,-1,-1,1,1,-1,-1,1,0,1,1,-1,0,1,-1,1,-1,6.098152700470941e-15,1.2013360819927752e-12,-1
2021-08-13,-1,0,0,0,-1,-1,-1,1,1,-1,-1,1,0,1,1,-1,0,1,-1,1,-1,2.0450911365533294e-13,2.6381675661537948e-11,-1
2021-08-14,-1,0,0,0,-1,-1,-1,1,1,0,-1,1,0,1,1,-1,0,1,-1,1,0,100.0,1.0,0
2021-08-15,-1,0,0,0,-1,-1,-1,1,1,0,-1,1,-1,1,1,-1,-1,1,-1,1,-1,1.511100225576759e-11,1.4808782210652238e-09,-1
2021-08-16,-1,0,0,1,-1,-1,-1,1,1,0,-1,1,-1,1,1,-1,-1,1,-1,1,-1,1.703733290443422e-11,1.6526212917301194e-09,-1
2021-08-17,-1,0,0,1,-1,-1,-1,1,1,0,-1,1,-1,1,1,-1,-1,1,-1,1,-1,5.987545316760512e-12,6.286922582598538e-10,-1
2021-08-18,-1,1,0,1,-1,-1,-1,1,1,1,-1,1,-1,1,1,-1,-1,1,-1,1,1,8.588685730785633e-31,7.377681042744858e-28,1
2021-08-19,-1,1,0,1,-1,-1,-1,1,1,1,-1,1,-1,1,1,-1,-1,1,-1,1,1,8.97147448399249e-31,7.697525107265556e-28,1
2021-08-20,-1,1,0,1,-1,-1,-1,1,1,1,-1,1,-1,1,1,-1,-1,1,-1,1,1,2.3952632906048903e-29,2.031183270432947e-26,1
2021-08-21,-1,1,0,1,-1,-1,-1,1,1,1,-1,1,-1,1,1,-1,-1,1,-1,0,0,100.0,1.0,0
2021-08-22,-1,1,0,1,-1,-1,-1,1,1,1,-1,1,-1,1,1,-1,-1,1,-1,0,0,100.0,1.0,0
2021-08-23,-1,1,0,1,-1,0,-1,1,1,1,-1,1,-1,1,1,-1,-1,1,-1,0,1,3.541528735495234e-26,2.8969705056351014e-23,1
2021-08-24,-1,0,0,1,-1,0,-1,1,1,1,-1,1,-1,1,1,-1,-1,1,-1,0,0,100.0,1.0,0
2021-08-25,-1,0,0,1,-1,0,-1,1,1,1,-1,1,-1,1,1,-1,-1,1,-1,0,0,100.0,1.0,0
2021-08-26,-1,0,1,1,-1,0,-1,1,1,1,-1,1,-1,1,1,-1,-1,1,-1,-1,0,100.0,1.0,0
2021-08-27,-1,0,1,1,-1,0,-1,1,1,1,-1,1,-1,1,1,-1,-1,1,-1,-1,0,100.0,1.0,0
2021-08-28,-1,0,1,1,-1,1,-1,1,1,1,-1,1,-1,1,1,0,-1,1,-1,-1,1,1.454928102630438e-20,8.962357112203499e-18,1
2021-08-29,-1,-1,1,1,-1,1,-1,1,1,1,-1,1,-1,1,1,0,-1,1,0,-1,1,1.4898007213405463e-19,8.04492389523895e-17,1
2021-08-30,-1,-1,1,1,-1,1,-1,1,1,1,0,1,-1,1,1,0,-1,1,0,-1,1,1.1101277634503709e-18,5.028878768430181e-16,1
2021-08-31,-1,-1,1,1,-1,1,-1,1,1,1,0,1,-1,1,1,0,-1,1,0,-1,1,6.153141048667207e-18,2.3683360317914495e-15,1
2021-09-01,-1,-1,1,1,-1,1,-1,1,1,1,0,1,-1,1,1,0,-1,1,0,-1,1,2.5121433096285712e-17,8.365437221063143e-15,1
2021-09-02,-1,-1,1,1,-1,1,-1,1,1,1,0,1,-1,1,0,1,-1,1,0,-1,1,7.855040419014852e-17,2.3486570852854408e-14,1
2021-09-03,-1,-1,1,1,-1,1,-1,1,1,1,0,1,-1,1,0,1,-1,1,1,-1,1,1.4814144677754468e-16,4.17758879912676e-14,1
2021-09-04,-1,-1,1,1,-1,1,-1,1,1,1,1,1,-1,1,0,1,-1,1,1,-1,1,4.4886195404878945e-18,1.7967340482503345e-15,1
2021-09-05,-1,-1,1,1,-1,1,-1,1,1,1,1,1,-1,1,0,1,-1,1,1,-1,1,4.4806335367838765e-18,1.7967340482503345e-15,1
2021-09-06,-1,-1,1,1,-1,1,-1,1,1,1,1,0,-1,1,0,1,-1,1,1,-1,1,3.869918518387543e-17,1.2306340888472388e-14,1
2021-09-07,-1,-1,1,1,-1,1,-1,1,1,1,1,0,-1,1,-1,1,-1,1,1,-1,1,7.159439262703231e-18,2.727746359089931e-15,1
2021-09-08,-1,-1,1,1,-1,1,-1,1,1,1,1,0,-1,1,-1,1,-1,1,1,-1,1,2.815382465521128e-19,1.4217681450881695e-16,1
2021-09-09,-1,-1,1,1,-1,1,-1,1,1,1,1,0,-1,1,-1,1,-1,1,1,-1,1,1.3197055010634545e-20,8.195371161604052e-18,1
2021-09-10,-1,0,1,1,-1,1,-1,1,1,1,1,0,-1,1,-1,1,-1,1,0,-1,1,1.0596158244118197e-21,7.300753030197438e-19,1
2021-09-11,-1,0,1,1,-1,1,-1,1,1,1,1,-1,-1,1,-1,1,-1,1,0,-1,1,2.837973505077777e-22,2.0177991621102994e-19,1
2021-09-12,-1,0,1,1,-1,1,-1,1,1,1,1,-1,-1,1,-1,1,-1,1,0,-1,1,2.4314929414923233e-22,1.7409489461085034e-19,1
2021-09-13,-1,0,1,1,-1,1,-1,1,1,1,1,-1,-1,1,-1,1,-1,1,0,-1,1,3.997383793693349e-22,2.8221529583475044e-19,1
2021-09-14,-1,0,1,1,-1,1,-1,1,1,1,1,-1,-1,1,-1,1,0,1,0,-1,1,6.823217470358951e-22,4.745789989717009e-19,1
2021-09-15,-1,1,1,1,-1,1,-1,1,1,1,1,-1,-1,1,-1,1,0,1,-1,-1,1,8.445029732611219e-22,5.843960574966964e-19,1
2021-09-16,0,1,1,1,-1,1,-1,1,1,1,1,-1,-1,1,-1,1,0,1,-1,-1,1,4.512284132033599e-22,3.163111176555553e-19,1
2021-09-17,0,1,1,1,-1,1,-1,1,1,1,1,-1,0,1,-1,1,0,1,-1,-1,1,8.601507759774857e-23,6.28770217239542e-20,1
2021-09-18,0,1,1,1,-1,1,-1,1,1,1,1,-1,0,1,-1,1,0,1,-1,-1,1,5.214075233000592e-24,4.0200520046434565e-21,1
2021-09-19,0,1,1,1,-1,1,-1,1,1,1,1,-1,0,1,-1,1,1,1,-1,-1,1,7.930104829044779e-25,6.28857312943251e-22,1
2021-09-20,1,1,1,1,-1,1,-1,1,1,1,1,-1,0,1,-1,1,1,1,-1,-1,1,3.879394039413273e-23,2.8940279534023016e-20,1
2021-09-21,1,1,1,1,-1,1,-1,1,1,1,1,-1,0,1,-1,1,1,1,-1,-1,1,1.23417114132605e-20,7.688886210461292e-18,1
2021-09-22,1,1,1,1,-1,1,-1,1,1,1,1,-1,1,1,-1,1,1,1,-1,-1,1,5.806470996431501e-19,2.775493136294258e-16,1
2021-09-23,1,1,1,1,-1,1,-1,1,1,1,0,-1,1,1,-1,0,1,1,-1,-1,1,4.395998113665046e-17,1.3847394058044896e-14,1
2021-09-24,1,1,1,1,-1,1,-1,1,1,1,0,-1,1,1,-1,0,1,1,-1,-1,1,1.0705021052140795e-15,2.5248963954461267e-13,1
2021-09-25,1,1,1,1,-1,1,-1,1,1,1,0,-1,1,1,-1,0,1,1,-1,-1,1,1.0212376038752197e-14,1.9301390713241652e-12,1
2021-09-26,1,1,1,1,-1,1,-1,1,1,1,0,-1,1,1,-1,0,1,1,-1,-1,1,2.1933939843081822e-14,3.816505532696237e-12,1
2021-09-27,1,1,1,1,-1,1,-1,1,1,1,0,-1,1,1,-1,0,1,1,-1,-1,1,1.120027941160646e-14,2.083251970558802e-12,1
2021-09-28,1,1,1,1,-1,1,-1,1,1,1,-1,-1,1,1,-1,-1,1,1,-1,-1,1,2.225768874113936e-15,4.87443383430952e-13,1
2021-09-29,1,1,1,1,0,1,-1,1,1,1,-1,-1,1,1,-1,-1,1,1,-1,0,1,1.967570512164614e-16,5.3124403828444583e-14,1
2021-09-30,1,1,1,1,0,1,-1,1,1,1,-1,-1,1,1,-1,-1,1,1,-1,0,1,8.216213826059844e-18,3.0975126124245613e-15,1
2021-10-01,1,1,1,1,0,1,-1,1,1,1,-1,-1,1,1,-1,-1,1,1,-1,0,1,1.375522626479065e-19,7.455332635516532e-17,1
2021-10-02,1,1,1,1,0,1,-1,1,1,1,-1,-1,1,1,-1,-1,1,1,-1,0,1,3.6549562771041945e-21,2.3939963615032472e-18,1
2021-10-03,1,1,1,1,0,1,-1,1,1,1,-1,-1,1,1,-1,-1,1,1,-1,0,1,1.285670342219226e-20,7.996869528603585e-18,1
2021-10-04,1,1,1,1,1,1,-1,1,1,1,-1,-1,1,1,-1,-1,1,1,-1,1,1,9.454896623391622e-19,4.3397975501367544e-16,1
2021-10-05,1,1,1,1,1,0,-1,1,1,1,-1,-1,1,1,-1,-1,1,1,-1,1,1,2.867860887978395e-17,9.320547885929783e-15,1
2021-10-06,1,1,1,1,1,0,-1,1,1,1,-1,0,1,1,-1,-1,1,1,-1,1,1,3.1733331168663635e-16,8.218932772683882e-14,1
2021-10-07,1,1,1,1,1,0,-1,1,1,1,-1,0,1,1,0,-1,1,1,-1,1,1,6.352883686963449e-16,1.5628093869930087e-13,1
2021-10-08,1,1,1,1,1,0,-1,1,1,1,-1,0,1,1,0,-1,0,1,-1,1,1,5.1135337446323166e-17,1.5943424038961955e-14,1
2021-10-09,1,1,1,1,1,0,-1,1,1,1,-1,0,1,1,0,-1,0,1,-1,1,1,1.7148469072435886e-18,7.463708193336036e-16,1
2021-10-10,1,1,1,1,1,0,-1,1,1,1,-1,0,1,1,0,-1,0,1,-1,1,1,2.835649185896438e-20,1.675868668864795e-17,1
2021-10-11,1,1,1,1,1,-1,-1,1,1,1,-1,1,1,1,1,-1,0,1,-1,1,1,2.563478594011879e-22,1.8303237161244814e-19,1
2021-10-12,1,1,0,1,1,-1,-1,1,0,1,0,1,1,1,1,0,0,1,-1,1,1,1.0791385514768252e-24,8.51440317115215e-22,1
2021-10-13,1,0,0,1,1,-1,-1,1,0,1,0,1,1,1,1,0,-1,1,-1,1,1,1.2830194183812913e-26,1.0572080007461841e-23,1
2021-10-14,1,0,0,1,1,-1,-1,1,0,1,0,1,1,1,1,0,-1,1,-1,1,1,1.2994731085044098e-26,1.0694663682991292e-23,1
2021-10-15,1,0,0,1,1,-1,-1,1,0,1,0,1,1,1,1,0,-1,1,-1,1,1,4.427634139418907e-25,3.528824409116869e-22,1
2021-10-16,1,0,0,1,1,-1,-1,1,0,1,0,1,1,1,1,0,-1,1,-1,1,1,4.794106631830564e-23,3.5572271208182786e-20,1
2021-10-17,1,0,-1,1,1,-1,-1,1,0,1,1,1,1,1,1,1,-1,1,-1,1,1,8.163753866162438e-21,5.1839837050131486e-18,1
2021-10-18,1,-1,-1,1,1,-1,-1,1,0,1,1,1,1,1,1,1,-1,1,-1,1,1,8.723920434628236e-19,4.021727320363617e-16,1
2021-10-19,1,-1,-1,1,1,-1,-1,1,0,1,1,1,1,1,1,1,-1,1,-1,1,1,2.5773373910016488e-17,8.556760138125474e-15,1
2021-10-20,1,-1,-1,1,1,-1,-1,1,0,1,1,1,1,1,1,1,-1,1,-1,1,1,5.775688122052155e-19,2.7723302985850347e-16,1
2021-10-21,1,-1,-1,1,1,-1,-1,1,0,1,1,1,1,1,1,1,-1,1,-1,1,1,3.057441621901249e-21,2.0301412369424295e-18,1
2021-10-22,1,-1,-1,1,0,-1,-1,1,1,1,1,1,1,1,1,1,-1,1,-1,1,1,2.1236466670267974e-23,1.613971466940366e-20,1
2021-10-23,1,-1,-1,1,0,-1,-1,1,1,1,1,1,1,1,1,1,-1,1,-1,1,1,1.101486886347152e-24,8.668701795552087e-22,1
2021-10-24,0,-1,-1,1,0,-1,-1,0,1,1,1,1,1,1,1,1,-1,1,-1,1,1,2.618948111301576e-26,2.1475374512672924e-23,1
2021-10-25,0,-1,-1,1,0,-1,-1,0,0,1,0,1,1,1,1,1,-1,1,-1,1,1,8.656911879531801e-26,7.01209862242076e-23,1
2021-10-26,0,-1,-1,1,0,-1,-1,0,0,1,0,1,1,1,1,1,-1,1,-1,1,1,6.554934062677612e-25,5.211172579828701e-22,1
2021-10-27,0,-1,-1,1,-1,-1,-1,0,0,0,0,1,1,1,1,1,-1,1,-1,1,1,3.1663398150533736e-24,2.466578715926578e-21,1
2021-10-28,-1,-1,-1,1,-1,-1,-1,-1,0,0,0,1,1,0,1,1,-1,1,-1,1,-1,3.774139669020961e-16,9.624056156003452e-14,-1
2021-10-29,-1,-1,0,0,-1,-1,-1,-1,0,0,0,1,1,0,1,1,-1,1,-1,0,-1,4.8984766741837984e-15,9.992892415334949e-13,-1
2021-10-30,-1,-1,0,0,-1,-1,-1,-1,-1,0,-1,1,1,0,1,1,-1,1,-1,0,-1,8.208746186714696e-13,9.686320500323341e-11,-1
2021-10-31,-1,-1,0,0,-1,-1,-1,-1,-1,0,-1,1,1,0,1,1,-1,1,-1,0,-1,4.399322449230208e-11,4.179356326768698e-09,-1
2021-11-01,-1,-1,0,0,-1,-1,-1,-1,-1,-1,0,1,1,-1,1,1,-1,1,-1,0,-1,1.2325458510187142e-10,1.1585930999575914e-08,-1
2021-11-02,-1,-1,0,0,-1,-1,-1,-1,-1,-1,0,1,1,-1,1,1,-1,1,-1,0,-1,5.876728964144816e-12,6.229332701993506e-10,-1
2021-11-03,-1,-1,0,-1,-1,-1,0,-1,-1,-1,0,1,1,-1,1,1,-1,1,-1,-1,-1,2.36795862311018e-13,3.0309870375810304e-11,-1
2021-11-04,-1,-1,0,-1,-1,-1,0,-1,-1,-1,0,1,1,-1,1,1,-1,1,-1,-1,-1,4.441330696808056e-15,9.193554542392678e-13,-1
2021-11-05,-1,-1,0,-1,-1,-1,0,-1,-1,-1,0,1,1,-1,1,1,-1,1,-1,-1,-1,3.2393629183057536e-18,1.3378568852602762e-15,-1
2021-11-06,-1,-1,0,-1,-1,-1,0,-1,-1,-1,1,1,1,-1,1,1,-1,1,-1,-1,-1,1.6028637296768359e-21,1.0867416087208948e-18,-1
2021-11-07,-1,-1,0,-1,-1,-1,1,-1,-1,-1,1,1,1,-1,1,1,-1,1,-1,-1,-1,3.467169179337885e-23,2.593442546144738e-20,-1
2021-11-08,-1,-1,0,-1,-1,-1,1,-1,-1,-1,1,1,1,-1,1,1,-1,1,-1,-1,-1,4.8038014367309445e-23,3.55961686461763e-20,-1
2021-11-09,-1,-1,0,-1,-1,-1,1,-1,-1,-1,1,1,1,-1,1,1,-1,1,-1,-1,-1,3.2312160981592644e-21,2.139065056981433e-18,-1
2021-11-10,-1,-1,0,-1,-1,-1,1,-1,-1,-1,1,1,1,-1,1,1,-1,1,0,-1,-1,1.4086472681984204e-18,6.212134452755034e-16,-1
2021-11-11,-1,-1,0,-1,-1,-1,1,-1,0,-1,1,1,1,-1,1,1,-1,1,0,-1,-1,1.8540287670653105e-19,9.752191314763533e-17,-1
2021-11-12,-1,-1,0,-1,-1,-1,1,-1,0,-1,1,1,1,-1,1,1,0,1,0,-1,-1,5.7526115689816235e-22,4.0153228751491734e-19,-1
2021-11-13,-1,-1,0,-1,-1,-1,1,-1,0,-1,1,1,1,-1,1,1,0,1,0,-1,-1,4.334506130760462e-22,3.047157809924605e-19,-1
2021-11-14,-1,-1,0,-1,-1,-1,1,-1,0,-1,1,1,1,-1,1,1,0,1,0,-1,-1,4.0441699840869596e-22,2.8511398387813065e-19,-1
2021-11-15,-1,-1,0,-1,-1,-1,1,-1,0,-1,1,1,1,-1,1,1,0,1,1,-1,-1,5.598841274919294e-23,4.1319448608904387e-20,-1
2021-11-16,-1,-1,0,-1,-1,-1,1,-1,0,-1,1,1,1,-1,1,1,0,1,1,-1,-1,3.702108330460853e-23,2.765474922854257e-20,-1
2021-11-17,-1,-1,0,-1,-1,-1,1,-1,0,-1,1,1,1,-1,1,1,1,1,1,-1,0,100.0,1.0,0
2021-11-18,-1,-1,0,-1,-1,-1,1,-1,0,-1,1,1,1,-1,1,1,1,1,1,-1,0,100.0,1.0,0
2021-11-19,-1,-1,0,-1,-1,-1,1,-1,0,-1,1,1,1,-1,1,1,1,1,1,-1,0,100.0,1.0,0
2021-11-20,-1,-1,0,-1,-1,-1,1,-1,0,-1,1,1,1,-1,1,1,1,1,1,-1,0,100.0,1.0,0
2021-11-21,-1,-1,0,-1,-1,-1,1,-1,0,-1,1,1,1,-1,0,1,1,1,1,-1,-1,2.5788593257423658e-17,8.556760138125474e-15,-1
2021-11-22,-1,-1,0,-1,-1,-1,1,-1,0,-1,1,1,1,-1,0,1,1,1,1,-1,-1,5.419401578722681e-19,2.612151560944332e-16,-1
2021-11-23,-1,-1,0,-1,-1,-1,1,-1,-1,-1,1,1,1,-1,0,1,1,1,1,-1,-1,3.657695332222549e-20,2.1324363786857462e-17,-1
2021-11-24,-1,-1,0,-1,-1,-1,1,-1,-1,-1,1,1,1,-1,0,1,1,1,1,-1,-1,1.7578029542525084e-19,9.29877762799577e-17,-1
2021-11-25,-1,-1,0,-1,-1,-1,1,-1,-1,-1,1,1,1,-1,0,1,1,1,1,0,-1,2.217790427128429e-19,1.1488154412525263e-16,-1
2021-11-26,-1,-1,0,-1,-1,-1,1,-1,-1,-1,1,1,1,-1,-1,1,1,1,1,0,-1,1.4302438578725907e-21,9.725658233533617e-19,-1
2021-11-27,-1,-1,0,-1,-1,-1,1,-1,-1,-1,1,1,1,-1,-1,1,1,1,1,0,-1,7.892387801755133e-24,6.069246219549697e-21,-1
2021-11-28,-1,-1,0,-1,-1,0,0,-1,-1,-1,1,1,0,-1,-1,1,1,1,1,0,-1,1.4023896269092161e-24,1.0994734674968253e-21,-1
2021-11-29,-1,-1,0,-1,0,0,0,-1,-1,-1,1,1,0,-1,-1,1,1,1,1,0,-1,7.7958226833768e-23,5.714338026915194e-20,-1
2021-11-30,-1,-1,0,-1,0,0,0,-1,-1,-1,1,1,0,-1,-1,1,1,1,1,1,-1,1.4131545473248145e-20,8.733295102467353e-18,-1
2021-12-01,0,-1,0,-1,0,0,0,-1,-1,-1,1,1,0,-1,-1,1,1,1,1,1,0,100.0,1.0,0
2021-12-02,0,-1,0,-1,0,0,0,-1,-1,-1,1,1,0,-1,-1,1,1,1,1,1,0,100.0,1.0,0
2021-12-03,0,-1,0,-1,0,1,-1,-1,-1,-1,1,1,-1,-1,-1,1,1,1,1,1,-1,5.564252557144281e-17,1.719354040157583e-14,-1
2021-12-04,0,-1,0,-1,1,1,-1,-1,-1,-1,1,1,-1,-1,-1,1,1,1,1,1,0,100.0,1.0,0
2021-12-05,0,-1,0,-1,1,1,-1,-1,-1,-1,1,1,-1,-1,-1,1,1,1,1,1,0,100.0,1.0,0
2021-12-06,1,-1,0,-1,1,1,-1,-1,-1,-1,1,1,-1,-1,-1,1,1,1,1,1,1,2.732883757080215e-17,9.01851639836471e-15,1
2021-12-07,1,-1,0,-1,1,1,-1,-1,-1,-1,1,1,-1,-1,-1,1,1,1,1,1,1,4.953902859922792e-15,1.0056422805643269e-12,1
2021-12-08,1,-1,0,-1,1,1,-1,-1,-1,-1,1,1,-1,-1,-1,1,1,1,1,1,1,1.8665581182097503e-13,2.482522297218968e-11,1
2021-12-09,1,-1,0,-1,1,1,-1,-1,-1,-1,1,1,-1,-1,-1,1,1,1,1,1,1,3.1415767691948707e-13,3.958386729185537e-11,1
2021-12-10,1,-1,0,-1,1,1,-1,-1,-1,-1,1,1,-1,-1,-1,1,1,1,1,1,1,4.610072530674012e-14,7.191713147851459e-12,1
2021-12-11,1,-1,0,-1,1,1,-1,-1,-1,-1,1,1,-1,-1,-1,1,1,1,1,1,1,7.877878143544927e-16,1.9143243888814171e-13,1
2021-12-12,1,-1,0,-1,1,1,-1,-1,-1,-1,1,1,-1,-1,-1,1,1,1,1,1,1,4.2106197222863016e-18,1.6968797480813796e-15,1
2021-12-13,1,-1,0,-1,1,1,-1,-1,-1,-1,1,1,-1,-1,-1,1,1,1,1,1,1,6.030977916440732e-19,2.8526525544764663e-16,1
2021-12-14,1,-1,0,-1,1,1,-1,-1,-1,-1,1,1,-1,-1,-1,1,1,1,1,1,1,1.88593126850067e-17,6.544181501697325e-15,1
2021-12-15,0,-1,0,-1,1,1,-1,-1,-1,-1,1,1,-1,-1,-1,1,1,1,1,1,0,100.0,1.0,0
2021-12-16,0,-1,0,-1,1,1,-1,-1,-1,-1,1,1,-1,-1,-1,0,1,1,1,1,-1,1.1255154261028701e-23,8.621448163947986e-21,-1
2021-12-17,0,-1,0,-1,1,1,0,-1,-1,-1,1,1,-1,-1,-1,0,1,1,0,1,-1,4.0840066234434973e-25,3.259037285507911e-22,-1
2021-12-18,0,-1,0,-1,1,1,0,-1,-1,-1,1,1,-1,-1,-1,0,1,1,0,1,-1,5.2279305424905614e-27,4.328726489182185e-24,-1
2021-12-19,0,-1,0,-1,1,1,0,-1,-1,-1,1,1,-1,-1,-1,0,1,1,0,1,-1,1.0793585748203222e-27,9.023437685497894e-25,-1
2021-12-20,-1,-1,0,-1,1,1,0,-1,-1,-1,1,1,-1,-1,0,0,1,1,0,1,-1,1.7713431514935317e-25,1.425931236952293e-22,-1
2021-12-21,-1,-1,0,-1,1,1,0,-1,-1,-1,1,1,-1,-1,0,-1,1,1,0,1,-1,4.2882745367642e-23,3.190476255352565e-20,-1
2021-12-22,-1,-1,0,-1,1,1,1,-1,-1,-1,1,1,-1,-1,0,-1,1,1,-1,1,-1,2.745984546760384e-22,1.9551409972933934e-19,-1
2021-12-23,-1,-1,0,-1,1,1,1,-1,-1,-1,1,1,-1,-1,0,-1,1,1,-1,1,-1,5.513876570642212e-21,3.5399087583523005e-18,-1
2021-12-24,0,-1,0,-1,1,1,1,-1,-1,-1,1,1,-1,-1,0,-1,1,1,-1,1,-1,2.4970304837141987e-19,1.2759825771779556e-16,-1
2021-12-25,0,-1,0,-1,1,1,1,-1,-1,-1,1,1,-1,-1,1,-1,1,1,-1,1,0,100.0,1.0,0
2021-12-26,0,-1,0,-1,1,1,1,-1,0,-1,1,1,-1,-1,1,-1,1,1,-1,1,1,5.6551866151085434e-15,1.1253821364066001e-12,1
2021-12-27,0,-1,0,-1,1,1,1,-1,0,-1,1,1,-1,-1,1,-1,1,1,-1,1,1,1.898531796991237e-15,4.2337259072904585e-13,1
2021-12-28,1,-1,0,0,1,1,1,-1,0,-1,1,1,-1,-1,1,-1,1,1,-1,1,1,1.2104507607644155e-15,2.8130265032838574e-13,1
2021-12-29,1,-1,0,0,1,1,1,-1,0,-1,1,1,-1,-1,1,-1,1,0,-1,1,1,1.2988847104647155e-16,3.7018214248244394e-14,1
2021-12-30,1,-1,0,0,1,1,1,-1,0,-1,1,1,-1,-1,1,-1,1,0,-1,1,1,3.808073205170127e-18,1.5460777212990718e-15,1
2021-12-31,0,-1,0,0,1,1,1,-1,1,-1,1,1,-1,-1,1,-1,1,0,-1,1,1,1.1328184981658594e-18,5.120339611709684e-16,1
2022-01-01,0,-1,0,0,1,1,1,-1,1,-1,1,1,-1,-1,1,-1,1,0,-1,0,1,9.002084849730175e-17,2.6466129458206713e-14,1
2022-01-02,0,-1,0,1,1,1,1,-1,1,-1,1,1,-1,-1,1,-1,1,-1,-1,0,1,1.8414226951008525e-15,4.1247868370259094e-13,1
2022-01-03,0,-1,0,1,1,1,1,-1,1,-1,1,1,-1,-1,1,-1,1,-1,-1,0,1,6.151522160497272e-18,2.3683360317914495e-15,1
2022-01-04,0,-1,0,1,1,1,1,-1,1,-1,1,1,-1,-1,1,-1,1,-1,-1,0,1,6.772585284591486e-19,3.18988766904259e-16,1
2022-01-05,0,-1,0,1,1,1,1,-1,1,-1,1,1,-1,-1,1,-1,1,-1,-1,0,1,2.432330359163076e-17,8.172630006787935e-15,1
2022-01-06,-1,0,0,1,1,1,1,-1,1,-1,1,1,0,-1,1,-1,1,-1,-1,-1,1,9.0354177827014e-16,2.1685002678483361e-13,1
2022-01-07,-1,0,0,1,1,1,1,-1,1,-1,1,1,0,-1,1,-1,1,-1,-1,-1,1,6.496511295678517e-15,1.2733162139529893e-12,1
2022-01-08,-1,0,0,1,1,1,1,-1,1,-1,1,1,0,-1,1,-1,1,-1,-1,-1,1,1.2546661153678209e-13,1.7816258838223055e-11,1
2022-01-09,-1,0,0,1,1,1,1,0,1,-1,1,1,0,-1,1,-1,1,-1,-1,-1,1,5.910460695133036e-13,7.269866655013634e-11,1
2022-01-10,-1,0,0,1,1,1,1,0,1,-1,1,1,0,-1,1,-1,1,-1,-1,-1,1,1.8082641138595913e-12,2.07950373093853e-10,1
2022-01-11,-1,1,0,1,1,1,1,0,1,-1,1,1,1,-1,1,-1,1,-1,-1,-1,1,4.581061259717401e-12,4.947546160494793e-10,1
2022-01-12,-1,1,0,1,1,1,1,0,1,-1,1,1,1,-1,1,-1,1,-1,0,-1,1,8.32992482553367e-12,8.496523322044344e-10,1
2022-01-13,-1,1,0,1,1,1,1,0,1,-1,1,1,1,-1,1,-1,1,-1,0,-1,1,7.382643466461421e-12,7.677949205119879e-10,1
2022-01-14,-1,1,0,1,1,1,1,1,1,-1,1,1,1,-1,1,-1,1,-1,0,-1,1,1.1321930573889048e-11,1.1321930573889047e-09,1
2022-01-15,-1,1,0,1,1,1,1,1,1,0,0,1,1,-1,1,-1,1,-1,0,-1,1,9.984371959811048e-12,1.008421567940916e-09,1
2022-01-16,-1,1,0,1,1,1,1,1,1,0,0,1,1,-1,1,-1,1,-1,0,-1,1,8.105223306520436e-12,8.348380005716049e-10,1
2022-01-17,-1,1,0,1,0,1,1,1,0,0,0,1,1,-1,1,-1,1,-1,1,-1,1,1.2537987627204174e-12,1.4544065647556842e-10,1
2022-01-18,-1,1,0,1,0,1,1,1,0,0,0,1,1,-1,0,-1,1,-1,1,-1,1,1.241612994398159e-15,2.855709887115766e-13,1
2022-01-19,-1,1,0,1,0,1,1,1,0,1,0,1,1,-1,0,-1,1,-1,1,-1,1,5.865318227145637e-19,2.7944546688567394e-16,1
2022-01-20,-1,1,0,1,0,1,1,1,0,1,-1,1,1,-1,0,-1,1,-1,1,-1,1,9.150151397333992e-20,5.0325832685336954e-17,1
2022-01-21,-1,1,0,1,0,1,1,1,0,1,-1,1,1,-1,0,-1,1,-1,1,-1,1,5.853975432846147e-18,2.2830504188099972e-15,1
2022-01-22,-1,1,0,1,-1,0,1,1,-1,1,-1,1,1,-1,0,-1,1,-1,1,-1,1,2.1045864523515455e-16,5.6402916923021416e-14,1
2022-01-23,-1,1,0,1,-1,0,1,1,-1,1,-1,1,1,-1,-1,-1,1,-1,1,-1,0,100.0,1.0,0
2022-01-24,-1,1,0,1,-1,0,1,1,-1,1,-1,1,1,-1,-1,-1,1,-1,1,-1,0,100.0,1.0,0
2022-01-25,-1,1,0,0,-1,0,1,1,-1,1,-1,1,1,-1,-1,-1,0,-1,1,-1,-1,3.232457762773247e-16,8.339741027954978e-14,-1
2022-01-26,-1,1,0,0,-1,0,1,1,-1,1,-1,1,1,-1,-1,-1,0,-1,1,-1,-1,6.76098023885481e-16,1.6564401585194285e-13,-1
2022-01-27,-1,1,0,0,-1,-1,1,1,-1,1,-1,1,1,-1,-1,0,0,-1,1,-1,-1,2.489302965041506e-16,6.546866798059161e-14,-1
2022-01-28,-1,1,0,0,-1,-1,1,1,-1,1,-1,1,1,-1,-1,0,0,-1,1,-1,-1,6.040794391975312e-17,1.8484830839444454e-14,-1
2022-01-29,-1,1,0,0,-1,-1,1,1,-1,1,-1,1,1,-1,-1,0,0,-1,1,-1,-1,1.0829684396534052e-17,3.920345751545327e-15,-1
2022-01-30,-1,1,0,-1,-1,-1,1,1,-1,1,-1,1,1,-1,-1,0,-1,-1,1,-1,-1,1.860558366976919e-18,8.0359931464017915e-16,-1
2022-01-31,-1,1,0,-1,-1,-1,1,1,-1,1,-1,0,1,-1,-1,0,-1,-1,1,-1,-1,2.3414592892107827e-19,1.2035100746543422e-16,-1
2022-02-01,-1,1,0,-1,-1,-1,1,1,-1,1,-1,0,1,-1,-1,1,-1,-1,1,-1,-1,2.811957281716062e-20,1.6646787107759085e-17,-1
2022-02-02,-1,1,0,-1,-1,-1,0,1,-1,1,-1,0,1,-1,-1,1,-1,-1,1,-1,-1,3.440456478891909e-21,2.2729662215486307e-18,-1
2022-02-03,-1,1,1,-1,-1,-1,0,1,-1,1,-1,0,1,-1,-1,1,-1,-1,1,-1,-1,4.300014209681408e-22,3.0272100036157114e-19,-1
2022-02-04,-1,1,1,-1,-1,-1,0,1,-1,1,-1,0,1,-1,-1,1,-1,-1,1,-1,-1,4.8142889829784365e-23,3.562573847404043e-20,-1
2022-02-05,-1,1,1,-1,-1,-1,0,1,-1,1,-1,-1,1,-1,-1,1,-1,-1,1,-1,-1,4.106317509993985e-24,3.1782897527353443e-21,-1
2022-02-06,-1,0,1,-1,-1,-1,0,1,-1,1,-1,-1,0,-1,-1,1,-1,-1,1,-1,-1,1.5809718547460856e-25,1.275844286780091e-22,-1
2022-02-07,-1,0,1,-1,-1,-1,-1,1,-1,1,-1,-1,0,-1,-1,1,-1,-1,0,-1,-1,2.970828688045955e-27,2.471729468454235e-24,-1
2022-02-08,-1,0,1,-1,-1,-1,-1,1,-1,1,-1,-1,0,-1,-1,1,-1,-1,0,-1,-1,9.547599646460731e-29,8.039078902319935e-26,-1
2022-02-09,-1,0,1,-1,-1,-1,-1,1,-1,1,-1,-1,0,-1,-1,1,-1,-1,0,-1,-1,2.933771669814937e-28,2.467301974314362e-25,-1
2022-02-10,-1,0,1,-1,-1,-1,-1,1,-1,1,-1,-1,0,-1,-1,1,-1,-1,0,-1,-1,9.721819525249477e-27,8.02050110833082e-24,-1
2022-02-11,-1,0,1,-1,-1,-1,-1,0,-1,1,-1,-1,-1,-1,-1,1,-1,-1,-1,-1,-1,1.7297197499099547e-25,1.3941541184274234e-22,-1
2022-02-12,-1,-1,1,0,-1,-1,-1,0,-1,1,-1,-1,-1,-1,-1,1,-1,-1,-1,-1,-1,1.1685970559050367e-24,9.185172859413587e-22,-1
2022-02-13,-1,-1,1,0,-1,-1,-1,0,-1,1,-1,-1,-1,-1,0,1,-1,-1,-1,-1,-1,5.192745527883733e-24,4.008799547526242e-21,-1
2022-02-14,-1,-1,1,0,-1,-1,-1,0,-1,1,-1,-1,-1,-1,0,1,-1,-1,-1,-1,-1,3.062309681776754e-23,2.3028568806961192e-20,-1
2022-02-15,-1,-1,1,0,-1,-1,-1,0,-1,1,-1,-1,-1,-1,0,1,-1,-1,-1,-1,-1,3.3103082778907595e-22,2.3436982607466577e-19,-1
2022-02-16,-1,-1,1,1,-1,-1,-1,-1,-1,1,-1,-1,-1,-1,0,1,-1,-1,-1,-1,-1,8.40679338795209e-21,5.3215002145736735e-18,-1
2022-02-17,-1,-1,1,1,-1,-1,-1,-1,-1,1,0,0,-1,-1,1,1,-1,-1,-1,-1,-1,2.9909539142478037e-19,1.5014588649523976e-16,-1
2022-02-18,-1,-1,1,1,-1,-1,-1,-1,-1,1,0,0,-1,-1,1,1,0,-1,-1,-1,-1,4.1195023454011536e-18,1.664278947542066e-15,-1
2022-02-19,-1,-1,1,1,-1,-1,-1,-1,-1,1,0,0,-1,-1,1,1,0,-1,-1,-1,-1,1.634619142772852e-16,4.544241216908529e-14,-1
2022-02-20,0,-1,1,1,-1,-1,-1,-1,-1,1,0,0,-1,-1,1,1,0,-1,-1,-1,-1,9.505014676147024e-15,1.8059527884679346e-12,-1
2022-02-21,0,-1,1,1,-1,-1,-1,-1,-1,1,0,0,-1,-1,1,1,0,-1,-1,-1,-1,1.7078128834418304e-13,2.3226255214808895e-11,-1
2022-02-22,0,-1,1,1,-1,-1,-1,-1,-1,1,1,1,-1,-1,1,1,0,-1,0,-1,-1,7.480584465359817e-14,1.0996459164078931e-11,-1
2022-02-23,0,-1,1,1,-1,-1,-1,-1,-1,1,1,1,-1,-1,1,1,1,-1,0,-1,-1,3.2141761180284264e-15,6.974762176121685e-13,-1
2022-02-24,0,-1,1,1,-1,-1,-1,-1,-1,1,1,1,-1,-1,1,1,1,-1,0,-1,-1,3.2723310656730266e-17,1.0504182720810415e-14,-1
2022-02-25,1,-1,0,1,-1,-1,-1,-1,-1,1,1,1,-1,-1,1,1,1,-1,0,-1,-1,3.0338999714959083e-19,1.51998388571945e-16,-1
2022-02-26,1,-1,0,1,-1,-1,-1,-1,-1,1,1,1,-1,-1,1,1,1,-1,0,-1,-1,1.9862557676505672e-21,1.3347638758611812e-18,-1
2022-02-27,1,-1,0,1,0,-1,-1,-1,0,1,1,1,-1,-1,1,1,1,-1,1,-1,1,1.8849464480540559e-13,2.482522297218968e-11,1
2022-02-28,1,-1,0,1,0,-1,-1,-1,0,1,0,1,-1,-1,1,1,1,-1,1,-1,0,100.0,1.0,0
2022-03-01,1,-1,0,1,0,-1,-1,-1,0,1,0,1,-1,-1,1,0,1,-1,1,-1,-1,3.190850597339269e-17,1.0306447429405839e-14,-1
2022-03-02,1,-1,0,1,0,-1,-1,-1,0,1,0,1,-1,-1,1,0,1,-1,1,-1,-1,3.460491167723879e-15,7.370846187251862e-13,-1
2022-03-03,1,-1,0,1,0,-1,-1,-1,0,1,0,1,-1,-1,1,0,1,-1,1,-1,-1,1.4143401640331558e-14,2.559955696900012e-12,-1
2022-03-04,1,-1,0,1,1,0,-1,-1,1,1,0,1,-1,-1,1,0,1,-1,1,0,1,9.2399571948548e-21,5.77497324678425e-18,1
2022-03-05,1,-1,0,1,1,0,-1,-1,1,1,-1,1,0,-1,1,0,1,-1,1,0,1,7.633092699225687e-21,4.862280049406763e-18,1
2022-03-06,1,-1,0,1,1,0,-1,-1,1,1,-1,1,0,-1,1,-1,1,-1,1,0,1,1.2087305531149503e-18,5.439287489017276e-16,1
2022-03-07,1,-1,0,1,1,0,-1,-1,1,1,-1,1,0,-1,1,-1,1,-1,1,0,1,1.2376437221444785e-16,3.539661045333209e-14,1
2022-03-08,1,-1,1,1,1,0,-1,-1,1,1,-1,1,0,-1,1,-1,1,-1,1,0,1,3.9831763055867635e-15,8.364670241732203e-13,1
2022-03-09,1,0,1,1,1,1,-1,-1,1,1,-1,1,0,-1,1,-1,1,-1,1,1,1,8.989509791747243e-15,1.7288349114930894e-12,1
2022-03-10,1,0,1,1,1,1,-1,-1,1,1,-1,1,1,-1,1,-1,1,-1,1,1,1,8.473048718551059e-17,2.5164954694096646e-14,1
2022-03-11,1,0,1,1,1,1,-1,-1,1,1,-1,1,1,-1,1,-1,1,-1,1,1,1,2.581134122737772e-19,1.313797268473526e-16,1
2022-03-12,1,0,1,1,1,1,-1,-1,1,1,-1,1,1,-1,0,-1,1,-1,1,1,1,3.566823562950719e-21,2.3434030808586224e-18,1
2022-03-13,1,0,1,1,1,1,-1,-1,1,1,-1,1,1,-1,0,-1,1,-1,1,1,1,1.4921263479669878e-20,9.146734513037635e-18,1
2022-03-14,1,1,1,1,1,1,-1,-1,1,1,-1,1,1,-1,0,-1,1,-1,1,1,1,9.081423368011028e-18,3.354905939194754e-15,1
2022-03-15,1,1,1,1,1,1,-1,-1,1,1,-1,1,1,-1,0,-1,1,-1,1,1,1,7.950785287421891e-16,1.9240900395560976e-13,1
2022-03-16,1,1,1,1,1,1,-1,-1,1,1,-1,1,1,-1,-1,-1,1,-1,1,1,1,1.5003145464470992e-15,3.390710874970444e-13,1
2022-03-17,1,1,1,1,1,1,-1,-1,1,1,-1,1,1,-1,-1,-1,1,-1,1,1,1,1.5799507972598967e-14,2.828111927095215e-12,1
2022-03-18,1,1,0,1,1,1,-1,-1,1,1,-1,1,1,-1,-1,-1,1,-1,1,1,1,1.3709138966408085e-15,3.111974545374635e-13,1
2022-03-19,1,1,0,1,1,1,-1,-1,1,1,-1,1,1,-1,-1,-1,1,-1,1,1,1,2.6408220509336324e-18,1.1170677275449265e-15,1
2022-03-20,1,1,0,1,1,1,-1,-1,1,1,-1,1,1,-1,-1,-1,1,-1,1,1,1,3.61288318127805e-20,2.1135366610476593e-17,1
2022-03-21,1,1,0,1,1,1,-1,-1,1,1,-1,1,1,-1,-1,-1,1,-1,1,1,1,3.641769877282603e-20,2.1267936083330402e-17,1
2022-03-22,1,1,0,1,1,1,-1,-1,1,1,-1,1,1,-1,-1,-1,1,-1,1,1,1,6.57101539851777e-20,3.699481669365504e-17,1
2022-03-23,1,1,0,1,1,1,-1,-1,1,0,-1,1,1,-1,-1,-1,1,-1,1,1,1,5.654864865026108e-20,3.2232729730648815e-17,1
2022-03-24,1,1,0,0,1,1,-1,-1,1,0,-1,1,1,-1,-1,-1,1,-1,1,1,1,2.716045848628032e-19,1.3797512911030402e-16,1
2022-03-25,1,1,0,0,1,1,-1,-1,1,0,-1,1,1,-1,-1,-1,1,-1,1,1,1,5.532178882578892e-17,1.7149754535994566e-14,1
2022-03-26,1,1,0,0,1,1,-1,-1,1,0,-1,1,1,-1,-1,-1,1,-1,1,1,1,2.0513469838272366e-15,4.533476834258193e-13,1
2022-03-27,1,1,0,0,1,1,-1,-1,1,0,-1,1,1,-1,-1,-1,1,-1,1,1,1,9.69842652872994e-16,2.298527087308996e-13,1
2022-03-28,1,1,0,0,1,1,-1,-1,1,-1,-1,1,1,-1,-1,-1,1,-1,1,1,1,5.775489258149346e-17,1.773075202251849e-14,1
2022-03-29,1,1,0,-1,1,1,-1,-1,1,-1,-1,1,1,-1,-1,-1,1,-1,1,1,1,2.8545690552619878e-18,1.1903552960442488e-15,1
2022-03-30,1,1,0,-1,1,1,-1,-1,1,-1,-1,1,1,-1,-1,-1,1,-1,1,1,1,1.316665151921477e-18,5.837800888331494e-16,1
2022-03-31,1,1,0,-1,1,1,-1,-1,1,-1,-1,1,1,-1,-1,-1,1,-1,1,1,1,2.17285228316347e-19,1.127710334961841e-16,1
2022-04-01,1,1,0,-1,1,1,-1,-1,1,-1,-1,1,1,-1,-1,-1,1,-1,1,1,1,1.2656328938167513e-17,4.518309430925802e-15,1
2022-04-02,1,1,0,-1,1,0,-1,-1,1,-1,-1,1,1,-1,-1,-1,1,-1,1,1,0,100.0,1.0,0
2022-04-03,1,1,0,-1,1,0,-1,-1,1,-1,-1,1,1,-1,-1,-1,1,-1,1,1,0,100.0,1.0,0
2022-04-04,1,1,-1,-1,1,0,-1,-1,1,0,-1,1,1,-1,-1,-1,1,-1,1,1,0,100.0,1.0,0
2022-04-05,1,1,-1,-1,1,0,-1,-1,1,0,-1,0,1,-1,-1,-1,1,-1,1,1,-1,3.78488510918038e-25,3.027908087344304e-22,-1
2022-04-06,1,1,-1,-1,1,0,-1,-1,1,0,-1,0,0,-1,-1,0,1,-1,1,1,-1,7.514369162206099e-26,6.101667759711353e-23,-1
2022-04-07,1,1,-1,-1,1,-1,-1,-1,1,0,-1,0,0,-1,-1,0,1,-1,1,1,-1,6.123518881423886e-26,4.984544369479043e-23,-1
2022-04-08,1,1,-1,-1,1,-1,-1,-1,1,0,-1,0,0,-1,-1,0,1,-1,1,1,-1,1.1111190227581509e-25,8.977841703885859e-23,-1
2022-04-09,1,1,-1,-1,1,-1,-1,-1,0,1,-1,0,0,-1,-1,0,1,-1,1,1,-1,2.4877417612325706e-25,1.997656634269754e-22,-1
2022-04-10,1,1,-1,-1,1,-1,-1,-1,0,1,-1,-1,0,-1,-1,0,1,0,1,0,-1,3.9198431608493738e-25,3.1319546855186497e-22,-1
2022-04-11,1,1,-1,-1,1,-1,-1,-1,0,1,-1,-1,-1,-1,-1,1,1,0,1,0,-1,3.2502673660351768e-25,2.6034641601941765e-22,-1
2022-04-12,1,1,-1,-1,1,-1,-1,-1,0,1,-1,-1,-1,-1,-1,1,1,0,1,0,-1,8.488007819975503e-26,6.883774342000134e-23,-1
2022-04-13,1,1,-1,-1,1,-1,-1,-1,0,1,-1,-1,-1,-1,-1,1,1,0,1,0,-1,7.532060574665135e-27,6.2214820346734016e-24,-1
2022-04-14,1,1,-1,-1,1,-1,-1,-1,-1,1,-1,-1,-1,-1,-1,1,1,1,1,0,-1,9.851937565709374e-28,8.246071742498746e-25,-1
2022-04-15,1,1,-1,-1,1,-1,-1,0,-1,1,-1,-1,-1,-1,-1,1,1,1,1,-1,-1,3.2058892824680806e-27,2.660888104448507e-24,-1
2022-04-16,1,1,-1,-1,1,-1,-1,0,-1,1,-1,-1,-1,-1,-1,1,1,1,1,-1,-1,7.297928719530012e-26,5.9332160489779e-23,-1
2022-04-17,1,1,-1,-1,1,-1,-1,0,-1,1,-1,-1,-1,-1,-1,1,0,1,1,-1,-1,8.476312623028485e-25,6.704763284815531e-22,-1
2022-04-18,1,1,-1,-1,0,-1,-1,0,-1,1,-1,-1,-1,-1,-1,1,0,1,1,-1,-1,2.976907838040869e-24,2.3249650215099187e-21,-1
2022-04-19,1,1,-1,-1,0,-1,-1,0,-1,1,-1,-1,-1,-1,-1,1,0,1,1,-1,-1,2.9800993970398552e-24,2.3249650215099187e-21,-1
2022-04-20,1,1,-1,-1,0,-1,-1,1,-1,1,-1,-1,-1,-1,-1,1,0,1,1,-1,-1,8.099453061275463e-25,6.414766824530167e-22,-1
2022-04-21,1,1,-1,-1,0,-1,-1,1,-1,1,-1,-1,-1,-1,-1,1,0,1,1,-1,-1,5.926233739942972e-26,4.8298804980535226e-23,-1
2022-04-22,1,1,-1,-1,0,-1,-1,1,-1,1,-1,-1,-1,-1,-1,1,-1,1,1,-1,-1,2.7700123351682303e-27,2.3074202751951358e-24,-1
2022-04-23,1,0,-1,-1,-1,-1,-1,1,-1,1,-1,-1,-1,-1,-1,1,-1,1,1,-1,-1,2.2413946584179907e-27,1.869323145120604e-24,-1
2022-04-24,1,0,-1,-1,-1,-1,0,1,-1,1,-1,-1,-1,-1,-1,1,-1,1,1,-1,-1,5.140742833623327e-26,4.1948461522366346e-23,-1
2022-04-25,1,0,-1,-1,-1,-1,0,1,0,1,-1,-1,-1,-1,-1,1,-1,1,1,-1,-1,1.0804654675692794e-24,8.51440317115215e-22,-1
2022-04-26,1,0,0,-1,-1,-1,0,1,0,1,-1,-1,-1,-1,-1,1,-1,1,1,-1,-1,9.809341749521997e-24,7.533574463632894e-21,-1
2022-04-27,1,0,0,-1,-1,-1,0,1,0,1,-1,-1,-1,-1,-1,0,-1,1,1,-1,-1,4.6872994269108464e-23,3.482663474194759e-20,-1
2022-04-28,1,-1,0,-1,-1,-1,0,1,0,1,-1,-1,-1,-1,-1,0,-1,1,1,-1,-1,1.6804904384269914e-22,1.2149945869827147e-19,-1
2022-04-29,1,-1,0,-1,-1,-1,1,1,0,1,-1,-1,-1,-1,-1,0,-1,1,1,-1,-1,4.707080808326067e-22,3.290249485019921e-19,-1
2022-04-30,1,-1,0,-1,-1,-1,1,1,1,1,-1,-1,-1,-1,-1,0,-1,1,1,-1,-1,1.3206478608512233e-21,9.006818411005343e-19,-1
2022-05-01,1,-1,1,-1,-1,-1,1,1,1,1,-1,-1,-1,-1,-1,0,-1,1,1,-1,-1,3.999969690900234e-21,2.6079802384669525e-18,-1
2022-05-02,1,-1,1,-1,-1,-1,1,1,1,1,-1,-1,-1,-1,-1,-1,-1,1,1,-1,-1,1.4844889068444604e-20,9.114761888024987e-18,-1
2022-05-03,1,-1,1,-1,-1,-1,1,1,1,1,-1,-1,-1,-1,-1,-1,-1,1,1,-1,-1,5.4087744556092235e-20,3.099227763064085e-17,-1
2022-05-04,1,-1,1,-1,-1,-1,1,1,1,1,-1,-1,-1,-1,-1,-1,-1,1,1,-1,-1,1.5031023022711988e-19,8.101721409241762e-17,-1
2022-05-05,1,-1,1,-1,-1,-1,1,1,1,1,-1,-1,0,-1,-1,-1,-1,1,1,-1,-1,6.525020144072818e-20,3.68011136125707e-17,-1
2022-05-06,1,-1,1,0,-1,-1,1,1,1,1,-1,-1,0,-1,-1,-1,-1,1,1,-1,-1,5.059189486961897e-19,2.45370690117652e-16,-1
2022-05-07,1,-1,1,0,-1,-1,1,1,1,1,-1,-1,0,-1,-1,-1,-1,1,1,-1,-1,4.723556285755768e-18,1.879975401730796e-15,-1
2022-05-08,1,-1,1,0,-1,-1,1,1,1,1,-1,-1,0,-1,-1,-1,-1,1,1,-1,-1,1.494708519647117e-17,5.306215244747265e-15,-1
2022-05-09,1,-1,1,0,-1,-1,1,1,1,1,-1,-1,0,-1,-1,-1,-1,1,1,-1,-1,1.973865777065861e-17,6.730882299794586e-15,-1
2022-05-10,1,-1,1,0,-1,-1,1,1,1,1,-1,-1,1,-1,0,-1,-1,1,1,-1,0,100.0,1.0,0
2022-05-11,1,-1,1,1,-1,-1,1,1,1,1,-1,-1,1,-1,0,-1,-1,1,1,-1,1,1.223989663040053e-21,8.372089295193963e-19,1
2022-05-12,1,-1,1,1,-1,-1,1,1,1,1,-1,-1,1,-1,0,-1,-1,1,1,-1,1,3.4516557246157644e-21,2.274641122521789e-18,1
2022-05-13,1,-1,1,1,-1,-1,1,1,1,1,-1,-1,1,-1,0,-1,-1,1,1,-1,1,2.7262179168555266e-20,1.619373442612183e-17,1
2022-05-14,1,-1,1,1,-1,0,1,1,1,1,-1,-1,1,-1,1,-1,-1,1,1,0,1,3.4281743319157504e-19,1.700374468630212e-16,1
2022-05-15,1,-1,1,1,-1,0,1,1,1,1,-1,-1,1,-1,1,-1,-1,1,1,0,1,3.637369027811485e-18,1.4876839323748971e-15,1
2022-05-16,1,-1,1,1,-1,0,1,1,1,1,-1,-1,1,-1,1,-1,-1,1,1,0,1,2.7422369663143872e-17,9.021959619174334e-15,1
2022-05-17,1,-1,1,1,-1,0,1,1,1,1,-1,-1,1,-1,1,-1,-1,1,1,0,1,2.848344375440853e-17,9.28560266393718e-15,1
2022-05-18,1,-1,1,1,-1,0,1,1,1,1,-1,-1,1,-1,1,-1,-1,1,1,0,1,7.096807749727161e-17,2.1361391326678754e-14,1
2022-05-19,1,-1,1,1,-1,1,1,1,1,1,-1,-1,1,-1,1,-1,-1,1,1,1,1,5.918365916000296e-18,2.296325975408115e-15,1
2022-05-20,1,-1,1,1,-1,1,1,1,1,1,-1,-1,1,-1,1,-1,-1,1,1,1,1,4.0778039879907475e-20,2.3651263130346336e-17,1
2022-05-21,1,-1,1,1,-1,1,1,1,1,1,-1,-1,1,-1,1,0,-1,1,1,1,1,2.3068654047912146e-20,1.3818123774699376e-17,1
2022-05-22,1,0,1,1,-1,1,1,1,1,1,-1,-1,1,-1,1,0,-1,1,1,1,1,3.6931159429245267e-19,1.809626812033018e-16,1
2022-05-23,1,0,1,1,-1,1,1,1,1,1,-1,-1,1,-1,1,0,-1,1,1,1,1,2.6937479860232824e-18,1.1367616501018252e-15,1
2022-05-24,1,0,1,1,-1,1,1,1,1,1,-1,0,1,-1,1,0,-1,1,1,1,1,5.9296750495180486e-18,2.296325975408115e-15,1
2022-05-25,1,0,1,1,-1,1,1,1,1,1,-1,0,1,-1,1,0,-1,1,1,1,1,5.693098598229926e-18,2.2289611064296933e-15,1
2022-05-26,1,0,0,1,-1,1,1,1,1,1,-1,0,1,-1,1,0,-1,1,1,1,1,3.3224695248873564e-18,1.3688574442535908e-15,1
2022-05-27,1,0,0,1,-1,1,1,1,1,1,-1,0,1,-1,1,1,-1,1,1,1,1,2.2624883713500925e-18,9.638200461951394e-16,1
2022-05-28,1,1,0,1,-1,1,1,1,1,1,-1,0,1,-1,1,1,-1,1,1,1,1,1.9116796254430538e-18,8.220222389405131e-16,1
2022-05-29,1,1,0,1,-1,1,1,1,1,1,-1,1,1,-1,1,1,-1,1,1,1,1,5.851587998689959e-21,3.745016319161574e-18,1
2022-05-30,1,1,0,1,-1,1,1,1,1,1,-1,1,1,-1,1,1,-1,1,1,1,1,4.7846601817597366e-27,3.966483290678822e-24,1
2022-05-31,1,1,0,1,-1,1,1,1,1,1,-1,1,1,-1,1,1,-1,1,1,1,1,2.1108306179425408e-27,1.7625435659820217e-24,1
2022-06-01,1,1,-1,1,-1,1,1,1,1,1,-1,1,1,-1,1,1,-1,1,1,1,1,3.112294666649324e-28,2.6143275199854324e-25,1
2022-06-02,1,1,-1,1,-1,1,1,1,1,1,-1,1,1,-1,1,1,-1,1,1,1,1,7.973560519486783e-29,6.721711517927358e-26,1
2022-06-03,1,1,-1,1,-1,1,1,1,1,1,-1,1,1,-1,1,1,-1,1,1,1,1,1.958556464744594e-30,1.6726072208918835e-27,1
2022-06-04,1,1,-1,1,-1,1,1,1,1,1,-1,1,1,-1,1,1,-1,1,1,1,1,2.1511418680834843e-31,1.8499820065517966e-28,1
2022-06-05,1,1,-1,1,-1,1,1,1,1,1,-1,1,1,-1,1,1,-1,1,1,1,1,2.601740421002144e-30,2.2192845791148287e-27,1
2022-06-06,1,1,-1,1,-1,1,1,1,1,1,-1,1,1,-1,1,1,-1,1,1,1,1,1.6408747620130387e-30,1.402947921521148e-27,1
2022-06-07,1,1,-1,1,-1,1,1,1,1,1,-1,1,1,-1,1,1,-1,1,1,1,1,1.8601759104275717e-29,1.5792893479530085e-26,1
2022-06-08,1,1,-1,1,-1,1,1,1,1,1,-1,1,1,-1,1,1,-1,1,1,1,1,5.560510720055901e-29,4.698631558447237e-26,1
2022-06-09,1,1,-1,1,-1,1,1,1,1,1,-1,1,1,-1,1,1,-1,1,1,1,1,3.353469385091124e-29,2.840388569172182e-26,1
2022-06-10,1,1,-1,1,-1,1,1,1,1,1,-1,1,1,-1,1,1,-1,1,1,1,1,4.579508668768547e-30,3.901741385790802e-27,1
2022-06-11,1,1,-1,1,-1,1,1,1,1,1,-1,1,1,-1,1,1,-1,1,1,1,1,1.5916324803985248e-31,1.3703955656231298e-28,1
2022-06-12,1,1,-1,1,-1,1,1,1,1,1,-1,1,1,-1,1,1,-1,1,1,1,1,1.7929926743748026e-33,1.54555968531108e-30,1
2022-06-13,1,1,-1,1,-1,1,1,1,1,1,-1,1,1,-1,1,1,-1,1,1,1,1,1.2723244590748874e-36,1.0992883326407027e-33,1
2022-06-14,1,1,-1,1,-1,1,1,1,1,1,-1,1,1,-1,1,1,-1,1,1,1,1,5.769624903295557e-38,4.990725541350656e-35,1
2022-06-15,1,1,-1,1,-1,1,1,1,1,1,-1,1,1,-1,1,1,-1,1,1,0,1,2.919119173059689e-36,2.5191998463505114e-33,1
