,start,end,date,slope,p_value,p_value Holm (alpha=0.05),up/down trend
0,1,14,2020-02-02,-0.10878054165341344,1.7623541863918783e-05,0.011349560960363696,-1
1,2,15,2020-02-03,-0.14175525216450735,3.3160923444764993e-06,0.002185304855010013,-1
2,3,16,2020-02-04,-0.17610730303724761,7.159750574987446e-07,0.0004797032885241589,-1
3,4,17,2020-02-05,-0.20639010940089186,8.645934475880034e-08,5.939756984929584e-05,-1
4,5,18,2020-02-06,-0.22263872417820968,5.720564045545007e-09,4.073041600428045e-06,-1
5,6,19,2020-02-07,-0.21829409292916657,2.0696841305163775e-08,1.4405001548393987e-05,-1
6,7,20,2020-02-08,-0.19383624079663173,5.658089918313013e-06,0.0037117069864133364,-1
7,8,21,2020-02-09,-0.15311823266435082,0.000899739550449536,0.5317460743156758,0
8,9,22,2020-02-10,-0.10072273842555528,0.03676040794199157,1.0,0
9,10,23,2020-02-11,-0.0411654270456904,0.4037495848339586,1.0,0
10,11,24,2020-02-12,0.02121151685192197,0.6695774385807892,1.0,0
11,12,25,2020-02-13,0.08215822866218866,0.09659025447328906,1.0,0
12,13,26,2020-02-14,0.13739814274031076,0.004313743771679967,1.0,0
13,14,27,2020-02-15,0.18252808793656733,5.8707060661554134e-05,0.03733769058074843,1
14,15,28,2020-02-16,0.213022552511632,3.3030495937782855e-07,0.00022361645749878993,1
15,16,29,2020-02-17,0.22457972551720295,1.5754750885442223e-08,1.1044080370694998e-05,1
16,17,30,2020-02-18,0.2144962701009678,1.2843297447449278e-07,8.771972156607857e-05,1
17,18,31,2020-02-19,0.18522320500615752,2.266543460866819e-06,0.0015004517710938343,1
18,19,32,2020-02-20,0.14607382820776604,2.1407417107481618e-05,0.013722154365895717,1
19,20,33,2020-02-21,0.10586478747110606,0.00020348924277574474,0.12677379824928897,0
20,21,34,2020-02-22,0.06815276353050699,0.0030301431273331287,1.0,0
21,22,35,2020-02-23,0.033614967588199214,0.0690207448408301,1.0,0
22,23,36,2020-02-24,0.0022062478556259396,0.888423951311236,1.0,0
23,24,37,2020-02-25,-0.026041383607991686,0.08712009705807182,1.0,0
24,25,38,2020-02-26,-0.05074091260430355,0.001502068755158228,0.8681957404814558,0
25,26,39,2020-02-27,-0.07104501557952524,2.0048471392648737e-05,0.012891167105473137,-1
26,27,40,2020-02-28,-0.08569834336707388,2.2791290950957457e-07,0.00015520869137602029,-1
27,28,41,2020-02-29,-0.09332213424892881,3.4442730305278845e-09,2.4660994898579653e-06,-1
28,29,42,2020-03-01,-0.0928637673682315,5.03883447756989e-09,3.5926889825073316e-06,-1
29,30,43,2020-03-02,-0.0839621470681654,1.1727458084449275e-06,0.0007810487084243217,-1
30,31,44,2020-03-03,-0.06711864506407654,0.0002899352473685917,0.17834224360272985,0
31,32,45,2020-03-04,-0.043605606940633916,0.023714377063069617,1.0,0
32,33,46,2020-03-05,-0.015217697732939925,0.44540561999674666,1.0,0
33,34,47,2020-03-06,0.0159569314131676,0.4469197901431379,1.0,0
34,35,48,2020-03-07,0.04770714288001292,0.03252174584299601,1.0,0
35,36,49,2020-03-08,0.0778335247065658,0.0008790008543972842,0.5212475066575895,0
36,37,50,2020-03-09,0.10428228009038597,1.1283416914845578e-05,0.00732293757773478,1
37,38,51,2020-03-10,0.125311902743021,6.200604943675462e-08,4.272216806192393e-05,1
38,39,52,2020-03-11,0.13971008175971264,1.1196763275028928e-10,8.285604823521407e-08,1
39,40,53,2020-03-12,0.14702978090867355,1.6716993535226242e-13,1.317299090575828e-10,1
40,41,54,2020-03-13,0.14772735488984698,7.168176038015202e-14,5.670027246070025e-11,1
41,42,55,2020-03-14,0.14304015015194746,1.9234135457412023e-12,1.4848752573122082e-09,1
42,43,56,2020-03-15,0.13457988981371916,2.8501764874524394e-11,2.1433327185642344e-08,1
43,44,57,2020-03-16,0.12386876200124805,1.8583666056509718e-10,1.3733329215760682e-07,1
44,45,58,2020-03-17,0.11207605484202063,7.521522616728094e-10,5.475668464978053e-07,1
45,46,59,2020-03-18,0.09999248432792872,2.3706212376778625e-09,1.7044766698903832e-06,1
46,47,60,2020-03-19,0.08811452594838783,6.553721684813853e-09,4.646588674533022e-06,1
47,48,61,2020-03-20,0.07674089460004103,1.684058672311811e-08,1.177157011945956e-05,1
48,49,62,2020-03-21,0.06604628288135438,4.1397405858348775e-08,2.872979966569405e-05,1
49,50,63,2020-03-22,0.05612789451562325,9.928372573373502e-08,6.791006840187476e-05,1
50,51,64,2020-03-23,0.047031299048972276,2.3807274287968703e-07,0.0001618894651581872,1
51,52,65,2020-03-24,0.0387631734520709,5.95083587695725e-07,0.0004004912545192229,1
52,53,66,2020-03-25,0.03129653469999941,1.6682350450901073e-06,0.0011093763049849215,1
53,54,67,2020-03-26,0.024572113870591442,5.927025249308906e-06,0.0038822015382973334,1
54,55,68,2020-03-27,0.018498201095559844,3.2206752584529095e-05,0.020547908148929563,1
55,56,69,2020-03-28,0.012948659506660408,0.00034328675836901574,0.21043478288020664,0
56,57,70,2020-03-29,0.0077580872379426884,0.00861773577696607,1.0,0
57,58,71,2020-03-30,0.0027276306370865745,0.2858875215437556,1.0,0
58,59,72,2020-03-31,-0.0023644748604023827,0.36816745513266536,1.0,0
59,60,73,2020-04-01,-0.0077527423134846635,0.015191951245708137,1.0,0
60,61,74,2020-04-02,-0.013690595886498846,0.0008151710827085487,0.48421162312887794,0
61,62,75,2020-04-03,-0.020472232967673434,9.92934666703741e-05,0.06275347093567643,0
62,63,76,2020-04-04,-0.02846982229809389,2.4315813433182577e-05,0.015537804783803667,-1
63,64,77,2020-04-05,-0.03820065801356819,1.0170317900408884e-05,0.006631047271066592,-1
64,65,78,2020-04-06,-0.05046361370142307,6.622273479066556e-06,0.0043309668553095275,-1
65,66,79,2020-04-07,-0.06666154981329185,6.650895804414884e-06,0.004343034960282919,-1
66,67,80,2020-04-08,-0.08976511523624235,1.145400317811136e-05,0.007422194059416161,-1
67,68,81,2020-04-09,-0.12893950374980753,5.205980730094851e-05,0.0331620972507042,-1
68,69,82,2020-04-10,0.5154438591932751,0.1999123733197531,1.0,0
69,70,83,2020-04-11,1.0649441243717934,0.03948723833825254,1.0,0
70,71,84,2020-04-12,1.5192831704092016,0.008209436288371744,1.0,0
71,72,85,2020-04-13,1.878112423866867,0.001790503406696981,1.0,0
72,73,86,2020-04-14,2.1409985075611284,0.00045135028833204053,0.27306692444088454,0
73,74,87,2020-04-15,2.307402604757096,0.00015816731144100077,0.09932907158494848,0
74,75,88,2020-04-16,2.3766502789542914,9.678850735239635e-05,0.06126712515406689,0
75,76,89,2020-04-17,2.3478858156117375,0.00011915828370692719,0.07518887701907105,0
76,77,90,2020-04-18,2.2199996011479333,0.0002779221112630548,0.17175586476056787,0
77,78,91,2020-04-19,1.9915043317209653,0.0009958340161032259,0.5865462354848,0
78,79,92,2020-04-20,1.660302611699193,0.00443038519172159,1.0,0
79,80,93,2020-04-21,1.2231842991465776,0.02141906765147882,1.0,0
80,81,94,2020-04-22,0.6744581826472277,0.10886430106296381,1.0,0
81,82,95,2020-04-23,0.0,1.0,1.0,0
82,83,96,2020-04-24,0.0,1.0,1.0,0
83,84,97,2020-04-25,0.0,1.0,1.0,0
84,85,98,2020-04-26,0.0,1.0,1.0,0
85,86,99,2020-04-27,0.0,1.0,1.0,0
86,87,100,2020-04-28,0.0,1.0,1.0,0
87,88,101,2020-04-29,0.0,1.0,1.0,0
88,89,102,2020-04-30,0.0,1.0,1.0,0
89,90,103,2020-05-01,0.0,1.0,1.0,0
90,91,104,2020-05-02,0.0,1.0,1.0,0
91,92,105,2020-05-03,0.0,1.0,1.0,0
92,93,106,2020-05-04,0.0,1.0,1.0,0
93,94,107,2020-05-05,0.0,1.0,1.0,0
94,95,108,2020-05-06,0.0,1.0,1.0,0
95,96,109,2020-05-07,0.0,1.0,1.0,0
96,97,110,2020-05-08,0.0,1.0,1.0,0
97,98,111,2020-05-09,0.0,1.0,1.0,0
98,99,112,2020-05-10,0.0,1.0,1.0,0
99,100,113,2020-05-11,0.0,1.0,1.0,0
100,101,114,2020-05-12,0.0,1.0,1.0,0
101,102,115,2020-05-13,0.0,1.0,1.0,0
102,103,116,2020-05-14,0.0,1.0,1.0,0
103,104,117,2020-05-15,0.0,1.0,1.0,0
104,105,118,2020-05-16,0.0,1.0,1.0,0
105,106,119,2020-05-17,0.0,1.0,1.0,0
106,107,120,2020-05-18,0.0,1.0,1.0,0
107,108,121,2020-05-19,0.0,1.0,1.0,0
108,109,122,2020-05-20,0.0,1.0,1.0,0
109,110,123,2020-05-21,0.0,1.0,1.0,0
110,111,124,2020-05-22,0.0,1.0,1.0,0
111,112,125,2020-05-23,0.0,1.0,1.0,0
112,113,126,2020-05-24,0.0,1.0,1.0,0
113,114,127,2020-05-25,0.0,1.0,1.0,0
114,115,128,2020-05-26,0.0,1.0,1.0,0
115,116,129,2020-05-27,0.0,1.0,1.0,0
116,117,130,2020-05-28,0.0,1.0,1.0,0
117,118,131,2020-05-29,0.0,1.0,1.0,0
118,119,132,2020-05-30,0.0,1.0,1.0,0
119,120,133,2020-05-31,0.0,1.0,1.0,0
120,121,134,2020-06-01,0.0,1.0,1.0,0
121,122,135,2020-06-02,0.0,1.0,1.0,0
122,123,136,2020-06-03,0.0,1.0,1.0,0
123,124,137,2020-06-04,0.0,1.0,1.0,0
124,125,138,2020-06-05,0.0,1.0,1.0,0
125,126,139,2020-06-06,0.0,1.0,1.0,0
126,127,140,2020-06-07,0.0,1.0,1.0,0
127,128,141,2020-06-08,0.0,1.0,1.0,0
128,129,142,2020-06-09,0.0,1.0,1.0,0
129,130,143,2020-06-10,0.0,1.0,1.0,0
130,131,144,2020-06-11,0.0,1.0,1.0,0
131,132,145,2020-06-12,0.0,1.0,1.0,0
132,133,146,2020-06-13,0.0,1.0,1.0,0
133,134,147,2020-06-14,0.0,1.0,1.0,0
134,135,148,2020-06-15,0.0,1.0,1.0,0
135,136,149,2020-06-16,0.0,1.0,1.0,0
136,137,150,2020-06-17,0.0,1.0,1.0,0
137,138,151,2020-06-18,0.0,1.0,1.0,0
138,139,152,2020-06-19,0.0,1.0,1.0,0
139,140,153,2020-06-20,0.0,1.0,1.0,0
140,141,154,2020-06-21,0.0,1.0,1.0,0
141,142,155,2020-06-22,0.0,1.0,1.0,0
142,143,156,2020-06-23,0.0,1.0,1.0,0
143,144,157,2020-06-24,0.0,1.0,1.0,0
144,145,158,2020-06-25,0.0,1.0,1.0,0
145,146,159,2020-06-26,0.0,1.0,1.0,0
146,147,160,2020-06-27,0.0,1.0,1.0,0
147,148,161,2020-06-28,0.0,1.0,1.0,0
148,149,162,2020-06-29,0.0,1.0,1.0,0
149,150,163,2020-06-30,0.0,1.0,1.0,0
150,151,164,2020-07-01,0.0,1.0,1.0,0
151,152,165,2020-07-02,0.0,1.0,1.0,0
152,153,166,2020-07-03,0.0,1.0,1.0,0
153,154,167,2020-07-04,0.0,1.0,1.0,0
154,155,168,2020-07-05,0.0,1.0,1.0,0
155,156,169,2020-07-06,0.0,1.0,1.0,0
156,157,170,2020-07-07,0.0,1.0,1.0,0
157,158,171,2020-07-08,0.0,1.0,1.0,0
158,159,172,2020-07-09,0.0,1.0,1.0,0
159,160,173,2020-07-10,0.0,1.0,1.0,0
160,161,174,2020-07-11,0.0,1.0,1.0,0
161,162,175,2020-07-12,0.0,1.0,1.0,0
162,163,176,2020-07-13,0.0,1.0,1.0,0
163,164,177,2020-07-14,0.0,1.0,1.0,0
164,165,178,2020-07-15,0.0,1.0,1.0,0
165,166,179,2020-07-16,0.0,1.0,1.0,0
166,167,180,2020-07-17,0.0,1.0,1.0,0
167,168,181,2020-07-18,0.0,1.0,1.0,0
168,169,182,2020-07-19,0.0,1.0,1.0,0
169,170,183,2020-07-20,0.0,1.0,1.0,0
170,171,184,2020-07-21,0.0,1.0,1.0,0
171,172,185,2020-07-22,0.0,1.0,1.0,0
172,173,186,2020-07-23,0.0,1.0,1.0,0
173,174,187,2020-07-24,0.0,1.0,1.0,0
174,175,188,2020-07-25,0.0,1.0,1.0,0
175,176,189,2020-07-26,0.0,1.0,1.0,0
176,177,190,2020-07-27,0.0,1.0,1.0,0
177,178,191,2020-07-28,0.0,1.0,1.0,0
178,179,192,2020-07-29,0.0,1.0,1.0,0
179,180,193,2020-07-30,0.0,1.0,1.0,0
180,181,194,2020-07-31,0.0,1.0,1.0,0
181,182,195,2020-08-01,0.0,1.0,1.0,0
182,183,196,2020-08-02,0.0,1.0,1.0,0
183,184,197,2020-08-03,0.0,1.0,1.0,0
184,185,198,2020-08-04,0.0,1.0,1.0,0
185,186,199,2020-08-05,0.0,1.0,1.0,0
186,187,200,2020-08-06,0.0,1.0,1.0,0
187,188,201,2020-08-07,0.0,1.0,1.0,0
188,189,202,2020-08-08,0.0,1.0,1.0,0
189,190,203,2020-08-09,0.0,1.0,1.0,0
190,191,204,2020-08-10,0.0,1.0,1.0,0
191,192,205,2020-08-11,0.0,1.0,1.0,0
192,193,206,2020-08-12,0.0,1.0,1.0,0
193,194,207,2020-08-13,0.0,1.0,1.0,0
194,195,208,2020-08-14,0.0,1.0,1.0,0
195,196,209,2020-08-15,0.0,1.0,1.0,0
196,197,210,2020-08-16,0.0,1.0,1.0,0
197,198,211,2020-08-17,0.0,1.0,1.0,0
198,199,212,2020-08-18,0.0,1.0,1.0,0
199,200,213,2020-08-19,0.0,1.0,1.0,0
200,201,214,2020-08-20,0.0,1.0,1.0,0
201,202,215,2020-08-21,0.0,1.0,1.0,0
202,203,216,2020-08-22,0.0,1.0,1.0,0
203,204,217,2020-08-23,0.0,1.0,1.0,0
204,205,218,2020-08-24,0.0,1.0,1.0,0
205,206,219,2020-08-25,0.0,1.0,1.0,0
206,207,220,2020-08-26,0.0,1.0,1.0,0
207,208,221,2020-08-27,0.0,1.0,1.0,0
208,209,222,2020-08-28,0.0,1.0,1.0,0
209,210,223,2020-08-29,0.0,1.0,1.0,0
210,211,224,2020-08-30,0.0,1.0,1.0,0
211,212,225,2020-08-31,0.0,1.0,1.0,0
212,213,226,2020-09-01,0.0,1.0,1.0,0
213,214,227,2020-09-02,0.0,1.0,1.0,0
214,215,228,2020-09-03,0.0,1.0,1.0,0
215,216,229,2020-09-04,0.0,1.0,1.0,0
216,217,230,2020-09-05,0.0,1.0,1.0,0
217,218,231,2020-09-06,0.0,1.0,1.0,0
218,219,232,2020-09-07,0.0,1.0,1.0,0
219,220,233,2020-09-08,0.0,1.0,1.0,0
220,221,234,2020-09-09,0.0,1.0,1.0,0
221,222,235,2020-09-10,0.0,1.0,1.0,0
222,223,236,2020-09-11,0.0,1.0,1.0,0
223,224,237,2020-09-12,0.0,1.0,1.0,0
224,225,238,2020-09-13,0.0,1.0,1.0,0
225,226,239,2020-09-14,0.0,1.0,1.0,0
226,227,240,2020-09-15,0.0,1.0,1.0,0
227,228,241,2020-09-16,0.0,1.0,1.0,0
228,229,242,2020-09-17,0.0,1.0,1.0,0
229,230,243,2020-09-18,0.0,1.0,1.0,0
230,231,244,2020-09-19,0.0,1.0,1.0,0
231,232,245,2020-09-20,0.0,1.0,1.0,0
232,233,246,2020-09-21,0.0,1.0,1.0,0
233,234,247,2020-09-22,0.0,1.0,1.0,0
234,235,248,2020-09-23,0.0,1.0,1.0,0
235,236,249,2020-09-24,0.0,1.0,1.0,0
236,237,250,2020-09-25,0.0,1.0,1.0,0
237,238,251,2020-09-26,0.0,1.0,1.0,0
238,239,252,2020-09-27,0.0,1.0,1.0,0
239,240,253,2020-09-28,0.0,1.0,1.0,0
240,241,254,2020-09-29,0.0,1.0,1.0,0
241,242,255,2020-09-30,0.0,1.0,1.0,0
242,243,256,2020-10-01,0.0,1.0,1.0,0
243,244,257,2020-10-02,0.0,1.0,1.0,0
244,245,258,2020-10-03,0.0,1.0,1.0,0
245,246,259,2020-10-04,0.0,1.0,1.0,0
246,247,260,2020-10-05,0.0,1.0,1.0,0
247,248,261,2020-10-06,0.0,1.0,1.0,0
248,249,262,2020-10-07,0.0,1.0,1.0,0
249,250,263,2020-10-08,0.0,1.0,1.0,0
250,251,264,2020-10-09,0.0,1.0,1.0,0
251,252,265,2020-10-10,0.0,1.0,1.0,0
252,253,266,2020-10-11,0.0,1.0,1.0,0
253,254,267,2020-10-12,0.0,1.0,1.0,0
254,255,268,2020-10-13,0.0,1.0,1.0,0
255,256,269,2020-10-14,0.0,1.0,1.0,0
256,257,270,2020-10-15,0.0,1.0,1.0,0
257,258,271,2020-10-16,0.0,1.0,1.0,0
258,259,272,2020-10-17,0.0,1.0,1.0,0
259,260,273,2020-10-18,0.0,1.0,1.0,0
260,261,274,2020-10-19,0.0,1.0,1.0,0
261,262,275,2020-10-20,0.0,1.0,1.0,0
262,263,276,2020-10-21,0.0,1.0,1.0,0
263,264,277,2020-10-22,0.0,1.0,1.0,0
264,265,278,2020-10-23,0.0,1.0,1.0,0
265,266,279,2020-10-24,0.0,1.0,1.0,0
266,267,280,2020-10-25,0.0,1.0,1.0,0
267,268,281,2020-10-26,0.0,1.0,1.0,0
268,269,282,2020-10-27,0.0,1.0,1.0,0
269,270,283,2020-10-28,0.0,1.0,1.0,0
270,271,284,2020-10-29,0.0,1.0,1.0,0
271,272,285,2020-10-30,0.0,1.0,1.0,0
272,273,286,2020-10-31,0.0,1.0,1.0,0
273,274,287,2020-11-01,0.0,1.0,1.0,0
274,275,288,2020-11-02,0.0,1.0,1.0,0
275,276,289,2020-11-03,0.0,1.0,1.0,0
276,277,290,2020-11-04,0.0,1.0,1.0,0
277,278,291,2020-11-05,0.0,1.0,1.0,0
278,279,292,2020-11-06,0.0,1.0,1.0,0
279,280,293,2020-11-07,0.0,1.0,1.0,0
280,281,294,2020-11-08,0.0,1.0,1.0,0
281,282,295,2020-11-09,0.0,1.0,1.0,0
282,283,296,2020-11-10,0.0,1.0,1.0,0
283,284,297,2020-11-11,0.0,1.0,1.0,0
284,285,298,2020-11-12,0.0,1.0,1.0,0
285,286,299,2020-11-13,0.0,1.0,1.0,0
286,287,300,2020-11-14,0.0,1.0,1.0,0
287,288,301,2020-11-15,0.0,1.0,1.0,0
288,289,302,2020-11-16,0.0,1.0,1.0,0
289,290,303,2020-11-17,0.0,1.0,1.0,0
290,291,304,2020-11-18,0.0,1.0,1.0,0
291,292,305,2020-11-19,0.0,1.0,1.0,0
292,293,306,2020-11-20,0.0,1.0,1.0,0
293,294,307,2020-11-21,0.0,1.0,1.0,0
294,295,308,2020-11-22,0.0,1.0,1.0,0
295,296,309,2020-11-23,0.0,1.0,1.0,0
296,297,310,2020-11-24,0.0,1.0,1.0,0
297,298,311,2020-11-25,0.0,1.0,1.0,0
298,299,312,2020-11-26,0.0,1.0,1.0,0
299,300,313,2020-11-27,0.0,1.0,1.0,0
300,301,314,2020-11-28,0.0,1.0,1.0,0
301,302,315,2020-11-29,0.0,1.0,1.0,0
302,303,316,2020-11-30,0.0,1.0,1.0,0
303,304,317,2020-12-01,0.0,1.0,1.0,0
304,305,318,2020-12-02,0.0,1.0,1.0,0
305,306,319,2020-12-03,0.0,1.0,1.0,0
306,307,320,2020-12-04,0.0,1.0,1.0,0
307,308,321,2020-12-05,0.0,1.0,1.0,0
308,309,322,2020-12-06,0.0,1.0,1.0,0
309,310,323,2020-12-07,0.0,1.0,1.0,0
310,311,324,2020-12-08,0.0,1.0,1.0,0
311,312,325,2020-12-09,0.0,1.0,1.0,0
312,313,326,2020-12-10,0.0,1.0,1.0,0
313,314,327,2020-12-11,0.0,1.0,1.0,0
314,315,328,2020-12-12,0.0,1.0,1.0,0
315,316,329,2020-12-13,0.0,1.0,1.0,0
316,317,330,2020-12-14,0.0,1.0,1.0,0
317,318,331,2020-12-15,0.0,1.0,1.0,0
318,319,332,2020-12-16,0.0,1.0,1.0,0
319,320,333,2020-12-17,0.0,1.0,1.0,0
320,321,334,2020-12-18,0.0,1.0,1.0,0
321,322,335,2020-12-19,0.0,1.0,1.0,0
322,323,336,2020-12-20,0.0,1.0,1.0,0
323,324,337,2020-12-21,0.0,1.0,1.0,0
324,325,338,2020-12-22,0.0,1.0,1.0,0
325,326,339,2020-12-23,0.0,1.0,1.0,0
326,327,340,2020-12-24,-0.2742766646820599,0.10886430106296381,1.0,0
327,328,341,2020-12-25,-0.5004165805649856,0.021326876225916565,1.0,0
328,329,342,2020-12-26,-0.4169376589471284,0.06501308857828471,1.0,0
329,330,343,2020-12-27,-0.3334587373292712,0.15139502386621106,1.0,0
330,331,344,2020-12-28,-0.24997981571141406,0.2919129989557475,1.0,0
331,332,345,2020-12-29,-0.16650089409355684,0.4886437602798266,1.0,0
332,333,346,2020-12-30,-0.08302197247569967,0.7319211659562599,1.0,0
333,334,347,2020-12-31,0.00045694914215755017,0.9984994467409742,1.0,0
334,335,348,2021-01-01,0.08393587076001471,0.7290708168130404,1.0,0
335,336,349,2021-01-02,0.1674147923778719,0.4862097105701422,1.0,0
336,337,350,2021-01-03,0.2508937139957291,0.2900637059174578,1.0,0
337,338,351,2021-01-04,0.3343726356135863,0.1501701077507794,1.0,0
338,339,352,2021-01-05,0.4178515572314435,0.06433066535904415,1.0,0
339,340,353,2021-01-06,0.5013304788493008,0.02102708899345405,1.0,0
340,341,354,2021-01-07,0.2683363258340119,0.10886430106296369,1.0,0
341,342,355,2021-01-08,0.0,1.0,1.0,0
342,343,356,2021-01-09,0.0,1.0,1.0,0
343,344,357,2021-01-10,0.0,1.0,1.0,0
344,345,358,2021-01-11,0.0,1.0,1.0,0
345,346,359,2021-01-12,0.0,1.0,1.0,0
346,347,360,2021-01-13,0.0,1.0,1.0,0
347,348,361,2021-01-14,-0.18876458741267385,0.10886430106296381,1.0,0
348,349,362,2021-01-15,-0.32254302103257765,0.022733234550336497,1.0,0
349,350,363,2021-01-16,-0.4180376537585499,0.005484516956298832,1.0,0
350,351,364,2021-01-17,-0.48158863425828075,0.0016653774559202742,0.9609227920659982,0
351,352,365,2021-01-18,-0.5167561397366451,0.0007530466440037664,0.448062753182241,0
352,353,366,2021-01-19,-0.5259014474730951,0.000598441538050647,0.35786803975428694,0
353,354,367,2021-01-20,-0.5107455147600386,0.0008791204647083639,0.5212475066575895,0
354,355,368,2021-01-21,-0.4726213647777575,0.0021409411507377187,1.0,0
355,356,369,2021-01-22,-0.412606499858046,0.007138709778254454,1.0,0
356,357,370,2021-01-23,-0.33159976154527726,0.027384201778363242,1.0,0
357,358,371,2021-01-24,-0.23036932869197874,0.10727014094753073,1.0,0
358,359,372,2021-01-25,-0.1095843597109627,0.39576829291625026,1.0,0
359,360,373,2021-01-26,0.03016328764850078,0.770657804788236,1.0,0
360,361,374,2021-01-27,0.18831856740880723,2.2760502370154972e-06,0.0015044692066672437,1
361,362,375,2021-01-28,0.1464080831041375,7.251953436109263e-08,4.989343964043173e-05,1
362,363,376,2021-01-29,0.12221797017261661,1.0879549952083231e-08,7.637444066362429e-06,1
363,364,377,2021-01-30,0.10414604808493463,6.523024147074597e-09,4.631347144422964e-06,1
364,365,378,2021-01-31,0.08862008166649223,1.794445863308808e-08,1.252523212589548e-05,1
365,366,379,2021-02-01,0.07424313962107669,1.4866635021922816e-07,0.0001013904508495136,1
366,367,380,2021-02-02,0.06058646877710725,1.8767810774860146e-06,0.0012461826354507137,1
367,368,381,2021-02-03,0.04768021017168748,2.32977158014827e-05,0.014910538112948929,1
368,369,382,2021-02-04,0.03574468577246914,0.00024001403844914923,0.14880870383847253,0
369,370,383,2021-02-05,0.02505596353295388,0.0019826561079937864,1.0,0
370,371,384,2021-02-06,0.0158855208912178,0.013339859368777124,1.0,0
371,372,385,2021-02-07,0.00847641521430343,0.07499705414256076,1.0,0
372,373,386,2021-02-08,0.003035652807950677,0.34945689771683186,1.0,0
373,374,387,2021-02-09,-0.00026715619709688363,0.8991000007982173,1.0,0
374,375,388,2021-02-10,-0.0013271362051919169,0.4438350467408927,1.0,0
375,376,389,2021-02-11,-0.00026725465688777787,0.8922354001067181,1.0,0
376,377,390,2021-02-12,0.002364687957874346,0.29328515233098384,1.0,0
377,378,391,2021-02-13,0.005770603786830489,0.017569149052712046,1.0,0
378,379,392,2021-02-14,0.009208254812383743,0.0002895166292252108,0.17834224360272985,0
379,380,393,2021-02-15,0.012170067564915111,2.293613361069588e-06,0.001513784818305928,1
380,381,394,2021-02-16,0.014383847843322688,1.0755531355262066e-08,7.561138542749232e-06,1
381,382,395,2021-02-17,0.015726629756976335,2.99007985578847e-11,2.242559891841352e-08,1
382,383,396,2021-02-18,0.01614814024213129,8.556927193970074e-13,6.665846284102688e-10,1
383,384,397,2021-02-19,0.015677455535869383,4.117935791500778e-11,3.0802159720425815e-08,1
384,385,398,2021-02-20,0.014426291934113504,8.179344174148304e-09,5.7746169869487025e-06,1
385,386,399,2021-02-21,0.012561524306602014,6.056576076312073e-07,0.0004070019123281713,1
386,387,400,2021-02-22,0.010268949380566045,2.090068090863049e-05,0.013418237143340775,1
387,388,401,2021-02-23,0.007727970153953405,0.000462909429322084,0.27913438588121664,0
388,389,402,2021-02-24,0.005101616197624439,0.008097303437813555,1.0,0
389,390,403,2021-02-25,0.0025360718845308396,0.1155765907749498,1.0,0
390,391,404,2021-02-26,0.00015916638724624101,0.9042246730196655,1.0,0
391,392,405,2021-02-27,-0.0019258355808796752,0.08826350420764578,1.0,0
392,393,406,2021-02-28,-0.003658728279785926,0.0004266102116640157,0.25937900869172154,0
393,394,407,2021-03-01,-0.005102296280182134,4.949832399721934e-07,0.00033361870374125835,-1
394,395,408,2021-03-02,-0.00489553424986118,4.83219860899263e-06,0.003174754486108158,-1
395,396,409,2021-03-03,-0.004289863878101647,0.00015608309792887804,0.09817626859726429,0
396,397,410,2021-03-04,-0.003433321224284617,0.0025609679292333916,1.0,0
397,398,411,2021-03-05,-0.009455694587346146,0.027800884794299124,1.0,0
398,399,412,2021-03-06,-0.015548331169742568,0.00831801541027158,1.0,0
399,400,413,2021-03-07,-0.0215123196581696,0.0020884820911992075,1.0,0
400,401,414,2021-03-08,-0.02724572509853619,0.00046058345773944545,0.27819240847462506,0
401,402,415,2021-03-09,-0.0326504221361322,8.887571535867728e-05,0.05634720353740139,0
402,403,416,2021-03-10,-0.037627883121774064,1.492805819297808e-05,0.00964352559266384,-1
403,404,417,2021-03-11,-0.042078356000504955,2.2078636858598748e-06,0.001463813623725097,-1
404,405,418,2021-03-12,-0.04589717964440861,3.0414176421502055e-07,0.00020651225790199894,-1
405,406,419,2021-03-13,-0.04896992212316299,4.525142964176495e-08,3.1313989312101346e-05,-1
406,407,420,2021-03-14,-0.05120056111542777,9.460842864643643e-09,6.660433376709125e-06,-1
407,408,421,2021-03-15,-0.05260470969794464,3.4264116621862933e-09,2.4567371617875722e-06,-1
408,409,422,2021-03-16,-0.05154164360783476,4.625174346073617e-09,3.3023744830965624e-06,-1
409,410,423,2021-03-17,-0.04887488000937274,2.7290468804945092e-09,1.9594556601950574e-06,-1
410,411,424,2021-03-18,-0.044464011256793196,1.646410756304788e-15,1.3319463018505736e-12,-1
411,412,425,2021-03-19,-0.04623382787636161,6.435871680678699e-15,5.187312574627031e-12,-1
412,413,426,2021-03-20,-0.04841024855289883,2.043157883322313e-14,1.6304399908912058e-11,-1
413,414,427,2021-03-21,-0.051012269197541094,9.313179896498384e-14,7.357412118233724e-11,-1
414,415,428,2021-03-22,-0.05432537890245222,8.215946025513134e-13,6.408437899900244e-10,-1
415,416,429,2021-03-23,-0.059279831512342396,3.2606736912441615e-11,2.442244594741877e-08,-1
416,417,430,2021-03-24,-0.06837882353551183,8.154544680159035e-09,5.765263088872438e-06,-1
417,418,431,2021-03-25,-0.08309920668143043,3.4065298063716844e-07,0.00023028141491072588,-1
418,419,432,2021-03-26,-0.09968728884543439,6.097048114313698e-07,0.0004091119284704491,-1
419,420,433,2021-03-27,-0.11642014213612868,3.108341806128379e-07,0.0002107455744555041,-1
420,421,434,2021-03-28,-0.13304287240613774,8.711327544108015e-08,5.9759706952580984e-05,-1
421,422,435,2021-03-29,-0.14954282024581353,1.6125528882157825e-08,1.1287870217510477e-05,-1
422,423,436,2021-03-30,-0.16621392663783865,2.1543892349908816e-09,1.5511602491934348e-06,-1
423,424,437,2021-03-31,-0.18388015366168267,2.568086971179836e-10,1.8875439238171796e-07,-1
424,425,438,2021-04-01,-0.2045127448000581,6.947345094573641e-11,5.168824750362789e-08,-1
425,426,439,2021-04-02,-0.23364136961363946,5.385655610371553e-10,3.931528595571234e-07,-1
426,427,440,2021-04-03,-0.30964344226523555,4.109096770474787e-06,0.0027037856749724098,-1
427,428,441,2021-04-04,-0.08758612395725623,0.5542882496248756,1.0,0
428,429,442,2021-04-05,0.11175633981084793,0.538689728189309,1.0,0
429,430,443,2021-04-06,0.28668947626889235,0.15227303515124685,1.0,0
430,431,444,2021-04-07,0.4333468842378882,0.039002137689468884,1.0,0
431,432,445,2021-04-08,0.548114588395966,0.010507946589447837,1.0,0
432,433,446,2021-04-09,0.6326756915565587,0.003290189880952105,1.0,0
433,434,447,2021-04-10,0.6872413625460568,0.0013808853981305959,0.799532645517615,0
434,435,448,2021-04-11,0.7106749867290637,0.000920370596741398,0.5430186520774248,0
435,436,449,2021-04-12,0.7014854365252593,0.0010789762336688934,0.6344380253973093,0
436,437,450,2021-04-13,0.657669200049229,0.0021556213934481247,1.0,0
437,438,451,2021-04-14,0.5763345627823331,0.006398912935933061,1.0,0
438,439,452,2021-04-15,0.4527818657705415,0.024293382028291385,1.0,0
439,440,453,2021-04-16,0.27728378233123707,0.10886430106296369,1.0,0
440,441,454,2021-04-17,0.0,1.0,1.0,0
441,442,455,2021-04-18,0.0,1.0,1.0,0
442,443,456,2021-04-19,0.0,1.0,1.0,0
443,444,457,2021-04-20,0.0,1.0,1.0,0
444,445,458,2021-04-21,0.0,1.0,1.0,0
445,446,459,2021-04-22,0.0,1.0,1.0,0
446,447,460,2021-04-23,0.0,1.0,1.0,0
447,448,461,2021-04-24,0.0,1.0,1.0,0
448,449,462,2021-04-25,0.0,1.0,1.0,0
449,450,463,2021-04-26,0.0,1.0,1.0,0
450,451,464,2021-04-27,0.0,1.0,1.0,0
451,452,465,2021-04-28,0.0,1.0,1.0,0
452,453,466,2021-04-29,0.0,1.0,1.0,0
453,454,467,2021-04-30,0.0,1.0,1.0,0
454,455,468,2021-05-01,0.0,1.0,1.0,0
455,456,469,2021-05-02,0.0,1.0,1.0,0
456,457,470,2021-05-03,0.0,1.0,1.0,0
457,458,471,2021-05-04,0.0,1.0,1.0,0
458,459,472,2021-05-05,0.0,1.0,1.0,0
459,460,473,2021-05-06,0.0,1.0,1.0,0
460,461,474,2021-05-07,0.0,1.0,1.0,0
461,462,475,2021-05-08,0.0,1.0,1.0,0
462,463,476,2021-05-09,0.0,1.0,1.0,0
463,464,477,2021-05-10,0.0,1.0,1.0,0
464,465,478,2021-05-11,0.0,1.0,1.0,0
465,466,479,2021-05-12,0.0,1.0,1.0,0
466,467,480,2021-05-13,0.0,1.0,1.0,0
467,468,481,2021-05-14,0.0,1.0,1.0,0
468,469,482,2021-05-15,0.0,1.0,1.0,0
469,470,483,2021-05-16,0.0,1.0,1.0,0
470,471,484,2021-05-17,0.0,1.0,1.0,0
471,472,485,2021-05-18,0.0,1.0,1.0,0
472,473,486,2021-05-19,0.0,1.0,1.0,0
473,474,487,2021-05-20,0.0,1.0,1.0,0
474,475,488,2021-05-21,0.0,1.0,1.0,0
475,476,489,2021-05-22,0.0,1.0,1.0,0
476,477,490,2021-05-23,0.0,1.0,1.0,0
477,478,491,2021-05-24,0.0,1.0,1.0,0
478,479,492,2021-05-25,0.0,1.0,1.0,0
479,480,493,2021-05-26,0.0,1.0,1.0,0
480,481,494,2021-05-27,0.0,1.0,1.0,0
481,482,495,2021-05-28,0.0,1.0,1.0,0
482,483,496,2021-05-29,0.0,1.0,1.0,0
483,484,497,2021-05-30,0.0,1.0,1.0,0
484,485,498,2021-05-31,0.0,1.0,1.0,0
485,486,499,2021-06-01,0.0,1.0,1.0,0
486,487,500,2021-06-02,0.0,1.0,1.0,0
487,488,501,2021-06-03,0.0,1.0,1.0,0
488,489,502,2021-06-04,0.0,1.0,1.0,0
489,490,503,2021-06-05,0.0,1.0,1.0,0
490,491,504,2021-06-06,0.0,1.0,1.0,0
491,492,505,2021-06-07,0.0,1.0,1.0,0
492,493,506,2021-06-08,0.0,1.0,1.0,0
493,494,507,2021-06-09,0.0,1.0,1.0,0
494,495,508,2021-06-10,0.0,1.0,1.0,0
495,496,509,2021-06-11,0.0,1.0,1.0,0
496,497,510,2021-06-12,0.0,1.0,1.0,0
497,498,511,2021-06-13,-0.25695337248124134,0.10886430106296381,1.0,0
498,499,512,2021-06-14,-0.4511762033577863,0.02203834025525647,1.0,0
499,500,513,2021-06-15,-0.5979243506501597,0.004900498296303131,1.0,0
500,501,514,2021-06-16,-0.7035112575502768,0.001262597703044791,0.7360944608751132,0
501,502,515,2021-06-17,-0.7716949808579872,0.0004340914464244688,0.26349350797965254,0
502,503,516,2021-06-18,-0.8048521519102246,0.00023906790707470832,0.14846117029339387,0
503,504,517,2021-06-19,-0.8042535233768789,0.00024179671830475133,0.14967216863064106,0
504,505,518,2021-06-20,-0.7703306000808133,0.0004475793657722747,0.27123309565799847,0
505,506,519,2021-06-21,-0.7029990232614756,0.001316156718675073,0.7646870535502174,0
506,507,520,2021-06-22,-0.602041910809476,0.005106187682039271,1.0,0
507,508,521,2021-06-23,-0.4674402809181728,0.02252895580536879,1.0,0
508,509,522,2021-06-24,-0.2994825845186588,0.1039334077528936,1.0,0
509,510,523,2021-06-25,-0.09876989910566035,0.4929777079533515,1.0,0
510,511,524,2021-06-26,0.13385278013803173,1.3362483565824014e-05,0.008645526867088136,1
511,512,525,2021-06-27,0.10096186509198464,4.956130877517941e-08,3.424686436364897e-05,1
512,513,526,2021-06-28,0.08543343135850852,4.530628996585277e-11,3.383785087396505e-08,1
513,514,527,2021-06-29,0.07673027209470215,4.738568354210471e-13,3.705560452992588e-10,1
514,515,528,2021-06-30,0.07098911274482715,1.2957237478343124e-11,9.795671533627402e-09,1
515,516,529,2021-07-01,0.06591292695077264,9.719530007199762e-10,7.056378785227027e-07,1
516,517,530,2021-07-02,0.05996233722552481,4.1501213870917715e-08,2.8760341212545976e-05,1
517,518,531,2021-07-03,0.052365996795898664,1.0663935738309583e-06,0.0007112845137452492,1
518,519,532,2021-07-04,0.043119131651065706,1.7296275169359356e-05,0.011156097484236785,1
519,520,533,2021-07-05,0.032851810310277396,0.00019839677068295698,0.12379958490616515,0
520,521,534,2021-07-06,0.02247751510550192,0.001960284962918014,1.0,0
521,522,535,2021-07-07,0.012850371531461138,0.02077173325058695,1.0,0
522,523,536,2021-07-08,0.004598343177577875,0.25108413582487915,1.0,0
523,524,537,2021-07-09,-0.0019656162594308886,0.5025548543857437,1.0,0
524,525,538,2021-07-10,-0.006861585610260391,0.005692220146526088,1.0,0
525,526,539,2021-07-11,-0.010359380344943155,1.0739544257149824e-05,0.006980703767147386,-1
526,527,540,2021-07-12,-0.012818405077179037,1.9077890179757466e-08,1.3297289455290953e-05,-1
527,528,541,2021-07-13,-0.014543764517415219,2.891706858239771e-11,2.171671850538068e-08,-1
528,529,542,2021-07-14,-0.015744839721066318,3.517883184862851e-14,2.7967171319659663e-11,-1
529,530,543,2021-07-15,-0.016609604831021738,3.0901927356284193e-16,2.5370482359509323e-13,-1
530,531,544,2021-07-16,-0.01735411577886039,6.705489784174462e-16,5.471679663886362e-13,-1
531,532,545,2021-07-17,-0.018178097365551656,1.8862207969244552e-14,1.5089766375395643e-11,-1
532,533,546,2021-07-18,-0.019177610173763234,2.862136720657067e-13,2.2467773257157974e-10,-1
533,534,547,2021-07-19,-0.02030487938505994,1.2531728181256994e-12,9.724621068655426e-10,-1
534,535,548,2021-07-20,-0.021464644508681185,1.7315144275415075e-12,1.3384606524895853e-09,-1
535,536,549,2021-07-21,-0.022576558001945447,9.25278372990135e-13,7.19866574186325e-10,-1
536,537,550,2021-07-22,-0.023591063859095752,2.2069968929923704e-13,1.734699557892003e-10,-1
537,538,551,2021-07-23,-0.024482344624713676,2.4245101991002103e-14,1.9323346286828677e-11,-1
538,539,552,2021-07-24,-0.02523689354533651,1.1233322177730084e-15,9.121457608316828e-13,-1
539,540,553,2021-07-25,-0.025845344258329888,1.8330209308699963e-17,1.523240393552967e-14,-1
540,541,554,2021-07-26,-0.026300991146101366,1.0609838949977743e-19,8.954704073781215e-17,-1
541,542,555,2021-07-27,-0.026608668177407688,1.0960954237350349e-21,9.338733010222498e-19,-1
542,543,556,2021-07-28,-0.026798215883958063,6.208736583035277e-22,5.308469778495163e-19,-1
543,544,557,2021-07-29,-0.026936907331399633,4.9827622975709564e-21,4.2403307152328835e-18,-1
544,545,558,2021-07-30,-0.027131778052903954,1.4645613113894688e-19,1.2316960628785431e-16,-1
545,546,559,2021-07-31,-0.027502765387573465,7.446107723929663e-18,6.2100538417573384e-15,-1
546,547,560,2021-08-01,-0.028127845862118257,1.7448498021742108e-16,1.4377562369915496e-13,-1
547,548,561,2021-08-02,-0.02901351091732692,1.4032740836592136e-15,1.136652007763963e-12,-1
548,549,562,2021-08-03,-0.030117834551264506,5.141940816902895e-15,4.149546239240636e-12,-1
549,550,563,2021-08-04,-0.031387862909301366,1.1425987621083232e-14,9.186494047350918e-12,-1
550,551,564,2021-08-05,-0.032777643969597675,1.7705571422915226e-14,1.4182162709755095e-11,-1
551,552,565,2021-08-06,-0.03424606034045743,1.9677475935359943e-14,1.5722303272352596e-11,-1
552,553,566,2021-08-07,-0.03575011372733744,1.5256646268841083e-14,1.223583030761055e-11,-1
553,554,567,2021-08-08,-0.037241967167772845,7.897531979425857e-15,6.357513243437815e-12,-1
554,555,568,2021-08-09,-0.038670993710755816,2.6197617444190606e-15,2.116767489490601e-12,-1
555,556,569,2021-08-10,-0.03998524399663976,5.285980589220368e-16,4.3239321219822607e-13,-1
556,557,570,2021-08-11,-0.04114476760885184,6.191993864115426e-17,5.1145869317593413e-14,-1
557,558,571,2021-08-12,-0.04214175503262145,4.305131184985564e-18,3.594784539462946e-15,-1
558,559,572,2021-08-13,-0.04301924493498453,2.3910169497940146e-19,2.0084542378269723e-16,-1
559,560,573,2021-08-14,-0.04388878351919146,4.7051995146580215e-20,3.980598789400686e-17,-1
560,561,574,2021-08-15,-0.044946626185393274,7.351888106259933e-19,6.160882233045825e-16,-1
561,562,575,2021-08-16,-0.046468922611263966,2.489818200807609e-16,2.0466305610638544e-13,-1
562,563,576,2021-08-17,-0.04876830578439967,6.542877650724888e-14,5.181959099374112e-11,-1
563,564,577,2021-08-18,-0.052111645557961744,4.800637706936841e-12,3.6676872080997465e-09,-1
564,565,578,2021-08-19,-0.05663505371694255,9.026721049896714e-11,6.697827019023361e-08,-1
565,566,579,2021-08-20,-0.06232196836032202,5.199115934549137e-10,3.805752864089968e-07,-1
566,567,580,2021-08-21,-0.06902995570521911,1.151538487410663e-09,8.3371386488532e-07,-1
567,568,581,2021-08-22,-0.07653856356137378,1.1920073376051072e-09,8.618213050884925e-07,-1
568,569,582,2021-08-23,-0.08459488388077387,6.635202306491591e-10,4.83706248143237e-07,-1
569,570,583,2021-08-24,-0.09293238672151401,2.1799640771149172e-10,1.606633524833694e-07,-1
570,571,584,2021-08-25,-0.10129107438932232,4.52983278098595e-11,3.383785087396505e-08,-1
571,572,585,2021-08-26,-0.10945022686707503,6.4736611472467156e-12,4.939403455349244e-09,-1
572,573,586,2021-08-27,-0.11726853527431873,7.569758105812507e-13,5.911981080639568e-10,-1
573,574,587,2021-08-28,-0.12473594962543011,1.0716651847607038e-13,8.455438307761954e-11,-1
574,575,588,2021-08-29,-0.13204272291629726,3.589595958676861e-14,2.8501391911894276e-11,-1
575,576,589,2021-08-30,-0.13965313984427788,5.115437014068613e-14,4.05654155215641e-11,-1
576,577,590,2021-08-31,-0.14837906723057248,2.918158090394872e-13,2.2878359428695795e-10,-1
577,578,591,2021-09-01,-0.15949650163286969,4.088772384455224e-12,3.1279108741082464e-09,-1
578,579,592,2021-09-02,-0.1751131281317586,9.977388181221683e-11,7.393244642285267e-08,-1
579,580,593,2021-09-03,-0.19967222490343509,4.3736000632255814e-09,3.1271240452062906e-06,-1
580,581,594,2021-09-04,-0.25048512611976986,9.983819910561035e-07,0.0006679175520165333,-1
581,582,595,2021-09-05,0.07196181327640745,0.7204052356616979,1.0,0
582,583,596,2021-09-06,0.3522871439514983,0.16848237611119762,1.0,0
583,584,597,2021-09-07,0.5897744402226778,0.03823608762653921,1.0,0
584,585,598,2021-09-08,0.7836608532184485,0.00873720142724214,1.0,0
585,586,599,2021-09-09,0.9331161749967585,0.002169743934223039,1.0,0
586,587,600,2021-09-10,1.0372149979929302,0.0006752099799319614,0.402425148039449,0
587,588,601,2021-09-11,1.0948968217396693,0.0003215965502601573,0.1974602818597366,0
588,589,602,2021-09-12,1.1049056533071149,0.0002806902857983816,0.17318590633760145,0
589,590,603,2021-09-13,1.0656939854643293,0.00046717060161522925,0.281236702172368,0
590,591,604,2021-09-14,0.9752589304057848,0.0013006264388110208,0.7569645873880141,0
591,592,605,2021-09-15,0.8308301566892042,0.004960647144533167,1.0,0
592,593,606,2021-09-16,0.6281641700434737,0.022144224747042238,1.0,0
593,594,607,2021-09-17,0.3594028145048919,0.10886430106296381,1.0,0
594,595,608,2021-09-18,0.0,1.0,1.0,0
595,596,609,2021-09-19,0.0,1.0,1.0,0
596,597,610,2021-09-20,0.0,1.0,1.0,0
597,598,611,2021-09-21,0.0,1.0,1.0,0
598,599,612,2021-09-22,0.0,1.0,1.0,0
599,600,613,2021-09-23,0.0,1.0,1.0,0
600,601,614,2021-09-24,0.0,1.0,1.0,0
601,602,615,2021-09-25,0.0,1.0,1.0,0
602,603,616,2021-09-26,0.0,1.0,1.0,0
603,604,617,2021-09-27,0.0,1.0,1.0,0
604,605,618,2021-09-28,0.0,1.0,1.0,0
605,606,619,2021-09-29,0.0,1.0,1.0,0
606,607,620,2021-09-30,0.0,1.0,1.0,0
607,608,621,2021-10-01,0.0,1.0,1.0,0
608,609,622,2021-10-02,0.0,1.0,1.0,0
609,610,623,2021-10-03,0.0,1.0,1.0,0
610,611,624,2021-10-04,0.0,1.0,1.0,0
611,612,625,2021-10-05,0.0,1.0,1.0,0
612,613,626,2021-10-06,0.0,1.0,1.0,0
613,614,627,2021-10-07,0.0,1.0,1.0,0
614,615,628,2021-10-08,0.0,1.0,1.0,0
615,616,629,2021-10-09,0.0,1.0,1.0,0
616,617,630,2021-10-10,0.0,1.0,1.0,0
617,618,631,2021-10-11,0.0,1.0,1.0,0
618,619,632,2021-10-12,0.0,1.0,1.0,0
619,620,633,2021-10-13,0.0,1.0,1.0,0
620,621,634,2021-10-14,0.0,1.0,1.0,0
621,622,635,2021-10-15,0.0,1.0,1.0,0
622,623,636,2021-10-16,0.0,1.0,1.0,0
623,624,637,2021-10-17,0.0,1.0,1.0,0
624,625,638,2021-10-18,0.0,1.0,1.0,0
625,626,639,2021-10-19,0.0,1.0,1.0,0
626,627,640,2021-10-20,0.0,1.0,1.0,0
627,628,641,2021-10-21,0.0,1.0,1.0,0
628,629,642,2021-10-22,0.0,1.0,1.0,0
629,630,643,2021-10-23,0.0,1.0,1.0,0
630,631,644,2021-10-24,0.0,1.0,1.0,0
631,632,645,2021-10-25,0.0,1.0,1.0,0
632,633,646,2021-10-26,0.0,1.0,1.0,0
633,634,647,2021-10-27,0.0,1.0,1.0,0
634,635,648,2021-10-28,0.0,1.0,1.0,0
635,636,649,2021-10-29,0.0,1.0,1.0,0
636,637,650,2021-10-30,0.0,1.0,1.0,0
637,638,651,2021-10-31,0.0,1.0,1.0,0
638,639,652,2021-11-01,0.0,1.0,1.0,0
639,640,653,2021-11-02,0.0,1.0,1.0,0
640,641,654,2021-11-03,0.0,1.0,1.0,0
641,642,655,2021-11-04,0.0,1.0,1.0,0
642,643,656,2021-11-05,0.0,1.0,1.0,0
643,644,657,2021-11-06,0.0,1.0,1.0,0
644,645,658,2021-11-07,0.0,1.0,1.0,0
645,646,659,2021-11-08,0.0,1.0,1.0,0
646,647,660,2021-11-09,0.0,1.0,1.0,0
647,648,661,2021-11-10,0.0,1.0,1.0,0
648,649,662,2021-11-11,0.0,1.0,1.0,0
649,650,663,2021-11-12,0.0,1.0,1.0,0
650,651,664,2021-11-13,0.0,1.0,1.0,0
651,652,665,2021-11-14,0.0,1.0,1.0,0
652,653,666,2021-11-15,0.0,1.0,1.0,0
653,654,667,2021-11-16,0.0,1.0,1.0,0
654,655,668,2021-11-17,0.0,1.0,1.0,0
655,656,669,2021-11-18,0.0,1.0,1.0,0
656,657,670,2021-11-19,0.0,1.0,1.0,0
657,658,671,2021-11-20,0.0,1.0,1.0,0
658,659,672,2021-11-21,0.0,1.0,1.0,0
659,660,673,2021-11-22,0.0,1.0,1.0,0
660,661,674,2021-11-23,0.0,1.0,1.0,0
661,662,675,2021-11-24,0.0,1.0,1.0,0
662,663,676,2021-11-25,0.0,1.0,1.0,0
663,664,677,2021-11-26,0.0,1.0,1.0,0
664,665,678,2021-11-27,0.0,1.0,1.0,0
665,666,679,2021-11-28,0.0,1.0,1.0,0
666,667,680,2021-11-29,0.0,1.0,1.0,0
667,668,681,2021-11-30,0.0,1.0,1.0,0
668,669,682,2021-12-01,0.0,1.0,1.0,0
669,670,683,2021-12-02,-0.4074291042667123,0.10886430106296381,1.0,0
670,671,684,2021-12-03,-0.730057199111324,0.021625101155699832,1.0,0
671,672,685,2021-12-04,-0.9801190619068998,0.004610698596186122,1.0,0
672,673,686,2021-12-05,-1.1631337145017149,0.0011106735265942575,0.6519653601108292,0
673,674,687,2021-12-06,-1.2824735839470867,0.0003527801759207751,0.21590146766351437,0
674,675,688,2021-12-07,-1.340524613689158,0.00018381311285891702,0.11506700864968206,0
675,676,689,2021-12-08,-1.3391302833725365,0.0001869082714615777,0.11681766966348606,0
676,677,690,2021-12-09,-1.2798004768927587,0.00036929901601563144,0.22527239976953517,0
677,678,691,2021-12-10,-1.1638229872201402,0.0011844666594503868,0.6939008317373326,0
678,679,692,2021-12-11,-0.9923284744488591,0.004940914216672208,1.0,0
679,680,693,2021-12-12,-0.7663307307395668,0.02281679381327575,1.0,0
680,681,694,2021-12-13,-0.48675282738047226,0.10759913072416838,1.0,0
681,682,695,2021-12-14,-0.1544447403800034,0.5132500339771986,1.0,0
682,683,696,2021-12-15,0.22980392714081488,3.3897073629882144e-08,2.355846617276809e-05,1
683,684,697,2021-12-16,0.19514338983436857,8.7189739177279e-10,6.338694038188183e-07,1
684,685,698,2021-12-17,0.17382987816702614,7.524867887859299e-11,5.590976840679459e-08,1
685,686,699,2021-12-18,0.15840113264636702,1.266481998640623e-11,9.587268729709517e-09,1
686,687,700,2021-12-19,0.14619949781406288,3.5770178107021754e-12,2.7435726608085684e-09,1
687,688,701,2021-12-20,0.13591462919215616,1.6480895913913733e-12,1.275621343736923e-09,1
688,689,702,2021-12-21,0.12680778991765104,1.2277679323865653e-12,9.539756834643613e-10,1
689,690,703,2021-12-22,0.11844350629524705,1.4014253422029436e-12,1.0861046402072813e-09,1
690,691,704,2021-12-23,0.11057174017863465,2.1805177717053938e-12,1.6789986842131533e-09,1
691,692,705,2021-12-24,0.1030661315463062,3.964819850246963e-12,3.0370520052891738e-09,1
692,693,706,2021-12-25,0.0958865808405973,7.218669413628142e-12,5.493407423771016e-09,1
693,694,707,2021-12-26,0.08905318963268963,1.1487796704961206e-11,8.719237699065555e-09,1
694,695,708,2021-12-27,0.08262510446559797,1.4220870342213103e-11,1.0736757108370893e-08,1
695,696,709,2021-12-28,0.0766818824169748,1.2330066447857658e-11,9.346190367476105e-09,1
696,697,710,2021-12-29,0.07130877744398564,6.756538599314585e-12,5.148482412677714e-09,1
697,698,711,2021-12-30,0.06658753794806585,2.1052084782104366e-12,1.6231157367002466e-09,1
698,699,712,2021-12-31,0.06259564668812226,3.4291787116330433e-13,2.685046931208673e-10,1
699,700,713,2022-01-01,0.05938450569717424,2.8705638730740797e-14,2.2849688429669675e-11,1
700,701,714,2022-01-02,0.056931037757879645,1.1763457018937534e-15,9.54016364235834e-13,1
701,702,715,2022-01-03,0.055165290702417984,2.1065074778679078e-17,1.7484012066303635e-14,1
702,703,716,2022-01-04,0.053995437177093,1.3354446659727648e-19,1.124444408749068e-16,1
703,704,717,2022-01-05,0.053322070877814924,2.433938150986632e-22,2.0883189335465304e-19,1
704,705,718,2022-01-06,0.05304651877643325,6.9550842140226855e-25,6.0091927609156e-22,1
705,706,719,2022-01-07,0.05307558506015042,1.5061730769783662e-24,1.29982736543233e-21,1
706,707,720,2022-01-08,0.05332441467264386,4.629264986110165e-23,3.9811678880547415e-20,1
707,708,721,2022-01-09,0.05371774449623312,4.325692856521341e-22,3.702793085182268e-19,1
708,709,722,2022-01-10,0.05418859148782943,1.0860089479171364e-21,9.263656325733173e-19,1
709,710,723,2022-01-11,0.05467413083611537,8.156792955926206e-22,6.96590118436098e-19,1
710,711,724,2022-01-12,0.05511177352962529,1.7606444115152698e-22,1.5123935494916167e-19,1
711,712,725,2022-01-13,0.055438876343678944,1.0538083487064781e-23,9.073289882362776e-21,1
712,713,726,2022-01-14,0.0555984683448592,5.340249519031819e-25,4.619315833962524e-22,1
713,714,727,2022-01-15,0.05554370561403739,2.1624793528465933e-24,1.8640572021537633e-21,1
714,715,728,2022-01-16,0.05524182018369925,2.911868180969492e-22,2.4954710310908543e-19,1
715,716,729,2022-01-17,0.054679094760396556,2.372197510842514e-20,2.0092512916836094e-17,1
716,717,730,2022-01-18,0.05386140537731759,6.692374539460745e-19,5.614902238607565e-16,1
717,718,731,2022-01-19,0.05281135119163684,8.050793035779522e-18,6.698259805768562e-15,1
718,719,732,2022-01-20,0.05156371629292415,5.063225085485755e-17,4.1872871456967196e-14,1
719,720,733,2022-01-21,0.05016260779766779,1.9033485948793532e-16,1.5664558935857075e-13,1
720,721,734,2022-01-22,0.04865836746478083,4.636790573784314e-16,3.797531479929353e-13,1
721,722,735,2022-01-23,0.04710408804590598,7.657125423166665e-16,6.232900094457665e-13,1
722,723,736,2022-01-24,0.045552141360535314,8.748602011251931e-16,7.112613435147819e-13,1
723,724,737,2022-01-25,0.044050774828438416,6.947448466385019e-16,5.66217050010379e-13,1
724,725,738,2022-01-26,0.04264091994462153,3.8249185094686027e-16,3.1364331777642545e-13,1
725,726,739,2022-01-27,0.041353860013124286,1.4592862257949242e-16,1.2039111362808123e-13,1
726,727,740,2022-01-28,0.040209698405104154,3.902516344349196e-17,3.231283533121134e-14,1
727,728,741,2022-01-29,0.03921523616949173,7.502993465631016e-18,6.249993556870637e-15,1
728,729,742,2022-01-30,0.038363453572546134,1.0828730532328407e-18,9.052818725026548e-16,1
729,730,743,2022-01-31,0.03763667052236874,1.3241606447709516e-19,1.116267423541912e-16,1
730,731,744,2022-02-01,0.03700796626906922,1.8749568943536412e-20,1.5899634464118878e-17,1
731,732,745,2022-02-02,0.03644115536354073,5.702727482579393e-21,4.8473183601924835e-18,1
732,733,746,2022-02-03,0.03589048810378086,7.530068448215852e-21,6.393028112535258e-18,1
733,734,747,2022-02-04,0.035303346611468375,4.864315859189495e-20,4.1103469010151236e-17,1
734,735,748,2022-02-05,0.03462401925138597,8.567614248029779e-19,7.171093125600925e-16,1
735,736,749,2022-02-06,0.03379797314807957,2.1820341964484276e-17,1.8089063488557465e-14,1
736,737,750,2022-02-07,0.032776590128397544,5.571539191342749e-16,4.551947519327026e-13,1
737,738,751,2022-02-08,0.031522002346489775,1.2090027577383175e-14,9.70829214463869e-12,1
738,739,752,2022-02-09,0.030011687956602452,2.0830616889178454e-13,1.6393695491783443e-10,1
739,740,753,2022-02-10,0.028242867873412805,2.770640767967961e-12,2.1306227505673622e-09,1
740,741,754,2022-02-11,0.026235901635694524,2.8067403680505822e-11,2.1134754971420885e-08,1
741,742,755,2022-02-12,0.024033749518470263,2.1545505860082385e-10,1.59005833247408e-07,1
742,743,756,2022-02-13,0.021690495461448408,1.2848966532171874e-09,9.264104869695921e-07,1
743,744,757,2022-02-14,0.019242623108139473,6.669466058647388e-09,4.721981969522351e-06,1
744,745,758,2022-02-15,0.015975667962749705,4.2970052702233054e-07,0.00029004785574007313,1
745,746,759,2022-02-16,0.006509859919019132,0.2047817059129353,1.0,0
746,747,760,2022-02-17,-0.034660195970309594,0.1545292158763667,1.0,0
747,748,761,2022-02-18,0.1982578053653643,0.18519018852319108,1.0,0
748,749,762,2022-02-19,0.39634412157007376,0.038778315132872415,1.0,0
749,750,763,2022-02-20,0.5596366440576999,0.008626982133126196,1.0,0
750,751,764,2022-02-21,0.6881520754676912,0.002042626405554014,1.0,0
751,752,765,2022-02-22,0.7818884269018175,0.0005653721167371735,0.33865789792556694,0
752,753,766,2022-02-23,0.8408295819534737,0.00021640359159086543,0.1346030339695183,0
753,754,767,2022-02-24,0.8649517041212913,0.00013950209300983915,0.08788631859619866,0
754,755,768,2022-02-25,0.8542304004594511,0.00017023695761468721,0.10673857242440889,0
755,756,769,2022-02-26,0.8086456641301003,0.0003730214337832812,0.22717005317401823,0
756,757,770,2022-02-27,0.7281756833660352,0.001226094085189531,0.7160389457506862,0
757,758,771,2022-02-28,0.6127688471194926,0.005006355308505442,1.0,0
758,759,772,2022-03-01,0.4614947745487863,0.022496542710250866,1.0,0
759,760,773,2022-03-02,0.2677821706353033,0.108864301062964,1.0,0
760,761,774,2022-03-03,0.0,1.0,1.0,0
761,762,775,2022-03-04,0.0,1.0,1.0,0
762,763,776,2022-03-05,0.0,1.0,1.0,0
763,764,777,2022-03-06,0.0,1.0,1.0,0
764,765,778,2022-03-07,0.0,1.0,1.0,0
765,766,779,2022-03-08,0.0,1.0,1.0,0
766,767,780,2022-03-09,0.0,1.0,1.0,0
767,768,781,2022-03-10,0.0,1.0,1.0,0
768,769,782,2022-03-11,0.0,1.0,1.0,0
769,770,783,2022-03-12,0.0,1.0,1.0,0
770,771,784,2022-03-13,0.0,1.0,1.0,0
771,772,785,2022-03-14,0.0,1.0,1.0,0
772,773,786,2022-03-15,0.0,1.0,1.0,0
773,774,787,2022-03-16,0.0,1.0,1.0,0
774,775,788,2022-03-17,0.0,1.0,1.0,0
775,776,789,2022-03-18,0.0,1.0,1.0,0
776,777,790,2022-03-19,0.0,1.0,1.0,0
777,778,791,2022-03-20,0.0,1.0,1.0,0
778,779,792,2022-03-21,0.0,1.0,1.0,0
779,780,793,2022-03-22,0.0,1.0,1.0,0
780,781,794,2022-03-23,0.0,1.0,1.0,0
781,782,795,2022-03-24,0.0,1.0,1.0,0
782,783,796,2022-03-25,0.0,1.0,1.0,0
783,784,797,2022-03-26,0.0,1.0,1.0,0
784,785,798,2022-03-27,0.0,1.0,1.0,0
785,786,799,2022-03-28,0.0,1.0,1.0,0
786,787,800,2022-03-29,0.0,1.0,1.0,0
787,788,801,2022-03-30,0.0,1.0,1.0,0
788,789,802,2022-03-31,0.0,1.0,1.0,0
789,790,803,2022-04-01,0.0,1.0,1.0,0
790,791,804,2022-04-02,0.0,1.0,1.0,0
791,792,805,2022-04-03,0.0,1.0,1.0,0
792,793,806,2022-04-04,0.0,1.0,1.0,0
793,794,807,2022-04-05,0.0,1.0,1.0,0
794,795,808,2022-04-06,0.0,1.0,1.0,0
795,796,809,2022-04-07,0.0,1.0,1.0,0
796,797,810,2022-04-08,0.0,1.0,1.0,0
797,798,811,2022-04-09,0.0,1.0,1.0,0
798,799,812,2022-04-10,0.0,1.0,1.0,0
799,800,813,2022-04-11,0.0,1.0,1.0,0
800,801,814,2022-04-12,0.0,1.0,1.0,0
801,802,815,2022-04-13,0.0,1.0,1.0,0
802,803,816,2022-04-14,0.0,1.0,1.0,0
803,804,817,2022-04-15,0.0,1.0,1.0,0
804,805,818,2022-04-16,0.0,1.0,1.0,0
805,806,819,2022-04-17,0.0,1.0,1.0,0
806,807,820,2022-04-18,0.0,1.0,1.0,0
807,808,821,2022-04-19,0.0,1.0,1.0,0
808,809,822,2022-04-20,0.0,1.0,1.0,0
809,810,823,2022-04-21,0.0,1.0,1.0,0
810,811,824,2022-04-22,0.0,1.0,1.0,0
811,812,825,2022-04-23,-0.1570755051717086,0.10886430106296381,1.0,0
812,813,826,2022-04-24,-0.27676539528422406,0.021961357196565414,1.0,0
813,814,827,2022-04-25,-0.36532030302851093,0.004936848902551849,1.0,0
814,815,828,2022-04-26,-0.42629300399158393,0.0013404857925039182,0.7774817596522725,0
815,816,829,2022-04-27,-0.4620589693223001,0.0005254652644730222,0.3152791586838133,0
816,817,830,2022-04-28,-0.4743595173822776,0.00036418867167228137,0.22251927839176391,0
817,818,831,2022-04-29,-0.46454894863490304,0.0004920398708547306,0.2957159623836931,0
818,819,832,2022-04-30,-0.43372483075081425,0.0011841311121797485,0.6939008317373326,0
819,820,833,2022-05-01,-0.38280393188560385,0.004123733945462344,1.0,0
820,821,834,2022-05-02,-0.3125698355174927,0.017025078349890307,1.0,0
821,822,835,2022-05-03,-0.22370451266029834,0.07286850052077215,1.0,0
822,823,836,2022-05-04,-0.11681019995902696,0.29831672290540295,1.0,0
823,824,837,2022-05-05,0.007574888929972494,0.9323078650576777,1.0,0
824,825,838,2022-05-06,0.14896494272753738,5.825339676668314e-08,4.019484376901137e-05,1
825,826,839,2022-05-07,0.12567677438946295,6.099295476954047e-09,4.336599084114327e-06,1
826,827,840,2022-05-08,0.10963446097028816,1.0481144264850725e-09,7.598829592016775e-07,1
827,828,841,2022-05-09,0.09763231451841767,2.410723647479913e-10,1.7742926045452162e-07,1
828,829,842,2022-05-10,0.08820736655042,6.754965184667557e-11,5.0324490625773296e-08,1
829,830,843,2022-05-11,0.08056038187179358,2.1877505503878796e-11,1.649563914992461e-08,1
830,831,844,2022-05-12,0.07420587416084393,7.924513752443826e-12,6.0226304518573076e-09,1
831,832,845,2022-05-13,0.06882720208115219,3.139708934495919e-12,2.4112964616928657e-09,1
832,833,846,2022-05-14,0.07188653120881505,3.403303403149849e-10,2.4980246979119895e-07,1
833,834,847,2022-05-15,0.07313575169151242,4.912696375901153e-10,3.601006443535545e-07,1
834,835,848,2022-05-16,0.07270085712190899,5.263868118390875e-10,3.84788759454373e-07,1
835,836,849,2022-05-17,0.07072391856920363,1.273756946419733e-09,9.196525153150472e-07,1
836,837,850,2022-05-18,0.06735594676743577,8.221498358323603e-09,5.79615634261814e-06,1
837,838,851,2022-05-19,0.06275240575894708,8.868301532105659e-08,6.074786549492376e-05,1
838,839,852,2022-05-20,0.05707033931144666,1.0274426112288007e-06,0.0006863316643008389,1
839,840,853,2022-05-21,0.050466509737930286,1.0434083889903593e-05,0.006792588612327239,1
840,841,854,2022-05-22,0.043096188677626435,8.801640134337621e-05,0.05589041485304389,0
841,842,855,2022-05-23,0.035112376454458874,0.0006214303237613792,0.3709939032855434,0
842,843,856,2022-05-24,0.026665307804392684,0.00378241409858263,1.0,0
843,844,857,2022-05-25,0.017902151351432895,0.020681441545980075,1.0,0
844,845,858,2022-05-26,0.008966841325870004,0.10886430106296392,1.0,0
845,846,859,2022-05-27,0.0,1.0,1.0,0
846,847,860,2022-05-28,0.0,1.0,1.0,0
847,848,861,2022-05-29,0.0,1.0,1.0,0
848,849,862,2022-05-30,0.0,1.0,1.0,0
849,850,863,2022-05-31,0.0,1.0,1.0,0
850,851,864,2022-06-01,0.0,1.0,1.0,0
851,852,865,2022-06-02,0.0,1.0,1.0,0
852,853,866,2022-06-03,0.0,1.0,1.0,0
853,854,867,2022-06-04,0.0,1.0,1.0,0
854,855,868,2022-06-05,0.0,1.0,1.0,0
855,856,869,2022-06-06,0.0,1.0,1.0,0
856,857,870,2022-06-07,0.0,1.0,1.0,0
857,858,871,2022-06-08,0.0,1.0,1.0,0
858,859,872,2022-06-09,0.0,1.0,1.0,0
859,860,873,2022-06-10,0.0,1.0,1.0,0
860,861,874,2022-06-11,0.0,1.0,1.0,0
861,862,875,2022-06-12,0.0,1.0,1.0,0
862,863,876,2022-06-13,0.0,1.0,1.0,0
863,864,877,2022-06-14,0.0,1.0,1.0,0
864,865,878,2022-06-15,0.0,1.0,1.0,0
